Не сдал(-а);Посещение до Контрольная работа 1;Баллы до Контрольная работа 1;Количество баллов до Контрольная работа 1;Корень дисперсии баллов до Контрольная работа 1;Доставленные баллы на Контрольная работа 1;Контрольная работа 1;Присутствие на Контрольная работа 1;Посещение до Контрольная работа 2;Баллы до Контрольная работа 2;Количество баллов до Контрольная работа 2;Корень дисперсии баллов до Контрольная работа 2;Доставленные баллы на Контрольная работа 2;Контрольная работа 2;Присутствие на Контрольная работа 2
0;1.0;0.0;0.0;0.0;0.0;15.0;1.0;1.0;0.2;0.09090909090909091;0.504447858679132;0.0;38.0;1.0
1;0.86;0.02;0.1111111111111111;0.22934978137994477;0.0;1.0;1.0;0.7;0.23;0.2727272727272727;0.3862029756731953;0.0;20.0;1.0
1;0.0;0.0;0.0;0.0;0.0;0.0;0.0;0.0;0.0;0.0;0.0;0.0;0.0;0.0
0;0.79;0.24;0.8888888888888888;0.46244411111708383;0.0;29.0;1.0;1.0;0.22;0.4545454545454546;0.4735805384525613;0.0;25.0;1.0
0;0.93;0.0;0.0;0.0;0.0;9.0;1.0;0.5;0.2;0.09090909090909091;0.504447858679132;0.0;35.0;1.0
1;0.93;0.0;0.0;0.0;0.0;17.0;1.0;0.2;0.0;0.0;0.0;0.0;0.0;0.0
1;1.0;0.0;0.0;0.0;0.0;0.0;1.0;0.7;0.0;0.0;0.0;0.0;0.0;0.0
0;1.0;0.0;0.0;0.0;0.0;31.0;1.0;1.0;0.2;0.09090909090909091;0.504447858679132;0.0;17.0;1.0
0;0.79;0.0;0.0;0.5253012111736248;0.0;24.0;1.0;1.0;0.2;0.09090909090909091;0.504447858679132;0.0;42.0;1.0
0;0.79;0.0;0.0;0.0;0.0;32.0;1.0;0.7;0.2;0.09090909090909091;0.504447858679132;0.0;42.0;1.0
1;0.36;0.0;0.0;0.0;0.0;10.0;1.0;0.5;0.24;0.4545454545454546;0.49705628160430404;0.0;3.0;1.0
0;0.93;0.02;0.1111111111111111;0.1313253027934062;0.0;35.0;1.0;1.0;0.2;0.09090909090909091;0.504447858679132;0.0;40.0;1.0
1;0.93;0.0;0.0;0.0;0.0;12.0;1.0;0.8;0.18;0.09090909090909091;0.4540030728112188;0.0;18.0;1.0
0;1.0;0.095;0.4444444444444444;0.2845802443827712;0.0;12.0;1.0;0.9;0.27;0.36363636363636365;0.49723077916334096;0.0;45.0;1.0
1;1.0;0.0;0.0;0.0;0.0;12.0;1.0;1.0;0.165;0.09090909090909091;0.4161694834102839;0.0;30.0;1.0
0;1.0;0.0;0.0;0.0;0.0;14.0;1.0;1.0;0.2;0.09090909090909091;0.504447858679132;0.0;45.0;1.0
1;1.0;0.01;0.1111111111111111;0.0656626513967031;0.0;19.0;1.0;1.0;0.1;0.09090909090909091;0.252223929339566;0.0;24.0;1.0
0;1.0;0.01;0.1111111111111111;0.0656626513967031;0.0;27.0;1.0;1.0;0.18;0.09090909090909091;0.4540030728112188;0.0;20.0;1.0
0;0.93;0.13;0.6666666666666666;0.32123289371334507;0.0;20.0;1.0;1.0;0.205;0.2727272727272727;0.45111176193597907;0.0;29.0;1.0
1;0.21;0.0;0.0;0.0;0.0;0.0;0.0;0.5;0.0;0.0;0.0;0.0;0.0;0.0
1;1.0;0.01;0.1111111111111111;0.0656626513967031;0.0;9.0;1.0;0.8;0.11;0.09090909090909091;0.2774463222735226;0.0;16.0;1.0
0;0.86;0.0;0.0;0.0;0.0;8.0;1.0;1.0;0.33;0.36363636363636365;0.5055358342110928;0.0;20.0;1.0
1;0.0;0.0;0.0;0.0;0.0;0.0;0.0;0.0;0.0;0.0;0.0;0.0;0.0;0.0
1;0.71;0.0;0.0;0.0;0.0;10.0;1.0;0.8;0.18;0.09090909090909091;0.4540030728112188;0.0;18.0;1.0
0;0.43;0.0;0.0;0.0;0.0;10.0;1.0;0.8;0.3;0.2727272727272727;0.5101480154120217;0.0;36.0;1.0
1;0.29;0.0;0.0;0.0;0.0;5.9;1.0;0.8;0.02;0.09090909090909091;0.0504447858679132;0.0;0.0;0.0
0;0.86;0.02;0.1111111111111111;0.1313253027934062;0.0;15.0;1.0;1.0;0.33;0.8181818181818182;0.4859366267136967;0.0;35.0;1.0
0;0.79;0.0;0.0;0.0;0.0;27.0;1.0;0.8;0.2;0.09090909090909091;0.504447858679132;0.0;35.0;1.0
1;0.79;0.0;0.0;0.0;0.0;6.0;1.0;1.0;0.2;0.09090909090909091;0.504447858679132;0.0;26.0;1.0
1;0.86;0.0;0.0;0.0;0.0;6.0;1.0;0.7;0.0;0.0;0.0;0.0;3.0;0.0
0;1.0;0.0;0.0;0.0;0.0;3.0;1.0;0.9;0.215;0.18181818181818182;0.46587001795960453;0.0;40.0;1.0
0;1.0;0.04;0.4444444444444444;0.974377108831883;0.0;34.0;1.0;1.0;0.26;0.5454545454545454;0.4940218641121146;0.0;34.0;0.0
1;0.93;0.02;0.1111111111111111;0.1313253027934062;0.0;0.0;1.0;0.5;0.015;0.09090909090909091;0.037833589400934904;0.0;5.0;1.0
0;0.93;0.01;0.1111111111111111;0.0656626513967031;0.0;27.0;1.0;1.0;0.17;0.09090909090909091;0.4287806798772622;0.0;31.0;1.0
0;0.93;0.1;0.5555555555555556;0.28971048378521236;0.0;5.0;1.0;0.8;0.19;0.18181818181818182;0.4524079478151475;0.0;13.5;1.0
1;0.71;0.005;0.1111111111111111;0.9832968344090106;0.0;9.0;1.0;0.3;0.0;0.0;0.0;0.0;0.0;0.0
1;1.0;0.0;0.0;0.0;0.0;11.0;1.0;0.8;0.19;0.09090909090909091;0.4792254657451755;0.0;5.0;1.0
0;0.86;0.03;0.2222222222222222;0.14285714285714288;0.0;13.0;1.0;1.0;0.2;0.09090909090909091;0.504447858679132;0.0;16.0;1.0
1;1.0;0.0;0.0;0.656626513967031;0.0;21.0;1.0;0.8;0.06;0.09090909090909091;0.15133435760373962;0.0;17.0;1.0
0;0.93;0.17800000000000002;0.7777777777777777;0.403705173614631;0.0;23.0;1.0;0.9;0.308;0.8181818181818182;0.4856056534019424;0.0;28.4;1.0
1;0.79;0.0;0.0;0.0;0.0;5.0;1.0;0.6;0.12;0.09090909090909091;0.30266871520747923;0.0;0.0;0.0
0;0.93;0.04;0.4444444444444444;0.2712643790157379;0.01;35.0;1.0;0.6;0.23;0.36363636363636365;0.4990882902937106;0.0;30.0;0.0
1;0.79;0.0;0.0;0.0;0.0;0.0;0.0;1.0;0.0;0.0;0.0;0.0;0.0;0.0
0;0.57;0.0;0.0;0.0;0.0;34.0;1.0;0.3;0.18;0.09090909090909091;0.4540030728112188;0.0;13.0;1.0
0;0.93;0.01;0.1111111111111111;0.0656626513967031;0.01;30.0;1.0;1.1;0.22;0.18181818181818182;0.45603669137794706;0.0;37.0;0.0
0;0.64;0.02;0.2222222222222222;0.08971226080325133;0.01;23.0;1.0;0.9;0.23;0.36363636363636365;0.4990882902937106;0.0;19.0;0.0
1;0.71;0.02;0.1111111111111111;0.1313253027934062;0.0;5.0;1.0;0.9;0.08;0.09090909090909091;0.2017791434716528;0.0;0.0;0.0
1;0.79;0.0;0.0;0.0;0.0;8.0;1.0;0.9;0.155;0.09090909090909091;0.3909470904763273;0.0;21.0;1.0
1;1.0;0.0;0.0;0.0;0.0;19.0;1.0;1.0;0.15;0.09090909090909091;0.3783358940093491;0.0;8.0;1.0
0;0.86;0.0;0.0;0.0;0.0;8.0;1.0;0.5;0.2;0.09090909090909091;0.504447858679132;0.0;45.0;1.0
0;0.86;0.0;0.0;0.0;0.0;29.0;1.0;0.7;0.2;0.09090909090909091;0.504447858679132;0.0;45.0;1.0
1;1.0;0.01;0.1111111111111111;0.0656626513967031;0.0;21.0;1.0;1.0;0.185;0.09090909090909091;0.4666142692781971;0.0;13.0;1.0
1;0.64;0.0;0.0;0.0;0.0;5.0;1.0;0.8;0.06;0.5454545454545454;0.045629025641915635;0.0;5.0;1.0
0;1.0;0.01;0.1111111111111111;0.0656626513967031;0.0;18.0;1.0;1.0;0.23;0.18181818181818182;0.5032426228673008;0.0;39.5;1.0
0;0.86;0.02;0.1111111111111111;0.1313253027934062;0.0;31.0;1.0;0.8;0.2;0.09090909090909091;0.504447858679132;0.0;33.0;1.0
0;0.86;0.02;0.1111111111111111;0.1313253027934062;0.0;33.0;1.0;1.1;0.19;0.09090909090909091;0.4792254657451755;0.0;45.0;0.0
1;0.93;0.0;0.0;0.0;0.0;14.0;1.0;0.9;0.32;0.36363636363636365;0.5058217546197955;0.0;8.0;1.0
1;0.5;0.0;0.0;0.0;0.0;0.0;1.0;0.1;0.0;0.0;0.0;0.0;0.0;0.0
0;1.0;0.01;0.1111111111111111;0.0656626513967031;0.0;28.0;1.0;1.1;0.2;0.09090909090909091;0.504447858679132;0.0;32.0;0.0
1;0.86;0.01;0.1111111111111111;0.0656626513967031;0.0;10.0;1.0;0.9;0.3;0.36363636363636365;0.501919282061072;0.0;14.0;1.0
0;1.0;0.02;0.1111111111111111;0.1313253027934062;0.0;13.0;1.0;1.1;0.25;0.18181818181818182;0.4569868348304734;0.0;24.0;0.0
1;0.86;0.0;0.0;0.0;0.0;10.0;1.0;0.6;0.0;0.0;0.0;0.0;0.0;0.0
1;0.79;0.0;0.0;0.0;0.0;0.0;1.0;1.1;0.16;0.36363636363636365;0.25359596446283195;0.0;14.0;0.0
0;0.86;0.01;0.1111111111111111;0.0656626513967031;0.0;26.0;1.0;1.1;0.2;0.09090909090909091;0.504447858679132;0.0;32.0;0.0
1;0.0;0.0;0.0;0.0;0.0;0.0;0.0;0.0;0.0;0.0;0.0;0.0;0.0;0.0
0;0.79;0.0;0.0;0.0;0.0;29.0;1.0;0.5;0.195;0.09090909090909091;0.4918366622121537;0.0;38.0;1.0
0;0.93;0.01;0.1111111111111111;0.0656626513967031;0.0;27.0;1.0;1.0;0.23;0.18181818181818182;0.5032426228673008;0.0;43.0;1.0
1;0.29;0.0;0.0;0.0;0.0;1.0;0.0;0.1;0.0;0.0;0.0;0.0;1.0;0.0
0;1.0;0.0;0.0;0.0;0.0;17.0;1.0;0.9;0.19;0.09090909090909091;0.4792254657451755;0.0;28.0;1.0
0;0.64;0.0;0.0;0.0;0.0;9.0;1.0;0.7;0.22;0.18181818181818182;0.502379969888262;0.0;30.0;1.0
1;0.86;0.0;0.0;0.0;0.0;3.0;1.0;0.8;0.185;0.09090909090909091;0.4666142692781971;0.0;33.0;1.0
0;1.0;0.03;0.3333333333333333;0.10587784399937923;0.0;34.0;1.0;1.0;0.22;0.18181818181818182;0.502379969888262;0.0;41.0;1.0
1;0.79;0.0;0.0;0.0;0.0;11.0;1.0;1.0;0.16;0.09090909090909091;0.4035582869433056;0.0;22.0;1.0
0;0.93;0.0;0.0;0.0;0.0;27.0;1.0;0.9;0.2;0.09090909090909091;0.504447858679132;0.0;41.0;1.0
0;1.0;0.01;0.1111111111111111;0.0656626513967031;0.0;22.0;1.0;1.1;0.27;0.7272727272727273;0.4378564090200126;0.0;30.0;0.0
0;1.0;0.095;0.4444444444444444;0.2845802443827712;0.0;9.5;1.0;1.0;0.27;0.36363636363636365;0.49723077916334096;0.0;45.0;1.0
0;0.93;0.02;0.1111111111111111;0.1313253027934062;0.0;35.0;1.0;1.0;0.18;0.09090909090909091;0.4540030728112188;0.0;21.0;1.0
1;0.93;0.0;0.0;0.0;0.0;12.0;1.0;0.7;0.0;0.0;0.0;0.0;6.0;0.0
0;1.0;0.0;0.0;0.0;0.0;26.0;1.0;1.0;0.21;0.18181818181818182;0.45342947425897584;0.0;33.0;1.0
0;0.86;0.0;0.0;0.0;0.0;34.0;1.0;0.9;0.15;0.09090909090909091;0.3783358940093491;0.0;30.0;1.0
1;0.0;0.0;0.0;0.0;0.0;0.0;0.0;-0.1;0.0;0.0;0.0;0.0;0.0;1.0
1;1.0;0.02;0.1111111111111111;0.1313253027934062;0.0;30.0;1.0;1.0;0.17;0.09090909090909091;0.4287806798772622;0.0;0.0;1.0
0;1.0;0.0;0.0;0.0;0.0;30.0;1.0;0.9;0.2;0.09090909090909091;0.504447858679132;0.0;42.0;1.0
0;0.93;0.02;0.1111111111111111;0.1313253027934062;0.0;32.0;1.0;1.0;0.19;0.09090909090909091;0.4792254657451755;0.0;41.0;1.0
0;1.0;0.0;0.0;0.0;0.0;22.0;0.0;0.7;0.2;0.09090909090909091;0.504447858679132;0.0;37.0;1.0
1;0.79;0.0;0.0;0.0;0.0;4.0;1.0;0.6;0.0;0.0;0.0;0.0;0.0;0.0
1;0.5;0.015;0.1111111111111111;0.09849397709505464;0.0;3.0;1.0;0.6;0.13;0.18181818181818182;0.2566562276228786;0.0;15.0;1.0
0;0.79;0.0;0.0;0.0;0.0;30.0;0.0;0.9;0.2;0.09090909090909091;0.504447858679132;0.0;32.0;1.0
1;0.64;0.0;0.0;0.0;0.0;18.0;1.0;1.0;0.08;0.09090909090909091;0.2017791434716528;0.0;6.0;1.0
0;1.0;0.0;0.0;0.0;0.0;35.0;1.0;1.0;0.23;0.36363636363636365;0.4990882902937106;0.0;37.0;1.0
0;0.93;0.0;0.0;0.0;0.0;22.0;1.0;1.0;0.24;0.2727272727272727;0.45780869740946;0.0;30.0;1.0
1;0.57;0.0;0.0;0.0;0.0;7.0;1.0;0.4;0.01;0.09090909090909091;0.0252223929339566;0.0;0.0;0.0
0;0.93;0.02;0.1111111111111111;0.1313253027934062;0.0;34.0;1.0;1.1;0.2;0.09090909090909091;0.504447858679132;0.0;24.0;0.0
0;0.93;0.063;0.3333333333333333;0.22255021943926132;0.0;12.0;1.0;1.0;0.247;0.2727272727272727;0.50181499277134;0.0;33.0;1.0
1;0.57;0.0;0.0;0.0;0.0;20.0;1.0;0.7;0.15;0.09090909090909091;0.3783358940093491;0.0;24.0;1.0
1;0.93;0.0;0.0;0.0;0.0;0.0;1.0;0.6;0.0;0.0;0.0;0.0;2.0;1.0
1;0.14;0.0;0.0;0.0;0.0;0.0;0.0;0.1;0.0;0.0;0.0;0.0;0.0;0.0
1;0.71;0.018000000000000002;0.2222222222222222;0.08130864125222032;0.0;15.0;1.0;0.7;0.1;0.09090909090909091;0.252223929339566;0.0;22.5;1.0
0;0.71;0.019;0.1111111111111111;0.1247590376537359;0.0;4.0;1.0;0.7;0.151;0.36363636363636365;0.2277328269528173;0.0;40.0;1.0
0;1.0;0.0;0.0;0.0;0.0;19.0;1.0;1.1;0.205;0.18181818181818182;0.4409986249100076;0.0;28.0;0.0
0;1.0;0.01;0.1111111111111111;0.0656626513967031;0.0;12.0;1.0;1.1;0.25;0.18181818181818182;0.47192904171627853;0.0;38.0;0.0
1;0.43;0.0;0.0;0.0;0.0;0.0;1.0;0.2;0.02;0.18181818181818182;0.03400986769413478;0.0;0.0;1.0
0;0.57;0.0;0.0;0.0;0.0;17.0;0.0;0.6;0.2;0.09090909090909091;0.504447858679132;0.0;16.0;1.0
1;1.0;0.01;0.1111111111111111;0.5250275455071357;0.0;11.0;1.0;1.1;0.04;0.09090909090909091;0.1008895717358264;0.0;8.0;0.0
0;0.71;0.07;0.2222222222222222;0.34537972071375356;0.0;14.0;1.0;1.0;0.2;0.09090909090909091;0.504447858679132;0.0;21.0;1.0
0;1.0;0.0;0.0;0.0;0.0;6.0;1.0;1.0;0.2;0.09090909090909091;0.504447858679132;0.0;44.0;1.0
0;0.57;0.078;0.4444444444444444;0.243925923756661;0.0;8.0;1.0;0.7;0.213;0.18181818181818182;0.5025290270745115;0.0;23.9;1.0
0;0.71;0.0;0.0;0.0;0.0;24.0;1.0;1.0;0.2;0.09090909090909091;0.504447858679132;0.0;38.0;0.0
0;1.0;0.01;0.1111111111111111;0.0656626513967031;0.0;32.0;1.0;0.9;0.2;0.09090909090909091;0.504447858679132;0.0;40.0;1.0
0;0.86;0.02;0.1111111111111111;0.1313253027934062;0.0;21.0;1.0;0.9;0.28;0.36363636363636365;0.45374822964052913;0.0;33.0;1.0
0;0.79;0.04;0.4444444444444444;0.11746092168471971;0.01;35.0;1.0;1.0;0.25;0.5454545454545454;0.49489908622489703;0.0;35.0;0.0
0;0.71;0.0;0.0;0.0;0.0;29.0;1.0;1.0;0.2;0.09090909090909091;0.504447858679132;0.0;45.0;1.0
0;1.0;0.13299999999999998;0.6666666666666666;0.29555974344130004;0.0;11.0;1.0;1.0;0.257;0.36363636363636365;0.5015383194791428;0.0;26.0;1.0
0;0.93;0.0;0.0;0.0;0.0;29.0;1.0;1.0;0.24;0.2727272727272727;0.4998409324211767;0.0;24.0;1.0
0;1.0;0.0;0.0;0.0;0.0;28.0;1.0;1.0;0.27;0.36363636363636365;0.3652697790004587;0.0;21.0;1.0
1;1.0;0.0;0.0;0.0;0.0;8.0;1.0;1.0;0.25;0.2727272727272727;0.5032426228673009;0.0;8.0;1.0
0;1.0;0.06;0.4444444444444444;0.21175568799875846;0.01;15.0;1.0;1.0;0.25;0.4545454545454546;0.49629941654904763;0.0;45.0;1.0
0;0.64;0.0;0.0;0.0;0.0;18.0;1.0;1.0;0.2;0.09090909090909091;0.504447858679132;0.0;34.0;1.0
1;0.43;0.0;0.0;0.5909638625703278;0.0;0.0;0.0;0.4;0.17;0.18181818181818182;0.31713175841404384;0.0;0.0;0.0
1;0.79;0.0;0.0;0.0;0.0;0.0;1.0;1.0;0.0;0.0;0.0;0.0;0.0;1.0
0;1.0;0.02;0.2222222222222222;0.08971226080325133;0.0;16.0;1.0;0.7;0.12;0.09090909090909091;0.30266871520747923;0.0;21.0;1.0
0;1.0;0.134;0.6666666666666666;0.6649349934836252;0.0;10.0;1.0;0.9;0.257;0.36363636363636365;0.5015383194791428;0.0;26.9;1.0
0;0.79;0.0;0.0;0.0;0.0;26.0;1.0;1.0;0.2;0.09090909090909091;0.504447858679132;0.0;45.0;1.0
0;1.0;0.05;0.5555555555555556;0.12573440482871626;0.0;35.0;1.0;0.9;0.24;0.36363636363636365;0.49845055161267926;0.0;36.0;0.0
0;0.71;0.0;0.0;0.0;0.0;30.0;1.0;0.9;0.2;0.09090909090909091;0.504447858679132;0.0;26.0;1.0
1;0.64;0.0;0.0;0.0;0.0;7.0;1.0;0.4;0.18;0.09090909090909091;0.4540030728112188;0.0;1.0;1.0
0;1.0;0.0;0.0;0.0;0.0;35.0;1.0;1.0;0.2;0.09090909090909091;0.504447858679132;0.0;36.0;1.0
0;0.86;0.045;0.2222222222222222;0.20327160313055082;0.0;35.0;1.0;1.0;0.22;0.18181818181818182;0.502379969888262;0.0;32.0;0.0
1;0.79;0.025;0.2222222222222222;0.11467489068997239;0.0;0.0;1.0;0.3;0.0;0.0;0.0;0.0;3.0;1.0
0;1.0;0.07;0.5555555555555556;0.1910621436657908;0.0;33.0;1.0;1.0;0.27;0.6363636363636364;0.46551297585810403;0.0;33.0;1.0
1;0.86;0.01;0.1111111111111111;0.0656626513967031;0.0;19.0;1.0;0.7;0.0;0.0;0.0;0.0;36.0;0.0
1;0.71;0.0;0.0;0.0;0.0;27.0;1.0;0.9;0.1;0.09090909090909091;0.252223929339566;0.0;17.0;0.0
1;1.0;0.0;0.0;0.0;0.0;4.0;1.0;0.8;0.17;0.09090909090909091;0.4287806798772622;0.0;18.5;1.0
0;0.64;0.0;0.0;0.0;0.0;12.0;1.0;0.9;0.2;0.09090909090909091;0.504447858679132;0.0;32.0;1.0
0;0.86;0.0;0.0;0.0;0.0;29.0;1.0;0.6;0.2;0.09090909090909091;0.504447858679132;0.0;27.0;1.0
1;0.21;0.0;0.0;0.0;0.0;15.0;1.0;0.7;0.0;0.0;0.0;0.0;0.0;0.0
1;1.0;0.0;0.0;0.0;0.0;7.0;1.0;1.0;0.16;0.09090909090909091;0.4035582869433056;0.0;13.0;1.0
0;0.64;0.04;0.1111111111111111;0.2626506055868124;0.0;32.6;1.0;0.8;0.2;0.09090909090909091;0.504447858679132;0.0;4.4;1.0
1;0.79;0.0;0.0;0.0;0.0;0.0;0.0;0.6;0.18;0.09090909090909091;0.4540030728112188;0.0;7.0;1.0
1;0.07;0.0;0.0;0.0;0.0;0.0;0.0;0.5;0.0;0.0;0.0;0.0;0.0;0.0
0;0.93;0.05;0.3333333333333333;0.18494656360238212;0.0;4.0;1.0;0.6;0.113;0.36363636363636365;0.13902300440940366;0.0;40.7;1.0
1;0.21;0.0;0.0;0.0;0.0;0.0;0.0;0.4;0.0;0.0;0.0;0.0;0.0;1.0
0;1.0;0.065;0.3333333333333333;0.2763817880854003;0.0;29.5;1.0;0.9;0.19;0.18181818181818182;0.40377319329755074;0.0;16.0;1.0
0;0.71;0.0;0.0;0.0;0.0;17.0;1.0;0.9;0.19;0.09090909090909091;0.4321588572524033;0.005;39.0;1.0
1;0.64;0.01;0.2222222222222222;0.9815779425281687;0.0;20.0;1.0;1.0;0.15;0.36363636363636365;0.32452257811611646;0.0;18.0;1.0
1;0.86;0.03;0.1111111111111111;0.19698795419010928;0.0;3.0;1.0;0.9;0.0;0.0;0.0;0.0;0.0;1.0
0;1.0;0.02;0.1111111111111111;0.1313253027934062;0.0;28.0;1.0;1.1;0.2;0.09090909090909091;0.504447858679132;0.0;45.0;0.0
0;1.0;0.0;0.0;0.0;0.0;29.0;1.0;0.5;0.2;0.09090909090909091;0.504447858679132;0.0;45.0;1.0
0;1.0;0.19;0.8888888888888888;0.38023910421275825;0.005;18.0;1.0;1.0;0.195;0.7272727272727273;0.3693438748967896;0.0;23.0;1.0
0;0.79;0.02;0.1111111111111111;0.1313253027934062;0.0;34.0;1.0;1.0;0.1;0.09090909090909091;0.252223929339566;0.0;35.0;0.0
1;0.93;0.01;0.1111111111111111;0.0656626513967031;0.0;14.0;1.0;1.1;0.18;0.09090909090909091;0.4540030728112188;0.0;0.0;0.0
0;0.93;0.0;0.0;0.0;0.0;35.0;1.0;1.0;0.2;0.09090909090909091;0.504447858679132;0.0;45.0;1.0
0;0.86;0.02;0.1111111111111111;0.1313253027934062;0.0;29.0;1.0;1.0;0.2;0.09090909090909091;0.504447858679132;0.0;40.0;1.0
0;1.0;0.02;0.1111111111111111;0.1313253027934062;0.0;30.0;1.0;1.0;0.2;0.09090909090909091;0.504447858679132;0.0;40.0;1.0
0;0.93;0.01;0.1111111111111111;0.0656626513967031;0.0;7.0;1.0;1.0;0.34;0.36363636363636365;0.5065073050874904;0.0;20.0;1.0
1;0.5;0.0;0.0;0.0;0.0;14.0;0.0;1.0;0.0;0.0;0.0;0.0;0.0;0.0
1;0.86;0.0;0.0;0.0;0.0;2.0;1.0;0.8;0.16;0.09090909090909091;0.4035582869433056;0.0;16.0;1.0
0;1.0;0.05;0.2222222222222222;0.22934978137994477;0.0;20.3;1.0;1.0;0.23;0.18181818181818182;0.5032426228673008;0.0;28.0;1.0
0;0.71;0.0;0.0;0.0;0.0;23.6;1.0;0.9;0.02;0.09090909090909091;0.0504447858679132;0.0;36.0;0.0
0;0.57;0.0;0.0;0.0;0.0;5.0;1.0;1.0;0.2;0.09090909090909091;0.504447858679132;0.0;36.0;1.0
0;1.0;0.0925;0.4444444444444444;0.27517665286968757;0.0;4.0;1.0;0.9;0.1675;0.36363636363636365;0.26385033121416185;0.0;31.0;1.0
0;0.86;0.0;0.0;0.0;0.0;33.0;1.0;1.0;0.2;0.09090909090909091;0.504447858679132;0.0;11.0;1.0
1;1.0;0.0;0.0;0.0;0.0;15.0;1.0;1.0;0.12;0.09090909090909091;0.30266871520747923;0.0;12.0;1.0
0;0.93;0.02;0.2222222222222222;0.08971226080325133;0.0;21.0;1.0;1.1;0.18;0.18181818181818182;0.4272267543943717;0.0;31.0;0.0
0;1.0;0.17;0.8888888888888888;0.3386563579391886;0.0;35.0;1.0;0.9;0.29;0.7272727272727273;0.43520672411941835;0.0;19.0;1.0
0;0.93;0.035;0.1111111111111111;0.22981927988846085;0.0;33.5;1.0;0.9;0.28;0.2727272727272727;0.4761381477178869;0.0;8.0;0.0
0;1.0;0.0;0.0;0.0;0.0;20.0;1.0;1.0;0.28;0.8181818181818182;0.36376252405312454;0.0;25.0;1.0
0;1.0;0.01;0.1111111111111111;0.3950687701422468;0.0;19.0;1.0;1.1;0.2;0.09090909090909091;0.504447858679132;0.0;30.0;0.0
0;0.93;0.02;0.1111111111111111;0.3759628818529658;0.0;23.0;1.0;0.7;0.2;0.09090909090909091;0.504447858679132;0.0;41.0;1.0
0;0.86;0.0;0.0;0.0;0.0;21.0;1.0;0.8;0.2;0.09090909090909091;0.504447858679132;0.0;35.0;1.0
0;0.5;0.0;0.0;0.0;0.0;18.0;1.0;0.8;0.2;0.18181818181818182;0.4285783134631539;0.0;25.0;1.0
0;0.79;0.0;0.0;0.0;0.0;8.0;1.0;1.0;0.3;0.8181818181818182;0.4864718976232278;0.0;26.0;1.0
1;0.79;0.02;0.1111111111111111;0.1313253027934062;0.0;11.8;1.0;0.9;0.0;0.0;0.0;0.0;0.0;1.0
0;0.79;0.02;0.1111111111111111;0.1313253027934062;0.0;27.0;1.0;1.0;0.17;0.09090909090909091;0.4287806798772622;0.0;45.0;1.0
0;0.86;0.03;0.1111111111111111;0.19698795419010928;0.0;14.0;1.0;1.0;0.3;0.8181818181818182;0.41234773163455773;0.0;37.0;1.0
0;0.86;0.05;0.2222222222222222;0.2664533975195793;0.0;25.6;1.0;0.9;0.2;0.09090909090909091;0.504447858679132;0.0;19.0;1.0
1;1.0;0.0;0.0;0.0;0.0;18.0;1.0;1.0;0.1;0.18181818181818182;0.2261080773552922;0.0;0.0;1.0
0;0.71;0.0;0.0;0.0;0.0;20.0;1.0;0.6;0.27;0.5454545454545454;0.49443142811315;0.0;33.0;1.0
1;0.57;0.0;0.0;0.0;0.0;1.0;0.0;0.0;0.0;0.0;0.0;0.0;0.0;0.0
0;0.93;0.0;0.0;0.0;0.0;35.0;1.0;1.0;0.15;0.09090909090909091;0.3783358940093491;0.0;28.0;0.0
0;0.86;0.0;0.0;0.0;0.0;24.0;1.0;0.9;0.21;0.18181818181818182;0.502782725469095;0.0;32.0;0.0
0;0.93;0.0;0.0;0.0;0.0;32.0;1.0;0.6;0.2;0.09090909090909091;0.504447858679132;0.0;45.0;1.0
0;1.0;0.13299999999999998;0.6666666666666666;0.29555974344130004;0.0;15.0;1.0;1.0;0.25;0.2727272727272727;0.5024697548019937;0.0;23.7;1.0
0;1.0;0.01;0.1111111111111111;0.0656626513967031;0.0;20.0;0.0;1.0;0.4;0.36363636363636365;0.6237821400397792;0.0;12.0;0.0
0;1.0;0.0;0.0;0.0;0.0;25.5;1.0;0.8;0.19;0.09090909090909091;0.4792254657451755;0.0;21.0;1.0
0;1.0;0.085;0.4444444444444444;0.6980035587977184;0.0;6.0;1.0;1.0;0.243;0.36363636363636365;0.4472905341391477;0.0;27.2;1.0
1;0.57;0.0;0.0;0.0;0.0;9.0;1.0;0.9;0.19;0.09090909090909091;0.4792254657451755;0.0;15.0;1.0
1;0.79;0.02;0.2222222222222222;0.08971226080325133;0.0;0.0;0.0;0.6;0.0;0.0;0.0;0.0;0.0;0.0
0;0.93;0.0;0.0;0.0;0.0;15.0;1.0;1.0;0.2;0.09090909090909091;0.504447858679132;0.0;45.0;1.0
0;1.0;0.01;0.1111111111111111;0.0656626513967031;0.0;20.0;1.0;1.1;0.2;0.09090909090909091;0.504447858679132;0.0;16.0;0.0
1;0.71;0.07;0.2222222222222222;0.414940854361882;0.0;11.8;1.0;0.8;0.0;0.0;0.0;0.0;0.0;1.0
0;0.79;0.09300000000000001;0.4444444444444444;0.27450339283159386;0.0;6.0;1.0;1.0;0.239;0.36363636363636365;0.49895791005803763;0.0;22.8;1.0
0;0.57;0.0;0.0;0.0;0.0;20.0;1.0;0.9;0.2;0.09090909090909091;0.504447858679132;0.0;21.0;1.0
0;1.0;0.0;0.0;0.0;0.0;20.0;1.0;1.0;0.2;0.09090909090909091;0.504447858679132;0.0;45.0;1.0
0;1.0;0.01;0.1111111111111111;0.0656626513967031;0.0;18.0;1.0;1.1;0.24;0.18181818181818182;0.4653265842687067;0.0;34.0;0.0
0;0.79;0.08900000000000001;0.4444444444444444;0.26404225014030414;0.0;12.0;1.0;0.9;0.247;0.2727272727272727;0.50181499277134;0.0;23.4;1.0
1;0.43;0.0;0.0;0.0;0.0;0.0;0.0;0.1;0.0;0.0;0.0;0.0;0.0;0.0
1;1.0;0.083;0.5555555555555556;0.23865460784438644;0.0;23.0;1.0;0.6;0.0;0.0;0.0;0.0;4.5;1.0
0;0.86;0.01;0.1111111111111111;0.0656626513967031;0.0;0.0;0.0;0.7;0.35;0.18181818181818182;0.6024164322166505;0.0;25.0;1.0
0;0.93;0.10800000000000001;0.5555555555555556;0.36739803547412997;0.0;5.0;1.0;0.8;0.096;0.18181818181818182;0.20214568172737982;0.0;22.5;1.0
0;1.0;0.01;0.1111111111111111;0.9172424524547617;0.0;19.0;0.0;1.0;0.26;0.18181818181818182;0.5133124552457572;0.0;19.0;0.0
1;0.93;0.0;0.0;0.7222891653637341;0.0;2.0;1.0;0.9;0.0;0.0;0.0;0.0;2.0;1.0
0;0.93;0.09;0.3333333333333333;0.35844831830496804;0.0;23.6;1.0;1.0;0.25;0.18181818181818182;0.4892576869743487;0.0;22.0;1.0
0;0.93;0.0;0.0;0.0;0.0;20.0;1.0;1.0;0.15;0.09090909090909091;0.3783358940093491;0.0;45.0;1.0
1;0.64;0.0;0.0;0.0;0.0;8.0;1.0;1.0;0.2;0.09090909090909091;0.504447858679132;0.0;17.0;1.0
0;1.0;0.03;0.3333333333333333;0.10587784399937923;0.0;33.0;1.0;1.1;0.25;0.5454545454545454;0.49489908622489703;0.0;31.0;0.0
0;0.93;0.02;0.1111111111111111;0.1313253027934062;0.0;27.6;1.0;0.7;0.22;0.18181818181818182;0.502379969888262;0.0;22.0;1.0
0;1.0;0.0;0.0;0.0;0.0;16.0;1.0;0.9;0.36;0.4545454545454546;0.5053642043184495;0.0;24.0;1.0
1;0.86;0.0;0.0;0.0;0.0;11.0;1.0;1.1;0.2;0.09090909090909091;0.504447858679132;0.0;8.0;0.0
1;1.0;0.0;0.0;0.0;0.0;0.0;1.0;0.8;0.0;0.0;0.0;0.0;0.0;1.0
1;0.57;0.0;0.0;0.0;0.0;20.0;1.0;0.5;0.14;0.09090909090909091;0.35311350107539247;0.0;1.0;0.0
1;0.86;0.0;0.0;0.0;0.0;6.0;1.0;0.4;0.15;0.09090909090909091;0.3783358940093491;0.0;8.0;1.0
0;0.79;0.21600000000000003;0.8888888888888888;0.44221086093664047;0.0;15.0;1.0;0.8;0.235;0.5454545454545454;0.4979136391172364;0.0;20.0;1.0
0;0.79;0.02;0.2222222222222222;0.10172414213090172;0.0;23.6;1.0;0.6;0.225;0.2727272727272727;0.5005780014645933;0.0;16.0;1.0
0;0.93;0.0;0.0;0.2954819312851639;0.0;17.0;1.0;0.9;0.2;0.09090909090909091;0.504447858679132;0.0;45.0;1.0
0;0.57;0.0;0.0;0.0;0.0;29.0;1.0;0.8;0.15;0.09090909090909091;0.3783358940093491;0.0;20.0;0.0
1;0.36;0.0;0.0;0.0;0.0;4.0;0.0;0.0;0.0;0.0;0.0;0.0;0.0;0.0
1;0.79;0.075;0.4444444444444444;0.2732439555962861;0.0;18.0;0.0;0.1;0.0;0.0;0.0;0.0;0.0;0.0
1;0.64;0.0;0.0;0.0;0.0;11.8;1.0;1.0;0.17;0.18181818181818182;0.37711100728485153;0.0;16.0;0.0
0;1.0;0.0;0.0;0.0;0.0;11.0;1.0;0.9;0.19;0.09090909090909091;0.4792254657451755;0.0;31.0;1.0
1;0.64;0.0;0.0;0.0;0.0;0.0;0.0;0.5;0.0;0.0;0.0;0.0;0.0;1.0
1;0.0;0.0;0.0;0.0;0.0;0.0;0.0;0.0;0.0;0.0;0.0;0.0;0.0;0.0
0;0.86;0.03;0.2222222222222222;0.16524738220866933;0.0;5.0;1.0;0.5;0.2;0.09090909090909091;0.504447858679132;0.0;33.0;1.0
1;1.0;0.067;0.5555555555555556;0.22981927988846085;0.005;0.0;1.0;0.9;0.17800000000000002;0.2727272727272727;0.40085790828389567;0.0;12.0;1.0
0;1.0;0.02;0.1111111111111111;0.1313253027934062;0.0;17.0;1.0;1.0;0.14;0.36363636363636365;0.24945722120396382;0.0;42.0;1.0
1;1.0;0.0;0.0;0.0;0.0;4.0;0.0;0.9;0.0;0.0;0.0;0.0;4.0;1.0
1;0.86;0.01;0.1111111111111111;0.0656626513967031;0.0;12.0;1.0;0.4;0.0;0.0;0.0;0.0;17.0;1.0
1;0.64;0.01;0.1111111111111111;0.0656626513967031;0.0;0.0;0.0;0.9;0.0;0.0;0.0;0.0;0.0;0.0
0;0.86;0.02;0.2222222222222222;0.08971226080325133;0.01;35.0;1.0;1.0;0.24;0.4545454545454546;0.49705628160430404;0.0;30.0;0.0
0;0.64;0.0;0.0;0.0;0.0;25.0;1.0;0.9;0.15;0.09090909090909091;0.3783358940093491;0.0;24.0;0.0
1;0.79;0.0;0.0;0.0;0.0;3.0;1.0;1.0;0.18;0.18181818181818182;0.3790231532388371;0.0;19.0;1.0
1;0.5;0.02;0.1111111111111111;0.1313253027934062;0.005;6.0;1.0;0.8;0.0;0.0;0.0;0.0;9.0;1.0
1;0.57;0.0;0.0;0.0;0.0;9.0;1.0;0.9;0.0;0.0;0.0;0.0;0.0;0.0
0;0.64;0.0;0.0;0.0;0.0;3.0;1.0;0.9;0.2;0.09090909090909091;0.504447858679132;0.0;38.0;1.0
1;1.0;0.01;0.1111111111111111;0.0656626513967031;0.0;15.0;1.0;1.1;0.2;0.09090909090909091;0.504447858679132;0.0;10.0;0.0
0;1.0;0.0;0.0;0.0;0.0;35.0;1.0;1.0;0.2;0.09090909090909091;0.504447858679132;0.0;40.0;1.0
1;0.36;0.0;0.0;0.0;0.0;7.0;1.0;1.0;0.06;0.09090909090909091;0.15133435760373962;0.0;5.0;1.0
1;0.86;0.02;0.1111111111111111;0.1313253027934062;0.0;5.0;1.0;0.6;0.14;0.09090909090909091;0.35311350107539247;0.0;9.0;1.0
0;1.0;0.04;0.3333333333333333;0.34537972071375356;0.0;30.0;1.0;1.0;0.1;0.36363636363636365;0.15285534413806262;0.0;40.0;1.0
1;0.71;0.0;0.0;0.0;0.0;0.0;1.0;0.7;0.0;0.0;0.0;0.0;0.0;0.0
1;0.71;0.0;0.0;0.0;0.0;7.0;1.0;1.0;0.15;0.18181818181818182;0.3052373783649688;0.0;9.0;1.0
0;1.0;0.105;0.5555555555555556;0.2905773262381525;0.0;23.0;1.0;1.0;0.23;0.36363636363636365;0.5001301085705743;0.0;34.5;1.0
1;0.71;0.0;0.0;0.0;0.0;14.0;1.0;1.0;0.0;0.0;0.0;0.0;11.0;1.0
0;0.86;0.02;0.1111111111111111;0.1313253027934062;0.0;21.0;1.0;1.0;0.21;0.18181818181818182;0.45342947425897584;0.0;36.5;1.0
0;0.93;0.02;0.1111111111111111;0.1313253027934062;0.0;23.6;1.0;1.0;0.2;0.09090909090909091;0.504447858679132;0.0;13.0;1.0
0;0.86;0.01;0.1111111111111111;0.3950687701422468;0.0;27.0;1.0;1.0;0.12;0.09090909090909091;0.30266871520747923;0.0;32.0;1.0
0;0.86;0.0;0.0;0.0;0.0;8.0;1.0;1.0;0.27;0.7272727272727273;0.439438551154297;0.0;37.0;1.0
0;1.0;0.02;0.1111111111111111;0.4068965685236069;0.0;33.0;1.0;1.0;0.2;0.09090909090909091;0.504447858679132;0.0;40.0;1.0
0;1.0;0.0;0.0;0.0;0.0;34.0;1.0;0.9;0.23;0.18181818181818182;0.5032426228673008;0.0;45.0;1.0
0;1.0;0.01;0.1111111111111111;0.0656626513967031;0.0;33.0;1.0;1.0;0.2;0.09090909090909091;0.504447858679132;0.0;43.0;1.0
0;0.86;0.02;0.2222222222222222;0.08971226080325133;0.01;35.0;1.0;1.0;0.23;0.36363636363636365;0.4990882902937106;0.0;34.0;0.0
0;1.0;0.0;0.0;0.0;0.0;11.0;1.0;1.1;0.19;0.18181818181818182;0.3362507993759524;0.0;21.0;0.0
1;0.79;0.0;0.0;0.656626513967031;0.0;16.0;1.0;1.0;0.16;0.09090909090909091;0.4035582869433056;0.0;15.0;1.0
0;0.86;0.02;0.1111111111111111;0.1313253027934062;0.0;35.0;1.0;0.8;0.2;0.09090909090909091;0.504447858679132;0.0;29.0;1.0
1;1.0;0.01;0.1111111111111111;0.0656626513967031;0.0;23.0;1.0;1.1;0.2;0.09090909090909091;0.504447858679132;0.0;0.0;0.0
0;1.0;0.138;0.6666666666666666;0.3513207536101698;0.0;29.0;1.0;1.0;0.17800000000000002;0.36363636363636365;0.37472948236255577;0.0;26.0;1.0
0;0.86;0.0;0.0;0.0;0.0;15.0;1.0;1.0;0.1;0.09090909090909091;0.252223929339566;0.0;21.0;1.0
1;1.0;0.0;0.0;0.9849397709505465;0.0;0.0;0.0;1.0;0.01;0.09090909090909091;0.0252223929339566;0.0;0.0;0.0
1;0.64;0.0;0.0;0.0;0.0;8.0;1.0;0.8;0.18;0.09090909090909091;0.4540030728112188;0.0;27.0;1.0
0;1.0;0.155;0.7777777777777777;0.347350667692825;0.0;17.0;1.0;1.0;0.17800000000000002;0.2727272727272727;0.3755619620595491;0.0;20.0;1.0
1;0.5;0.03;0.1111111111111111;0.19698795419010928;0.0;23.6;1.0;0.7;0.0;0.0;0.0;0.0;0.0;1.0
0;0.57;0.01;0.1111111111111111;0.0656626513967031;0.0;35.0;1.0;0.7;0.1;0.09090909090909091;0.252223929339566;0.0;32.0;1.0
1;0.93;0.065;0.4444444444444444;0.22089082493221718;0.0;15.0;1.0;1.0;0.185;0.18181818181818182;0.42700672198046924;0.0;15.0;1.0
1;0.29;0.0;0.0;0.0;0.0;12.0;1.0;0.6;0.165;0.18181818181818182;0.3420275185334603;0.0;14.0;1.0
1;0.5;0.0;0.0;0.0;0.0;0.0;0.0;0.5;0.0;0.0;0.0;0.0;0.0;0.0
1;1.0;0.02;0.1111111111111111;0.1313253027934062;0.0;8.9;1.0;0.7;0.23;0.18181818181818182;0.5032426228673008;0.0;9.0;1.0
0;1.0;0.0;0.0;0.0;0.0;28.0;1.0;1.0;0.2;0.09090909090909091;0.504447858679132;0.0;43.0;1.0
0;0.93;0.0;0.0;0.0;0.0;30.0;1.0;1.0;0.18;0.09090909090909091;0.4540030728112188;0.0;28.0;0.0
0;1.0;0.02;0.1111111111111111;0.1313253027934062;0.0;34.0;1.0;1.0;0.22;0.18181818181818182;0.502379969888262;0.0;33.0;0.0
0;0.86;0.0;0.0;0.0;0.0;35.0;1.0;0.7;0.23;0.18181818181818182;0.5032426228673008;0.0;45.0;1.0
0;1.0;0.02;0.2222222222222222;0.08971226080325133;0.0;21.0;1.0;1.0;0.11;0.09090909090909091;0.2774463222735226;0.0;33.0;1.0
0;1.0;0.02;0.1111111111111111;0.1313253027934062;0.0;33.0;0.0;1.1;0.2;0.09090909090909091;0.504447858679132;0.0;39.0;0.0
0;0.86;0.0;0.0;0.0;0.0;30.0;1.0;1.0;0.21;0.18181818181818182;0.502782725469095;0.0;22.0;0.0
1;0.71;0.0;0.0;0.2626506055868124;0.0;12.0;1.0;0.5;0.04;0.09090909090909091;0.1008895717358264;0.0;0.0;0.0
0;1.0;0.02;0.1111111111111111;0.6609895288346773;0.0;33.0;1.0;0.9;0.3;0.36363636363636365;0.501919282061072;0.0;44.0;1.0
1;0.79;0.02;0.2222222222222222;0.08971226080325133;0.0;12.0;1.0;0.8;0.0;0.0;0.0;0.0;0.0;0.0
1;0.36;0.0;0.0;0.0;0.0;0.0;0.0;0.3;0.0;0.0;0.0;0.0;0.0;0.0
1;0.71;0.049;0.3333333333333333;0.18829654985415697;0.0;11.0;1.0;0.7;0.11800000000000001;0.18181818181818182;0.25218265295551173;0.0;0.0;0.0
0;1.0;0.03;0.2222222222222222;0.14285714285714288;0.0;28.0;1.0;1.0;0.2;0.18181818181818182;0.4775934893116816;0.0;42.0;1.0
1;0.79;0.0;0.0;0.0;0.0;14.0;1.0;1.1;0.0;0.0;0.0;0.0;0.0;0.0
0;0.93;0.055;0.3333333333333333;0.21827276711105478;0.0;35.0;1.0;0.9;0.21;0.36363636363636365;0.3980026472567878;0.0;22.0;1.0
0;1.0;0.0925;0.4444444444444444;0.27517665286968757;0.0;10.0;1.0;1.0;0.27;0.36363636363636365;0.49723077916334096;0.0;35.0;1.0
1;1.0;0.01;0.1111111111111111;0.0656626513967031;0.0;5.0;1.0;1.1;0.2;0.09090909090909091;0.504447858679132;0.0;16.0;0.0
1;0.93;0.0;0.0;0.0;0.0;6.0;1.0;0.5;0.2;0.09090909090909091;0.504447858679132;0.0;7.0;1.0
0;0.93;0.0;0.0;0.0;0.0;34.0;1.0;1.1;0.2;0.09090909090909091;0.504447858679132;0.0;32.0;0.0
0;0.71;0.02;0.1111111111111111;0.1313253027934062;0.0;24.0;1.0;1.1;0.2;0.09090909090909091;0.504447858679132;0.0;32.0;0.0
1;1.0;0.0;0.0;0.0;0.0;0.0;1.0;1.0;0.135;0.09090909090909091;0.34050230460841413;0.0;10.0;1.0
0;1.0;0.07;0.5555555555555556;0.1910621436657908;0.0;34.0;1.0;1.0;0.27;1.0;0.35368627274312125;0.0;32.0;1.0
1;0.93;0.015;0.1111111111111111;0.09849397709505464;0.0;5.0;1.0;0.4;0.23199999999999998;0.2727272727272727;0.500248044425036;0.0;25.0;1.0
0;0.93;0.0;0.0;0.0;0.0;24.0;1.0;1.0;0.18;0.09090909090909091;0.4540030728112188;0.0;45.0;1.0
1;0.86;0.085;0.5555555555555556;0.6245343191834092;0.0;10.0;1.0;0.7;0.19;0.18181818181818182;0.4524079478151475;0.0;20.0;1.0
1;0.36;0.0;0.0;0.0;0.0;7.0;1.0;0.5;0.18;0.09090909090909091;0.4540030728112188;0.0;23.0;1.0
1;0.0;0.0;0.0;0.0;0.0;0.0;0.0;0.0;0.0;0.0;0.0;0.0;0.0;0.0
1;0.93;0.07;0.1111111111111111;0.4596385597769217;0.0;10.0;1.0;1.0;0.1;0.09090909090909091;0.252223929339566;0.0;0.0;1.0
0;0.71;0.0;0.0;0.0;0.0;18.0;1.0;1.0;0.2;0.09090909090909091;0.504447858679132;0.0;29.0;1.0
0;1.0;0.0;0.0;0.0;0.0;35.0;1.0;0.9;0.2;0.09090909090909091;0.504447858679132;0.0;36.0;1.0
1;1.0;0.02;0.1111111111111111;0.1313253027934062;0.0;30.0;1.0;1.1;0.17;0.09090909090909091;0.4287806798772622;0.0;0.0;0.0
0;0.86;0.02;0.1111111111111111;0.1313253027934062;0.0;17.7;1.0;1.0;0.22;0.18181818181818182;0.47831949959545955;0.0;18.0;1.0
1;0.86;0.0225;0.1111111111111111;0.41144083231227796;0.0;0.0;1.0;1.0;0.233;0.36363636363636365;0.44726467388837304;0.0;0.0;1.0
0;1.0;0.02;0.1111111111111111;0.1313253027934062;0.0;35.0;1.0;1.0;0.2;0.09090909090909091;0.504447858679132;0.0;45.0;1.0
1;0.64;0.03;0.3333333333333333;0.10587784399937923;0.0;5.0;1.0;0.4;0.07;0.2727272727272727;0.126111964669783;0.0;4.0;1.0
0;0.93;0.02;0.1111111111111111;0.22934978137994477;0.0;33.0;0.0;1.0;0.17;0.09090909090909091;0.4287806798772622;0.0;32.0;1.0
0;1.0;0.0;0.0;0.0;0.0;9.0;1.0;1.0;0.16;0.09090909090909091;0.4035582869433056;0.0;36.0;1.0
0;0.86;0.0;0.0;0.0;0.0;20.0;1.0;0.9;0.2;0.09090909090909091;0.504447858679132;0.0;21.0;1.0
0;1.0;0.0;0.0;0.0;0.0;35.0;1.0;0.9;0.2;0.09090909090909091;0.504447858679132;0.0;39.5;1.0
0;0.29;0.0;0.0;0.0;0.0;25.0;0.0;0.4;0.19;0.09090909090909091;0.4792254657451755;0.0;21.0;1.0
1;0.36;0.0;0.0;0.0;0.0;0.0;0.0;-0.1;0.0;0.0;0.0;0.0;0.0;1.0
0;0.64;0.0;0.0;0.0;0.0;17.7;1.0;1.0;0.22;0.18181818181818182;0.502379969888262;0.0;8.0;0.0
0;0.86;0.0;0.0;0.9849397709505465;0.0;31.0;1.0;0.8;0.265;0.2727272727272727;0.5024231377148174;0.0;30.0;1.0
1;1.0;0.0;0.0;0.0;0.0;10.0;1.0;1.1;0.19;0.18181818181818182;0.42715906418490074;0.0;13.0;0.0
0;1.0;0.02;0.1111111111111111;0.4068965685236069;0.0;26.0;1.0;1.0;0.2;0.8181818181818182;0.2869755779866394;0.0;19.0;1.0
0;0.64;0.0;0.0;0.0;0.0;23.6;1.0;1.0;0.23;0.18181818181818182;0.5032426228673008;0.0;13.0;1.0
1;0.43;0.02;0.1111111111111111;0.4068965685236069;0.0;25.6;1.0;0.4;0.14;0.09090909090909091;0.35311350107539247;0.0;16.0;1.0
0;0.79;0.02;0.1111111111111111;0.13322669875978965;0.0;17.7;1.0;0.8;0.2;0.09090909090909091;0.504447858679132;0.0;45.0;0.0
1;0.21;0.045;0.4444444444444444;0.15140427275531454;0.0;11.0;1.0;0.3;0.0;0.0;0.0;0.0;0.0;0.0
1;0.79;0.0;0.0;0.0;0.0;2.0;1.0;0.8;0.087;0.36363636363636365;0.1295481351998455;0.0;0.0;1.0
0;1.0;0.0;0.0;0.0;0.0;14.0;1.0;1.1;0.27;0.18181818181818182;0.5190823950765198;0.0;24.0;0.0
0;0.86;0.01;0.1111111111111111;0.0656626513967031;0.0;33.0;1.0;0.9;0.2;0.09090909090909091;0.504447858679132;0.0;13.0;0.0
1;0.36;0.005;0.1111111111111111;0.03283132569835155;0.0;0.0;0.0;0.5;0.0;0.0;0.0;0.0;3.0;1.0
1;0.57;0.02;0.1111111111111111;0.1313253027934062;0.0;0.0;1.0;0.9;0.15;0.2727272727272727;0.2270015364056094;0.0;5.0;1.0
1;0.14;0.0;0.0;0.0;0.0;0.0;0.0;0.6;0.0;0.0;0.0;0.0;10.0;0.0
1;1.0;0.0;0.0;0.0;0.0;8.0;1.0;1.0;0.04;0.09090909090909091;0.1008895717358264;0.0;15.0;1.0
0;0.93;0.21;0.8888888888888888;0.4571302815171683;0.0;14.0;0.0;0.8;0.255;0.8181818181818182;0.4392904673923317;0.0;31.0;1.0
0;1.0;0.07;0.4444444444444444;0.2343092690715964;0.0;13.0;1.0;0.8;0.16;0.2727272727272727;0.35015301892271405;0.0;11.0;1.0
0;0.86;0.02;0.1111111111111111;0.9199022655761481;0.0;14.0;1.0;1.0;0.3;0.8181818181818182;0.4864718976232278;0.0;29.0;1.0
1;0.43;0.0;0.0;0.0;0.0;5.0;1.0;0.3;0.0;0.0;0.0;0.0;0.0;0.0
1;0.86;0.0;0.0;0.0;0.0;5.0;1.0;1.0;0.08;0.18181818181818182;0.14104872537477217;0.0;19.0;1.0
0;1.0;0.0;0.0;0.0;0.0;3.0;1.0;0.8;0.2;0.09090909090909091;0.504447858679132;0.0;41.0;1.0
0;0.21;0.11100000000000002;0.4444444444444444;0.3486392057337326;0.0;20.0;1.0;0.2;0.0;0.0;0.0;0.0;35.0;1.0
1;0.86;0.105;0.4444444444444444;0.31342024607025243;0.0;15.0;1.0;0.8;0.0;0.0;0.0;0.0;0.0;0.0
0;0.79;0.175;0.7777777777777777;0.4075142151937012;0.01;33.0;1.0;0.8;0.215;0.2727272727272727;0.5017320068032922;0.0;27.0;1.0
1;0.93;0.09300000000000001;0.6666666666666666;0.2453066198469379;0.0;14.0;0.0;0.8;0.1;0.09090909090909091;0.252223929339566;0.0;3.0;1.0
0;0.86;0.01;0.1111111111111111;0.0656626513967031;0.0;21.0;1.0;0.8;0.2;0.09090909090909091;0.504447858679132;0.0;19.0;1.0
0;0.86;0.0;0.0;0.0;0.0;25.0;1.0;1.1;0.2;0.09090909090909091;0.504447858679132;0.0;40.0;0.0
0;1.0;0.0;0.0;0.0;0.0;15.0;1.0;1.0;0.2;0.09090909090909091;0.504447858679132;0.0;32.0;1.0
0;0.93;0.02;0.1111111111111111;0.1313253027934062;0.0;17.0;1.0;0.6;0.26;0.2727272727272727;0.457555973847607;0.0;23.0;1.0
0;0.79;0.17800000000000002;0.7777777777777777;0.4423018521640048;0.0;20.0;1.0;1.0;0.235;0.8181818181818182;0.44374406642085923;0.0;16.0;1.0
0;0.93;0.0;0.0;0.0;0.0;30.0;1.0;0.9;0.15;0.09090909090909091;0.3783358940093491;0.0;31.0;1.0
0;0.64;0.06;0.3333333333333333;0.232461860990522;0.0;27.0;1.0;1.0;0.2;0.09090909090909091;0.504447858679132;0.0;41.0;1.0
0;0.93;0.0925;0.4444444444444444;0.27517665286968757;0.0;6.5;1.0;0.7;0.2425;0.36363636363636365;0.44106009355909415;0.0;23.0;1.0
0;0.93;0.0;0.0;0.0;0.0;34.0;1.0;0.8;0.19;0.09090909090909091;0.4792254657451755;0.0;32.0;0.0
0;0.86;0.04;0.2222222222222222;0.20344828426180345;0.0;16.0;1.0;1.0;0.16;0.09090909090909091;0.4035582869433056;0.0;26.0;0.0
1;0.79;0.0;0.0;0.0;0.0;8.0;1.0;0.3;0.0;0.0;0.0;0.0;2.0;1.0
0;0.86;0.0;0.0;0.0;0.0;31.0;1.0;0.7;0.2;0.09090909090909091;0.504447858679132;0.0;37.0;1.0
1;1.0;0.0;0.0;0.0;0.0;17.0;1.0;0.6;0.0;0.0;0.0;0.0;0.0;0.0
0;1.0;0.01;0.1111111111111111;0.0656626513967031;0.0;35.0;1.0;1.0;0.24;0.4545454545454546;0.49705628160430404;0.0;36.0;0.0
1;0.71;0.03;0.1111111111111111;0.19698795419010928;0.0;5.9;1.0;1.0;0.12;0.09090909090909091;0.30266871520747923;0.0;0.0;0.0
1;0.64;0.0;0.0;0.0;0.0;5.0;1.0;0.8;0.03;0.09090909090909091;0.07566717880186981;0.0;9.0;0.0
1;0.86;0.01;0.1111111111111111;0.14285714285714288;0.0;12.0;1.0;0.2;0.0;0.0;0.0;0.0;0.0;0.0
0;1.0;0.06;0.3333333333333333;0.21175568799875846;0.07;35.0;1.0;1.1;0.25;0.4545454545454546;0.49629941654904763;0.0;40.0;0.0
1;0.93;0.0;0.0;0.0;0.0;0.0;0.0;0.7;0.0;0.0;0.0;0.0;4.0;1.0
0;1.0;0.03;0.1111111111111111;0.19698795419010928;0.0;35.0;1.0;1.0;0.22;0.18181818181818182;0.502379969888262;0.0;24.0;0.0
0;1.0;0.12100000000000001;0.5555555555555556;0.3120968224115012;0.0;17.0;1.0;1.0;0.195;0.2727272727272727;0.45136809366314096;0.0;32.0;1.0
0;0.86;0.095;0.4444444444444444;0.28051096973045536;0.0;13.0;1.0;0.7;0.23199999999999998;0.2727272727272727;0.500248044425036;0.0;17.3;1.0
1;0.93;0.0;0.0;0.0;0.0;12.0;1.0;1.0;0.04;0.09090909090909091;0.1008895717358264;0.0;0.0;0.0
0;0.93;0.0;0.0;0.0;0.0;31.0;1.0;0.9;0.215;0.18181818181818182;0.46587001795960453;0.0;28.0;1.0
0;1.0;0.0;0.0;0.0;0.0;27.0;1.0;1.0;0.215;0.18181818181818182;0.46587001795960453;0.0;39.0;1.0
1;0.79;0.0;0.0;0.0;0.0;0.0;1.0;0.7;0.16;0.18181818181818182;0.35212943924269896;0.0;2.0;1.0
0;0.5;0.0;0.0;0.0;0.0;14.0;1.0;0.8;0.15;0.09090909090909091;0.3783358940093491;0.0;23.0;1.0
0;0.86;0.01;0.1111111111111111;0.5902338266368274;0.0;25.0;0.0;0.8;0.22;0.2727272727272727;0.47540880624140397;0.0;30.0;0.0
1;0.86;0.0;0.0;0.0;0.0;17.0;1.0;0.6;0.15;0.09090909090909091;0.3783358940093491;0.0;18.0;1.0
0;0.79;0.02;0.1111111111111111;0.1313253027934062;0.0;29.5;1.0;0.9;0.22;0.18181818181818182;0.502379969888262;0.0;42.0;0.0
0;1.0;0.0;0.0;0.0;0.0;4.0;1.0;1.0;0.3;0.8181818181818182;0.4864718976232278;0.0;23.0;1.0
0;0.57;0.0;0.0;0.7879518167604371;0.0;31.0;1.0;0.4;0.2;0.09090909090909091;0.504447858679132;0.0;27.0;1.0
1;0.36;0.04;0.1111111111111111;0.2626506055868124;0.0;0.0;0.0;0.5;0.0;0.0;0.0;0.0;0.0;1.0
0;1.0;0.052000000000000005;0.3333333333333333;0.18879201779863017;0.0;4.0;1.0;0.9;0.218;0.2727272727272727;0.4548557570916438;0.0;30.0;1.0
1;0.64;0.0;0.0;0.0;0.0;0.0;1.0;0.9;0.2;0.09090909090909091;0.504447858679132;0.0;35.0;1.0
1;1.0;0.0;0.0;0.0;0.0;18.0;1.0;0.6;0.0;0.0;0.0;0.0;6.0;1.0
0;1.0;0.0;0.0;0.0;0.0;28.0;0.0;1.0;0.24;0.4545454545454546;0.49705628160430404;0.0;30.0;0.0
0;1.0;0.0;0.0;0.0;0.0;22.0;1.0;0.9;0.21;0.18181818181818182;0.502782725469095;0.0;30.0;0.0
1;0.5;0.01;0.1111111111111111;0.0656626513967031;0.0;15.0;1.0;0.7;0.0;0.0;0.0;0.0;7.0;1.0
0;0.93;0.01;0.1111111111111111;0.0656626513967031;0.0;30.0;1.0;1.0;0.2;0.09090909090909091;0.504447858679132;0.0;37.0;1.0
1;0.5;0.0;0.0;0.5909638625703278;0.0;0.0;0.0;0.3;0.0;0.0;0.0;0.0;0.0;1.0
1;0.64;0.0;0.0;0.0;0.0;0.0;0.0;1.0;0.0;0.0;0.0;0.0;0.0;0.0
0;0.93;0.0;0.0;0.0;0.0;19.0;1.0;1.0;0.2;0.09090909090909091;0.504447858679132;0.0;32.0;1.0
0;0.93;0.02;0.1111111111111111;0.5967720007888719;0.0;13.0;1.0;1.1;0.27;0.18181818181818182;0.5190823950765198;0.0;42.0;0.0
0;0.36;0.0;0.0;0.0;0.0;21.7;1.0;0.9;0.2;0.18181818181818182;0.4522161547105844;0.0;30.0;0.0
0;0.86;0.0;0.0;0.0;0.0;22.0;1.0;0.6;0.2;0.09090909090909091;0.504447858679132;0.0;45.0;1.0
1;0.86;0.02;0.1111111111111111;0.1313253027934062;0.0;13.0;1.0;1.1;0.0;0.0;0.0;0.0;0.0;0.0
1;0.64;0.0;0.0;0.0;0.0;18.0;1.0;0.4;0.04;0.09090909090909091;0.1008895717358264;0.0;4.0;1.0
0;0.86;0.0;0.0;0.0;0.0;16.0;1.0;0.8;0.2;0.18181818181818182;0.4401617990533737;0.0;36.0;1.0
0;1.0;0.0;0.0;0.0;0.0;27.0;1.0;1.0;0.23;0.18181818181818182;0.5032426228673008;0.0;41.5;1.0
0;0.93;0.02;0.2222222222222222;0.08971226080325133;0.0;29.0;1.0;0.9;0.26;0.36363636363636365;0.4982184442419507;0.0;34.0;0.0
0;0.64;0.0;0.0;0.0;0.0;31.0;1.0;1.0;0.2;0.09090909090909091;0.504447858679132;0.0;32.0;1.0
0;1.0;0.0;0.0;0.0;0.0;34.0;1.0;0.9;0.225;0.18181818181818182;0.4907772389847322;0.0;40.0;1.0
0;0.86;0.02;0.1111111111111111;0.1313253027934062;0.0;22.0;1.0;1.0;0.21;0.36363636363636365;0.4488142958559921;0.0;34.0;1.0
0;1.0;0.0;0.0;0.0;0.0;17.0;1.0;0.9;0.175;0.18181818181818182;0.3666722747260857;0.0;27.0;1.0
0;1.0;0.0;0.0;0.9849397709505465;0.0;21.0;1.0;1.0;0.2;0.09090909090909091;0.504447858679132;0.0;20.0;1.0
1;0.86;0.027999999999999997;0.2222222222222222;0.13815188828550143;0.0;0.0;0.0;0.1;0.0;0.0;0.0;0.0;0.0;0.0
0;1.0;0.0;0.0;0.0;0.0;24.0;1.0;0.9;0.21;0.18181818181818182;0.45342947425897584;0.0;32.0;1.0
0;1.0;0.13;0.6666666666666666;0.331796784289663;0.0;23.0;1.0;0.7;0.12;0.09090909090909091;0.30266871520747923;0.0;14.0;1.0
1;0.79;0.02;0.1111111111111111;0.1313253027934062;0.0;26.0;1.0;1.1;0.0;0.0;0.0;0.0;0.0;0.0
1;0.36;0.0;0.0;0.0;0.0;6.0;1.0;0.3;0.0;0.0;0.0;0.0;0.0;0.0
0;0.86;0.02;0.1111111111111111;0.1313253027934062;0.0;31.0;1.0;0.6;0.17;0.09090909090909091;0.4287806798772622;0.0;20.0;0.0
0;1.0;0.02;0.1111111111111111;0.1313253027934062;0.0;35.0;1.0;1.0;0.2;0.09090909090909091;0.504447858679132;0.0;39.0;1.0
0;0.86;0.0;0.0;0.0;0.0;17.0;1.0;1.0;0.27;0.8181818181818182;0.36144985932999035;0.0;17.0;1.0
0;1.0;0.01;0.1111111111111111;0.20344828426180345;0.0;21.0;1.0;1.1;0.2;0.09090909090909091;0.504447858679132;0.0;19.0;0.0
0;0.79;0.03;0.1111111111111111;0.19698795419010928;0.0;28.0;1.0;1.0;0.28;0.8181818181818182;0.36376252405312454;0.0;44.0;1.0
0;1.0;0.0;0.0;0.0;0.0;6.0;0.0;0.9;0.17;0.09090909090909091;0.4287806798772622;0.0;24.0;1.0
0;0.93;0.0;0.0;0.9192771195538434;0.0;21.0;1.0;0.6;0.2;0.09090909090909091;0.504447858679132;0.0;20.0;1.0
1;0.57;0.0;0.0;0.0;0.0;23.7;1.0;0.6;0.0;0.0;0.0;0.0;0.0;1.0
0;1.0;0.0;0.0;0.0;0.0;9.0;1.0;1.0;0.2;0.09090909090909091;0.504447858679132;0.0;32.0;1.0
0;0.93;0.065;0.2222222222222222;0.33642097801219245;0.0;29.5;1.0;0.9;0.2;0.09090909090909091;0.504447858679132;0.0;9.0;1.0
0;0.79;0.05;0.2222222222222222;0.22934978137994477;0.0;35.0;1.0;0.9;0.22;0.18181818181818182;0.502379969888262;0.0;9.0;1.0
0;0.93;0.02;0.1111111111111111;0.1313253027934062;0.0;29.0;1.0;1.0;0.15;0.18181818181818182;0.35171860088177664;0.0;30.0;1.0
0;0.93;0.01;0.1111111111111111;0.0656626513967031;0.0;30.0;1.0;1.0;0.2;0.09090909090909091;0.504447858679132;0.0;40.0;1.0
0;1.0;0.0;0.0;0.0;0.0;19.0;1.0;1.0;0.2;0.09090909090909091;0.504447858679132;0.0;36.0;0.0
1;0.71;0.0;0.0;0.0;0.0;2.0;1.0;0.3;0.0;0.0;0.0;0.0;0.0;0.0
0;0.93;0.0;0.0;0.0;0.0;30.0;1.0;0.8;0.2;0.09090909090909091;0.504447858679132;0.0;33.0;1.0
0;1.0;0.09;0.4444444444444444;0.2664533975195793;0.0;7.0;1.0;0.9;0.263;0.36363636363636365;0.5028235583723197;0.0;25.0;1.0
0;1.0;0.165;0.7777777777777777;0.37289217902411126;0.0;22.0;1.0;0.8;0.13;0.2727272727272727;0.251189984944131;0.0;35.5;1.0
1;0.5;0.0;0.0;0.0;0.0;5.0;1.0;0.8;0.04;0.2727272727272727;0.0569093936147904;0.0;5.0;1.0
1;0.86;0.0;0.0;0.0;0.0;15.0;1.0;0.7;0.05;0.09090909090909091;0.126111964669783;0.0;31.0;1.0
1;0.79;0.0;0.0;0.0;0.0;11.0;0.0;0.6;0.0;0.0;0.0;0.0;14.0;0.0
1;0.21;0.0;0.0;0.0;0.0;0.0;0.0;0.0;0.0;0.0;0.0;0.0;0.0;0.0
0;0.79;0.0;0.0;0.0;0.0;27.0;1.0;1.0;0.2;0.09090909090909091;0.504447858679132;0.0;32.0;1.0
0;0.43;0.0;0.0;0.0;0.0;27.0;1.0;1.0;0.2;0.09090909090909091;0.504447858679132;0.0;30.0;0.0
0;1.0;0.0;0.0;0.0;0.0;35.0;1.0;1.0;0.2;0.09090909090909091;0.504447858679132;0.0;42.0;0.0
0;0.79;0.0;0.0;0.0;0.0;11.0;1.0;0.4;0.18;0.36363636363636365;0.37348967151589324;0.0;32.0;1.0
1;0.07;0.0;0.0;0.0;0.0;0.0;0.0;0.2;0.2;0.09090909090909091;0.504447858679132;0.0;7.0;1.0
0;0.64;0.0;0.0;0.0;0.0;22.0;1.0;0.5;0.2;0.09090909090909091;0.504447858679132;0.0;28.0;1.0
0;0.93;0.01;0.1111111111111111;0.0656626513967031;0.0;19.0;1.0;1.1;0.2;0.09090909090909091;0.504447858679132;0.0;19.0;0.0
1;0.57;0.0;0.0;0.19698795419010928;0.0;3.0;1.0;1.0;0.0;0.0;0.0;0.0;0.0;0.0
1;0.93;0.0;0.0;0.0;0.0;17.0;1.0;0.9;0.18;0.09090909090909091;0.4540030728112188;0.0;0.0;0.0
1;0.79;0.0;0.0;0.0;0.0;5.0;1.0;1.0;0.2;0.09090909090909091;0.504447858679132;0.0;28.0;0.0
0;1.0;0.0925;0.4444444444444444;0.27517665286968757;0.0;13.0;1.0;0.9;0.2575;0.36363636363636365;0.4782401459019055;0.0;28.0;1.0
1;0.86;0.0;0.0;0.0;0.0;0.0;1.0;1.0;0.0;0.0;0.0;0.0;0.0;1.0
0;1.0;0.01;0.1111111111111111;0.0656626513967031;0.0;30.0;1.0;1.0;0.2;0.09090909090909091;0.504447858679132;0.0;31.0;1.0
1;0.86;0.0;0.0;0.0;0.0;0.0;1.0;1.0;0.03;0.09090909090909091;0.07566717880186981;0.0;6.0;1.0
0;0.57;0.0;0.0;0.0;0.0;26.0;1.0;0.6;0.21;0.4545454545454546;0.37279221120322803;0.0;30.0;1.0
0;0.86;0.0;0.0;0.0;0.0;30.0;1.0;1.0;0.3;0.8181818181818182;0.4864718976232278;0.0;23.0;1.0
1;0.93;0.02;0.1111111111111111;0.1313253027934062;0.0;0.0;0.0;0.6;0.06;0.18181818181818182;0.10861880696196233;0.0;8.0;1.0
1;0.43;0.0;0.0;0.0;0.0;0.0;0.0;0.0;0.0;0.0;0.0;0.0;0.0;0.0
1;0.79;0.02;0.1111111111111111;0.1313253027934062;0.0;0.0;1.0;0.8;0.16;0.09090909090909091;0.4035582869433056;0.0;30.0;1.0
0;0.79;0.0;0.0;0.0;0.0;20.0;0.0;0.7;0.2;0.09090909090909091;0.504447858679132;0.0;30.0;1.0
0;0.71;0.02;0.1111111111111111;0.7901375402844936;0.0;19.0;1.0;1.0;0.13;0.09090909090909091;0.32789110814143585;0.0;39.0;1.0
0;0.79;0.04;0.2222222222222222;0.17942452160650266;0.0;34.0;1.0;1.0;0.215;0.2727272727272727;0.44995646207879725;0.0;39.0;0.0
1;0.86;0.0;0.0;0.0;0.0;4.5;1.0;0.3;0.0;0.0;0.0;0.0;1.0;1.0
1;0.07;0.0;0.0;0.0;0.0;0.0;0.0;0.0;0.0;0.0;0.0;0.0;0.0;0.0
0;0.86;0.0;0.0;0.0;0.0;35.0;1.0;0.5;0.15;0.09090909090909091;0.3783358940093491;0.0;11.0;0.0
0;0.86;0.0;0.0;0.0;0.0;12.0;1.0;1.0;0.2;0.09090909090909091;0.504447858679132;0.0;45.0;1.0
1;0.43;0.0;0.0;0.0;0.0;0.0;0.0;0.0;0.0;0.0;0.0;0.0;0.0;0.0
1;0.64;0.04;0.3333333333333333;0.15164139783836436;0.0;14.0;1.0;0.4;0.0;0.0;0.0;0.0;26.0;1.0
1;0.5;0.0;0.0;0.0;0.0;0.0;0.0;0.0;0.0;0.0;0.0;0.0;0.0;0.0
0;1.0;0.03;0.2222222222222222;0.14285714285714288;0.0;25.0;1.0;1.0;0.12;0.18181818181818182;0.25268210215922476;0.0;42.0;1.0
1;1.0;0.0;0.0;0.0;0.0;14.0;1.0;0.9;0.2;0.09090909090909091;0.504447858679132;0.0;26.0;1.0
0;0.86;0.02;0.1111111111111111;0.1313253027934062;0.0;22.0;1.0;0.7;0.27;0.2727272727272727;0.48163304415272984;0.0;35.0;1.0
1;0.79;0.13;0.6666666666666666;0.3247923696106277;0.0;6.0;1.0;0.5;0.0;0.0;0.0;0.0;0.0;0.0
0;1.0;0.05;0.4444444444444444;0.1581366054175337;0.0;0.0;0.0;0.9;0.24;0.8181818181818182;0.36120977304688745;0.0;23.0;1.0
0;1.0;0.01;0.1111111111111111;0.6555312229393404;0.0;17.0;1.0;0.8;0.05;0.0;0.18364391619977452;0.02;45.0;1.0
1;0.43;0.0;0.0;0.0;0.0;3.0;1.0;0.4;0.0;0.0;0.0;0.0;8.0;1.0
0;0.93;0.02;0.1111111111111111;0.1313253027934062;0.0;13.0;1.0;0.7;0.16;0.09090909090909091;0.4035582869433056;0.0;32.0;1.0
1;0.79;0.0;0.0;0.0;0.0;10.0;1.0;1.0;0.15;0.18181818181818182;0.3052373783649688;0.0;11.0;0.0
1;0.93;0.0;0.0;0.0;0.0;0.0;1.0;1.0;0.2;0.09090909090909091;0.504447858679132;0.0;27.0;0.0
0;0.64;0.01;0.1111111111111111;0.0656626513967031;0.0;12.0;1.0;1.0;0.2;0.09090909090909091;0.504447858679132;0.0;30.0;1.0
1;0.93;0.0;0.0;0.0;0.0;8.0;1.0;0.8;0.09;0.09090909090909091;0.2270015364056094;0.0;11.0;1.0
1;0.0;0.0;0.0;0.0;0.0;0.0;0.0;0.2;0.05;0.09090909090909091;0.126111964669783;0.0;0.0;0.0
0;1.0;0.0;0.0;0.0;0.0;23.0;1.0;0.9;0.23;0.18181818181818182;0.5032426228673008;0.0;37.0;1.0
0;0.86;0.065;0.2222222222222222;0.3152491178792674;0.0;18.0;1.0;1.0;0.18;0.09090909090909091;0.4540030728112188;0.0;24.0;1.0
0;1.0;0.0;0.0;0.19698795419010928;0.0;21.0;1.0;0.7;0.2;0.09090909090909091;0.504447858679132;0.0;20.0;1.0
0;1.0;0.0;0.0;0.0;0.0;31.0;1.0;0.6;0.18;0.09090909090909091;0.4540030728112188;0.0;29.0;1.0
0;0.71;0.0;0.0;0.0;0.0;29.0;1.0;0.9;0.17;0.18181818181818182;0.4020507260346811;0.0;45.0;1.0
1;0.93;0.01;0.1111111111111111;0.0656626513967031;0.0;28.0;1.0;1.1;0.0;0.0;0.0;0.0;16.0;0.0
0;1.0;0.0;0.0;0.0;0.0;30.0;1.0;0.9;0.22;0.18181818181818182;0.47831949959545955;0.0;42.0;1.0
0;0.93;0.0;0.0;0.0;0.0;30.0;1.0;1.0;0.2;0.09090909090909091;0.504447858679132;0.0;41.0;1.0
0;0.93;0.0;0.0;0.0;0.05;13.0;1.0;0.9;0.215;0.18181818181818182;0.5024231377148174;0.0;24.0;1.0
0;1.0;0.0;0.0;0.0;0.0;27.0;1.0;0.8;0.09;0.09090909090909091;0.2270015364056094;0.0;31.0;0.0
0;0.79;0.0;0.0;0.656626513967031;0.0;22.0;1.0;1.0;0.23;0.36363636363636365;0.4990882902937106;0.0;37.0;1.0
0;0.79;0.0;0.0;0.0;0.0;27.0;1.0;0.8;0.2;0.09090909090909091;0.45798405985436386;0.005;43.0;1.0
0;1.0;0.01;0.1111111111111111;0.0656626513967031;0.0;0.0;1.0;1.0;0.15;0.09090909090909091;0.3783358940093491;0.0;45.0;1.0
1;0.5;0.0;0.0;0.9849397709505465;0.0;16.0;1.0;0.4;0.13;0.09090909090909091;0.32789110814143585;0.0;15.0;1.0
1;0.71;0.01;0.1111111111111111;0.0656626513967031;0.0;0.0;0.0;0.7;0.05;0.09090909090909091;0.126111964669783;0.0;0.0;1.0
0;0.71;0.0;0.0;0.0;0.0;26.0;1.0;1.1;0.21;0.18181818181818182;0.502782725469095;0.0;24.0;0.0
0;1.0;0.02;0.1111111111111111;0.1313253027934062;0.0;24.0;1.0;1.0;0.2;0.09090909090909091;0.504447858679132;0.0;31.0;1.0
0;0.71;0.0;0.0;0.0;0.0;29.0;1.0;0.9;0.2;0.09090909090909091;0.504447858679132;0.0;37.0;1.0
1;1.0;0.0;0.0;0.0;0.0;0.0;1.0;0.8;0.0;0.0;0.0;0.0;0.0;0.0
0;0.86;0.01;0.1111111111111111;0.0656626513967031;0.0;30.0;1.0;1.1;0.17;0.09090909090909091;0.4287806798772622;0.0;24.0;0.0
1;0.36;0.0;0.0;0.0;0.0;0.0;0.0;0.0;0.0;0.0;0.0;0.0;0.0;0.0
1;1.0;0.01;0.1111111111111111;0.0656626513967031;0.0;15.0;1.0;1.1;0.2;0.09090909090909091;0.504447858679132;0.0;18.0;0.0
1;0.0;0.0;0.0;0.0;0.0;0.0;0.0;0.0;0.0;0.0;0.0;0.0;0.0;0.0
1;1.0;0.09;0.5555555555555556;0.27494806010845313;0.0;6.0;1.0;0.7;0.0;0.0;0.0;0.0;0.0;0.0
0;1.0;0.0;0.0;0.0;0.0;33.0;0.0;1.0;0.24;0.2727272727272727;0.5012274563951564;0.0;38.0;0.0
0;0.79;0.0;0.0;0.0;0.0;33.0;1.0;0.9;0.2;0.09090909090909091;0.504447858679132;0.0;26.0;1.0
0;0.86;0.03;0.1111111111111111;0.19698795419010928;0.0;35.0;1.0;1.0;0.13;0.09090909090909091;0.32789110814143585;0.0;44.0;0.0
0;1.0;0.0625;0.4444444444444444;0.2336566492124379;0.0;8.0;1.0;1.0;0.2575;0.36363636363636365;0.4909502870692445;0.0;23.0;1.0
1;0.07;0.0;0.0;0.0;0.0;0.0;0.0;0.3;0.0;0.0;0.0;0.0;7.0;1.0
0;0.93;0.0;0.0;0.0;0.0;15.0;1.0;1.0;0.2;0.09090909090909091;0.504447858679132;0.0;45.0;1.0
0;0.93;0.128;0.6666666666666666;0.28498901911746316;0.0;17.0;1.0;0.8;0.21899999999999997;0.2727272727272727;0.5012014943559082;0.0;24.3;1.0
0;0.86;0.02;0.1111111111111111;0.1313253027934062;0.0;33.0;1.0;0.8;0.12;0.09090909090909091;0.30266871520747923;0.0;22.0;1.0
0;0.86;0.0;0.0;0.4596385597769217;0.0;32.0;1.0;1.0;0.2;0.09090909090909091;0.504447858679132;0.0;45.0;1.0
1;1.0;0.0;0.0;0.0;0.0;10.0;1.0;0.9;0.16;0.09090909090909091;0.4035582869433056;0.0;14.0;1.0
0;0.71;0.01;0.1111111111111111;0.0656626513967031;0.0;25.0;1.0;0.8;0.08;0.09090909090909091;0.2017791434716528;0.0;35.0;1.0
0;1.0;0.0;0.0;0.0;0.0;19.0;1.0;1.0;0.3;0.2727272727272727;0.5101480154120217;0.0;29.0;1.0
0;0.71;0.0;0.0;0.0;0.0;20.0;1.0;0.7;0.18;0.09090909090909091;0.4540030728112188;0.0;38.0;1.0
0;0.79;0.09;0.3333333333333333;0.4596385597769217;0.0;35.0;1.0;0.9;0.255;0.36363636363636365;0.49709991173663337;0.0;32.0;1.0
0;0.93;0.0;0.0;0.0;0.0;32.0;1.0;0.9;0.16;0.09090909090909091;0.4035582869433056;0.0;23.0;1.0
0;0.79;0.0;0.0;0.0;0.0;27.0;1.0;0.9;0.2;0.09090909090909091;0.504447858679132;0.0;35.0;0.0
0;0.64;0.0;0.0;0.0;0.0;25.0;1.0;0.9;0.21;0.18181818181818182;0.502782725469095;0.0;30.0;1.0
1;0.64;0.0;0.0;0.0;0.0;26.0;1.0;0.3;0.16;0.09090909090909091;0.4035582869433056;0.0;0.0;0.0
1;0.21;0.0;0.0;0.0;0.0;0.0;0.0;0.3;0.03;0.09090909090909091;0.07566717880186981;0.0;15.0;1.0
1;0.71;0.0;0.0;0.0;0.0;0.0;0.0;1.1;0.0;0.0;0.0;0.0;45.0;0.0
0;1.0;0.03;0.2222222222222222;0.14285714285714288;0.01;35.0;1.0;1.0;0.34;1.0;0.47540880624140397;0.0;27.0;1.0
0;0.79;0.01;0.1111111111111111;0.0656626513967031;0.0;22.0;1.0;1.0;0.2;0.09090909090909091;0.504447858679132;0.0;33.0;1.0
1;0.14;0.0;0.0;0.0;0.0;0.0;0.0;0.0;0.0;0.0;0.0;0.0;0.0;0.0
1;0.79;0.05;0.2222222222222222;0.22934978137994477;0.0;0.0;0.0;0.9;0.059000000000000004;0.09090909090909091;0.14881211831034397;0.0;0.0;1.0
0;0.93;0.01;0.1111111111111111;0.0656626513967031;0.0;27.0;1.0;1.0;0.225;0.18181818181818182;0.4907772389847322;0.0;31.0;1.0
1;1.0;0.03;0.2222222222222222;0.14285714285714288;0.0;0.0;0.0;0.9;0.19;0.2727272727272727;0.362952232619377;0.03;15.0;1.0
0;1.0;0.0;0.0;0.9914842932520161;0.0;30.0;1.0;1.0;0.16;0.09090909090909091;0.4035582869433056;0.0;30.0;0.0
0;0.86;0.04;0.2222222222222222;0.17942452160650266;0.0;6.0;1.0;1.0;0.268;0.36363636363636365;0.4973261452785587;0.0;40.2;1.0
1;0.5;0.0;0.0;0.0;0.0;0.0;0.0;0.9;0.0;0.0;0.0;0.0;0.0;0.0
1;0.64;0.0;0.0;0.0;0.0;0.0;1.0;0.8;0.0;0.0;0.0;0.0;0.0;0.0
0;1.0;0.04;0.4444444444444444;0.11746092168471971;0.0;25.0;1.0;1.1;0.26;0.5454545454545454;0.49402186411211446;0.0;30.0;0.0
1;0.79;0.04;0.2222222222222222;0.18572202429318835;0.0;2.0;1.0;0.5;0.22;0.2727272727272727;0.45029373072514395;0.0;2.0;1.0
0;0.93;0.0;0.0;0.0;0.0;33.0;0.0;1.0;0.2;0.09090909090909091;0.504447858679132;0.0;35.0;1.0
0;0.86;0.0;0.0;0.0;0.0;17.0;1.0;1.0;0.2;0.09090909090909091;0.504447858679132;0.0;45.0;1.0
1;0.07;0.0;0.0;0.0;0.0;0.0;0.0;0.7;0.025;0.09090909090909091;0.0630559823348915;0.0;0.0;0.0
1;0.71;0.0;0.0;0.0;0.0;13.0;1.0;0.7;0.17;0.09090909090909091;0.4287806798772622;0.0;9.0;1.0
1;1.0;0.0;0.0;0.0;0.0;17.0;1.0;1.0;0.13;0.09090909090909091;0.3655974166301758;0.02;9.0;1.0
1;0.79;0.005;0.1111111111111111;0.9894165448214555;0.0;0.0;0.0;0.2;0.0;0.0;0.0;0.0;0.0;0.0
0;0.79;0.0;0.0;0.0;0.0;31.0;1.0;0.6;0.2;0.09090909090909091;0.504447858679132;0.0;37.0;1.0
0;1.0;0.05;0.2222222222222222;0.22934978137994477;0.0;16.8;1.0;1.0;0.12;0.18181818181818182;0.23266329213435336;0.0;29.0;1.0
0;0.71;0.0;0.0;0.9849397709505465;0.0;24.0;1.0;0.9;0.2;0.09090909090909091;0.504447858679132;0.0;32.0;0.0
1;0.57;0.0;0.0;0.0;0.0;0.0;0.0;0.8;0.0;0.0;0.0;0.0;0.0;0.0
0;1.0;0.0;0.0;0.0;0.0;27.0;1.0;0.9;0.195;0.18181818181818182;0.4161694834102839;0.0;25.0;1.0
1;0.93;0.065;0.3333333333333333;0.9952098552243208;0.0;3.0;1.0;0.8;0.18;0.09090909090909091;0.4540030728112188;0.0;16.0;1.0
1;1.0;0.03;0.2222222222222222;0.14285714285714288;0.0;8.0;1.0;0.8;0.01;0.09090909090909091;0.0252223929339566;0.0;0.0;0.0
0;0.79;0.0;0.0;0.0;0.0;13.0;0.0;0.7;0.19;0.09090909090909091;0.4792254657451755;0.0;21.0;1.0
1;1.0;0.0;0.0;0.9849397709505465;0.0;20.0;1.0;0.4;0.19;0.09090909090909091;0.4792254657451755;0.0;14.0;1.0
0;0.79;0.09300000000000001;0.5555555555555556;0.27366441201823977;0.0;11.0;1.0;0.5;0.17;0.09090909090909091;0.4287806798772622;0.0;20.0;1.0
0;1.0;0.0;0.0;0.3283132569835155;0.0;11.0;1.0;1.0;0.36;0.4545454545454546;0.4562902564191563;0.0;29.0;1.0
0;1.0;0.03;0.1111111111111111;0.19698795419010928;0.0;34.0;1.0;1.0;0.2;0.09090909090909091;0.504447858679132;0.0;16.0;0.0
1;0.14;0.0;0.0;0.39397590838021856;0.0;0.0;0.0;0.8;0.09;0.18181818181818182;0.1541738989477984;0.0;7.0;1.0
0;0.79;0.085;0.2222222222222222;0.46360808001369114;0.0;29.5;1.0;1.0;0.03;0.09090909090909091;0.07566717880186981;0.0;12.0;1.0
1;0.93;0.1;0.4444444444444444;0.6286720241435813;0.0;6.0;1.0;1.0;0.21;0.36363636363636365;0.44997252822280753;0.0;6.0;1.0
0;0.86;0.07;0.5555555555555556;0.21378210439023312;0.0;23.0;1.0;1.0;0.26;0.7272727272727273;0.49437293974385405;0.0;27.0;1.0
0;1.0;0.163;0.7777777777777777;0.34635622260975785;0.0;15.0;1.0;1.0;0.15;0.18181818181818182;0.3271848259898214;0.0;30.0;1.0
0;0.71;0.125;0.6666666666666666;0.29934776276071895;0.0;8.0;1.0;0.6;0.18;0.18181818181818182;0.4272267543943717;0.0;34.0;1.0
1;0.86;0.0;0.0;0.0;0.0;0.0;0.0;0.9;0.0;0.0;0.0;0.0;0.0;0.0
0;0.86;0.0;0.0;0.0;0.0;11.0;1.0;1.0;0.2;0.09090909090909091;0.504447858679132;0.0;45.0;1.0
0;0.93;0.02;0.2222222222222222;0.08971226080325133;0.01;32.0;1.0;1.0;0.1;0.09090909090909091;0.252223929339566;0.0;32.0;0.0
0;0.86;0.0;0.0;0.0;0.0;9.0;1.0;1.1;0.25;0.18181818181818182;0.47192904171627853;0.0;36.0;0.0
0;1.0;0.02;0.1111111111111111;0.4068965685236069;0.0;30.0;1.0;1.0;0.2;0.09090909090909091;0.504447858679132;0.0;37.0;1.0
0;1.0;0.02;0.1111111111111111;0.1313253027934062;0.0;33.0;1.0;0.9;0.2;0.09090909090909091;0.504447858679132;0.0;41.0;1.0
1;0.86;0.0;0.0;0.0;0.0;14.0;1.0;1.1;0.0;0.0;0.0;0.0;8.0;0.0
0;0.93;0.0;0.0;0.0;0.0;16.0;1.0;1.0;0.34;0.36363636363636365;0.5065073050874904;0.0;26.0;1.0
0;0.79;0.02;0.1111111111111111;0.1313253027934062;0.0;15.0;1.0;0.9;0.305;0.4545454545454546;0.48699173584738037;0.0;44.0;1.0
0;1.0;0.02;0.1111111111111111;0.1313253027934062;0.0;25.0;1.0;1.1;0.2;0.09090909090909091;0.504447858679132;0.0;30.0;0.0
1;1.0;0.05;0.2222222222222222;0.22934978137994477;0.0;5.9;1.0;1.0;0.2;0.09090909090909091;0.504447858679132;0.0;7.0;1.0
0;0.86;0.0;0.0;0.0;0.0;21.0;1.0;0.5;0.17;0.09090909090909091;0.4287806798772622;0.0;25.0;1.0
0;0.86;0.12300000000000001;0.6666666666666666;0.28799392379652644;0.0;17.0;1.0;1.0;0.19;0.18181818181818182;0.4524079478151475;0.0;28.0;1.0
1;1.0;0.09;0.3333333333333333;0.35844831830496804;0.0;25.0;1.0;1.0;0.17;0.09090909090909091;0.4287806798772622;0.0;0.0;1.0
1;0.29;0.0;0.0;0.0;0.0;0.0;0.0;0.5;0.0;0.0;0.0;0.0;0.0;0.0
0;0.93;0.04;0.2222222222222222;0.20344828426180345;0.0;26.0;1.0;0.8;0.17;0.09090909090909091;0.4287806798772622;0.0;22.0;1.0
0;0.79;0.05;0.1111111111111111;0.3283132569835155;0.0;20.7;1.0;0.8;0.15;0.18181818181818182;0.3271848259898214;0.0;17.0;1.0
0;1.0;0.0;0.0;0.39397590838021856;0.0;35.0;1.0;1.0;0.16;0.09090909090909091;0.4035582869433056;0.0;31.0;1.0
1;1.0;0.0525;0.2222222222222222;0.23579963091253572;0.0;6.0;1.0;0.6;0.2;0.09090909090909091;0.504447858679132;0.0;23.0;1.0
0;1.0;0.0;0.0;0.0;0.0;31.0;1.0;0.9;0.215;0.18181818181818182;0.46587001795960453;0.0;42.0;1.0
0;1.0;0.03;0.2222222222222222;0.14285714285714288;0.0;23.6;1.0;0.9;0.2;0.09090909090909091;0.504447858679132;0.0;21.0;1.0
0;0.93;0.03;0.2222222222222222;0.14285714285714288;0.0;34.0;1.0;0.8;0.16;0.09090909090909091;0.4035582869433056;0.0;29.0;1.0
0;1.0;0.01;0.1111111111111111;0.0656626513967031;0.0;22.0;1.0;1.0;0.12;0.2727272727272727;0.24992046621058836;0.0;26.0;0.0
0;0.86;0.0;0.0;0.0;0.0;20.0;1.0;1.0;0.1;0.09090909090909091;0.252223929339566;0.0;16.0;0.0
0;1.0;0.0;0.0;0.9849397709505465;0.0;27.0;1.0;1.0;0.18;0.09090909090909091;0.4540030728112188;0.0;23.0;1.0
1;0.93;0.04;0.2222222222222222;0.5467508353892568;0.0;0.0;1.0;0.9;0.08;0.09090909090909091;0.2017791434716528;0.0;0.0;1.0
0;0.79;0.0;0.0;0.0;0.0;17.0;1.0;1.0;0.2;0.18181818181818182;0.4775934893116816;0.0;26.0;1.0
0;0.79;0.128;0.5555555555555556;0.3536854784250403;0.0;20.0;1.0;0.8;0.223;0.2727272727272727;0.5012614934760352;0.0;37.0;1.0
1;0.86;0.0;0.0;0.0;0.0;6.0;1.0;0.9;0.16;0.18181818181818182;0.32973790114850293;0.0;20.0;1.0
1;0.71;0.0;0.0;0.0;0.0;11.0;1.0;1.1;0.0;0.0;0.0;0.0;0.0;0.0
0;1.0;0.02;0.2222222222222222;0.08971226080325133;0.0;28.0;1.0;1.1;0.27;0.2727272727272727;0.4640197467474641;0.0;20.0;0.0
0;0.93;0.0;0.0;0.0;0.0;25.0;1.0;1.1;0.2;0.18181818181818182;0.3579932372872969;0.0;18.0;0.0
0;1.0;0.0;0.0;0.8536144681571404;0.0;33.0;1.0;1.0;0.2;0.09090909090909091;0.504447858679132;0.0;42.0;1.0
0;0.93;0.0;0.0;0.0;0.0;35.0;1.0;0.8;0.18;0.09090909090909091;0.4540030728112188;0.0;33.5;1.0
1;1.0;0.0;0.0;0.0;0.0;25.0;1.0;1.0;0.1;0.09090909090909091;0.252223929339566;0.0;0.0;1.0
0;0.21;0.0;0.0;0.0;0.0;6.0;1.0;0.8;0.25;0.18181818181818182;0.5087289639416146;0.0;31.0;1.0
0;0.93;0.0275;0.1111111111111111;0.18057229134093353;0.0;4.0;1.0;0.9;0.2425;0.2727272727272727;0.49376937431836304;0.0;30.0;1.0
0;0.57;0.0;0.0;0.0;0.0;15.0;0.0;0.1;0.18;0.09090909090909091;0.4540030728112188;0.0;34.0;1.0
0;1.0;0.0;0.0;0.0;0.0;20.0;1.0;0.6;0.2;0.09090909090909091;0.504447858679132;0.0;24.0;1.0
0;1.0;0.02;0.2222222222222222;0.08971226080325133;0.0;18.0;1.0;1.1;0.16;0.18181818181818182;0.37688089783154227;0.0;15.0;0.0
0;0.93;0.04;0.4444444444444444;0.7142857142857143;0.01;35.0;1.0;1.0;0.25;0.5454545454545454;0.49489908622489703;0.0;35.0;0.0
0;1.0;0.02;0.1111111111111111;0.1313253027934062;0.0;23.0;1.0;1.0;0.12;0.09090909090909091;0.30266871520747923;0.0;30.0;1.0
1;0.93;0.0;0.0;0.0;0.0;8.0;1.0;0.6;0.0;0.0;0.0;0.0;0.0;1.0
1;0.5;0.0;0.0;0.0;0.0;8.0;1.0;0.6;0.07;0.09090909090909091;0.17655675053769623;0.0;35.0;1.0
1;0.93;0.0;0.0;0.0;0.0;13.0;0.0;0.8;0.22;0.7272727272727273;0.36471519925257234;0.0;0.0;1.0
0;0.93;0.0;0.0;0.0;0.0;33.0;1.0;0.9;0.23;0.18181818181818182;0.5032426228673008;0.0;45.0;1.0
1;0.93;0.02;0.1111111111111111;0.1313253027934062;0.0;13.0;1.0;1.0;0.0;0.0;0.0;0.0;27.0;1.0
0;1.0;0.03;0.3333333333333333;0.10587784399937923;0.01;31.0;1.0;1.0;0.21;0.36363636363636365;0.4488142958559921;0.0;40.0;0.0
0;1.0;0.01;0.1111111111111111;0.0656626513967031;0.0;20.0;1.0;1.0;0.2;0.09090909090909091;0.504447858679132;0.0;35.0;1.0
0;1.0;0.01;0.1111111111111111;0.0656626513967031;0.0;18.0;1.0;1.0;0.2;0.09090909090909091;0.504447858679132;0.0;37.0;1.0
1;0.57;0.0;0.0;0.0;0.0;0.0;0.0;0.3;0.0;0.0;0.0;0.0;0.0;0.0
0;0.71;0.0;0.0;0.0;0.0;15.0;1.0;0.6;0.2;0.09090909090909091;0.504447858679132;0.0;34.0;1.0
0;0.79;0.0;0.0;0.0;0.0;35.0;1.0;0.8;0.2;0.09090909090909091;0.504447858679132;0.0;34.0;0.0
1;0.86;0.0;0.0;0.0;0.0;10.0;1.0;0.8;0.04;0.09090909090909091;0.1008895717358264;0.0;35.0;1.0
1;0.79;0.0;0.0;0.0;0.0;12.0;1.0;0.2;0.0;0.0;0.0;0.0;0.0;0.0
1;0.36;0.0;0.0;0.0;0.0;0.0;0.0;0.9;0.2;0.09090909090909091;0.504447858679132;0.0;8.0;0.0
0;0.93;0.02;0.1111111111111111;0.1313253027934062;0.0;17.0;1.0;0.9;0.27;0.2727272727272727;0.5055358342110928;0.0;22.0;1.0
0;1.0;0.01;0.1111111111111111;0.0656626513967031;0.0;35.0;1.0;1.0;0.2;0.09090909090909091;0.504447858679132;0.0;44.0;1.0
0;1.0;0.0;0.0;0.0;0.0;25.0;1.0;1.1;0.1;0.09090909090909091;0.252223929339566;0.0;35.0;0.0
0;0.93;0.125;0.5555555555555556;0.32864140624782223;0.0;23.0;0.0;1.0;0.105;0.18181818181818182;0.2513913627345475;0.0;23.5;1.0
0;1.0;0.03;0.2222222222222222;0.14285714285714288;0.0;32.0;1.0;1.0;0.19;0.2727272727272727;0.40032084755146985;0.0;21.0;1.0
1;0.29;0.0;0.0;0.0;0.0;15.0;1.0;0.1;0.0;0.0;0.0;0.0;0.0;0.0
0;1.0;0.102;0.6666666666666666;0.27073404736671786;0.0;17.0;1.0;0.6;0.175;0.18181818181818182;0.4278185868763175;0.0;18.0;1.0
0;1.0;0.0;0.0;0.9192771195538434;0.0;31.0;1.0;1.0;0.0;0.0;0.0;0.0;45.0;1.0
0;0.93;0.035;0.3333333333333333;0.14360968788604886;0.0;25.0;1.0;0.7;0.16;0.18181818181818182;0.37688089783154227;0.0;21.0;1.0
0;0.36;0.0;0.0;0.0;0.0;24.0;1.0;0.5;0.16;0.09090909090909091;0.4035582869433056;0.0;23.5;1.0
0;1.0;0.0;0.0;0.0;0.0;22.0;1.0;1.1;0.18;0.18181818181818182;0.3583161902057362;0.0;17.0;0.0
0;0.64;0.0;0.0;0.39397590838021856;0.0;35.0;1.0;1.0;0.2;0.09090909090909091;0.504447858679132;0.0;45.0;1.0
0;1.0;0.0;0.0;0.0;0.0;12.0;1.0;0.8;0.2;0.09090909090909091;0.504447858679132;0.0;32.0;1.0
0;1.0;0.0;0.0;0.0;0.0;26.0;1.0;1.1;0.2;0.09090909090909091;0.504447858679132;0.0;30.0;0.0
1;0.29;0.0;0.0;0.0;0.0;0.0;0.0;0.9;0.0;0.0;0.0;0.0;45.0;0.0
1;0.71;0.0;0.0;0.0;0.0;0.0;0.0;0.9;0.12;0.09090909090909091;0.30266871520747923;0.0;19.0;1.0
0;0.57;0.163;0.6666666666666666;0.36193961849860984;0.0;23.0;1.0;0.7;0.183;0.2727272727272727;0.4263995215328569;0.0;12.0;1.0
1;0.29;0.0;0.0;0.0;0.0;0.0;1.0;0.7;0.07;0.4545454545454546;0.07866505188495813;0.0;0.0;1.0
0;0.71;0.0;0.0;0.0;0.0;33.0;1.0;0.8;0.2;0.09090909090909091;0.504447858679132;0.0;32.0;1.0
0;1.0;0.02;0.2222222222222222;0.08971226080325133;0.0;33.0;1.0;1.1;0.27;0.36363636363636365;0.46700143041853176;0.0;38.0;0.0
1;1.0;0.01;0.1111111111111111;0.0656626513967031;0.0;12.0;1.0;1.0;0.07;0.09090909090909091;0.17655675053769623;0.0;29.0;1.0
1;0.0;0.0;0.0;0.0;0.0;0.0;0.0;0.0;0.0;0.0;0.0;0.0;0.0;0.0
0;0.79;0.10600000000000001;0.5555555555555556;0.2983715503592986;0.0;20.0;1.0;0.8;0.23;0.7272727272727273;0.41937076774860765;0.0;25.0;1.0
0;0.86;0.0;0.0;0.0;0.0;18.0;1.0;0.6;0.2;0.09090909090909091;0.504447858679132;0.0;30.0;1.0
0;0.93;0.0;0.0;0.0;0.0;33.0;0.0;1.0;0.2;0.09090909090909091;0.504447858679132;0.0;32.0;1.0
0;1.0;0.01;0.1111111111111111;0.0656626513967031;0.0;23.0;1.0;1.1;0.16;0.09090909090909091;0.4035582869433056;0.0;18.0;0.0
1;0.43;0.0;0.0;0.3283132569835155;0.0;0.0;0.0;0.8;0.0;0.0;0.0;0.0;0.0;0.0
0;0.93;0.0;0.0;0.0;0.0;32.0;1.0;0.9;0.19;0.09090909090909091;0.4792254657451755;0.0;26.0;1.0
0;1.0;0.17300000000000001;0.7777777777777777;0.34834227385260397;0.005;20.0;1.0;1.0;0.19;0.18181818181818182;0.4524079478151475;0.0;20.0;1.0
1;0.86;0.01;0.1111111111111111;0.0656626513967031;0.0;16.0;1.0;0.8;0.11;0.09090909090909091;0.2774463222735226;0.0;29.0;1.0
0;1.0;0.01;0.1111111111111111;0.0656626513967031;0.0;25.0;1.0;1.0;0.24;0.4545454545454546;0.49705628160430404;0.0;21.0;0.0
0;1.0;0.0;0.0;0.0;0.0;21.0;1.0;1.0;0.2;0.09090909090909091;0.504447858679132;0.0;20.0;1.0
0;0.93;0.065;0.3333333333333333;0.24081279441629477;0.0;35.0;1.0;0.9;0.19;0.09090909090909091;0.4792254657451755;0.0;5.0;1.0
1;0.93;0.0;0.0;0.0;0.0;33.0;1.0;0.8;0.2;0.09090909090909091;0.504447858679132;0.0;0.0;0.0
0;1.0;0.09;0.2222222222222222;0.4695376992842556;0.0;35.0;1.0;1.0;0.2;0.09090909090909091;0.504447858679132;0.0;22.0;1.0
0;0.79;0.0;0.0;0.0;0.0;25.6;1.0;1.0;0.17;0.09090909090909091;0.4287806798772622;0.0;21.0;0.0
0;1.0;0.02;0.1111111111111111;0.1313253027934062;0.0;27.0;1.0;1.0;0.2;0.09090909090909091;0.504447858679132;0.0;41.0;1.0
0;0.93;0.05;0.2222222222222222;0.22934978137994477;0.0;29.5;1.0;0.7;0.17;0.09090909090909091;0.4287806798772622;0.0;27.0;1.0
0;0.93;0.1;0.3333333333333333;0.3821242873315816;0.0;11.8;1.0;1.0;0.23;0.18181818181818182;0.5032426228673008;0.0;8.0;1.0
0;0.93;0.0;0.0;0.5909638625703278;0.0;35.0;1.0;0.9;0.16;0.09090909090909091;0.4035582869433056;0.0;42.0;1.0
0;0.86;0.0;0.0;0.0;0.0;28.0;1.0;1.0;0.2;0.09090909090909091;0.504447858679132;0.0;31.0;0.0
0;1.0;0.0;0.0;0.0;0.0;33.0;1.0;0.8;0.2;0.09090909090909091;0.504447858679132;0.0;36.0;1.0
0;0.71;0.02;0.1111111111111111;0.1313253027934062;0.0;19.0;1.0;0.8;0.24;0.2727272727272727;0.4998409324211767;0.0;16.0;1.0
1;0.57;0.0;0.0;0.0;0.0;0.0;0.0;0.1;0.0;0.0;0.0;0.0;0.0;0.0
1;1.0;0.04;0.2222222222222222;0.17942452160650266;0.0;34.0;1.0;1.1;0.18;0.18181818181818182;0.3083477978955968;0.0;0.0;0.0
1;0.86;0.0;0.0;0.0;0.0;14.0;1.0;0.7;0.0;0.0;0.0;0.0;5.0;1.0
1;0.36;0.0;0.0;0.0;0.0;11.0;1.0;1.0;0.25;0.18181818181818182;0.5087289639416146;0.0;9.0;1.0
1;0.29;0.0;0.0;0.0;0.0;0.0;1.0;0.1;0.0;0.0;0.0;0.0;0.0;1.0
0;0.93;0.0;0.0;0.0;0.0;20.0;1.0;0.8;0.2;0.09090909090909091;0.504447858679132;0.0;21.0;1.0
1;0.93;0.01;0.1111111111111111;0.0656626513967031;0.0;8.0;1.0;0.9;0.0;0.0;0.0;0.0;10.0;1.0
0;1.0;0.09;0.4444444444444444;0.30705042828064855;0.0;1.5;1.0;0.9;0.235;0.2727272727272727;0.4873478758687849;0.0;28.0;1.0
1;1.0;0.0;0.0;0.0;0.0;14.0;1.0;1.0;0.08;0.09090909090909091;0.2017791434716528;0.0;7.0;1.0
0;0.93;0.04;0.4444444444444444;0.11746092168471971;0.01;35.0;1.0;1.0;0.26;0.6363636363636364;0.4926150595547415;0.0;34.0;0.0
0;0.86;0.0;0.0;0.0;0.0;17.0;1.0;1.0;0.19;0.18181818181818182;0.42715906418490074;0.0;25.0;1.0
0;1.0;0.0;0.0;0.0;0.0;26.0;1.0;1.0;0.24;0.4545454545454546;0.49705628160430404;0.0;31.0;0.0
1;0.43;0.0;0.0;0.0;0.0;0.0;0.0;0.0;0.0;0.0;0.0;0.0;0.0;0.0
0;0.93;0.0;0.0;0.0;0.0;26.0;1.0;0.9;0.2;0.09090909090909091;0.504447858679132;0.0;23.0;1.0
0;0.5;0.0;0.0;0.0;0.0;30.0;1.0;0.8;0.2;0.09090909090909091;0.504447858679132;0.0;32.0;1.0
1;0.79;0.0;0.0;0.0;0.0;16.0;1.0;0.5;0.0;0.0;0.0;0.0;18.0;1.0
1;0.86;0.01;0.1111111111111111;0.0656626513967031;0.0;20.0;1.0;0.6;0.02;0.09090909090909091;0.0504447858679132;0.0;17.0;1.0
1;0.93;0.087;0.5555555555555556;0.25337616819650854;0.0;11.0;0.0;0.8;0.17;0.09090909090909091;0.4287806798772622;0.0;15.5;1.0
0;0.93;0.0;0.0;0.0;0.0;35.0;1.0;0.8;0.2;0.09090909090909091;0.504447858679132;0.0;45.0;1.0
1;0.86;0.08;0.4444444444444444;0.3322296569907492;0.0;0.0;1.0;0.8;0.135;0.18181818181818182;0.3269859092670131;0.0;0.0;1.0
1;0.79;0.02;0.1111111111111111;0.1313253027934062;0.0;0.0;1.0;0.3;0.0;0.0;0.0;0.0;0.0;0.0
1;0.5;0.025;0.2222222222222222;0.13322669875978965;0.0;0.0;0.0;0.6;0.03;0.36363636363636365;0.0348497439818599;0.0;0.0;1.0
0;0.86;0.0;0.0;0.0;0.0;15.0;1.0;0.9;0.2;0.09090909090909091;0.504447858679132;0.0;44.0;1.0
0;0.93;0.0;0.0;0.0;0.0;35.0;1.0;1.0;0.2;0.09090909090909091;0.504447858679132;0.0;45.0;1.0
0;1.0;0.09;0.4444444444444444;0.2664533975195793;0.0;7.0;1.0;0.6;0.26;0.36363636363636365;0.48444665991847946;0.0;34.0;1.0
0;0.93;0.0;0.0;0.0;0.0;30.0;1.0;0.4;0.2;0.09090909090909091;0.504447858679132;0.0;44.0;1.0
0;1.0;0.0;0.0;0.0;0.0;14.0;1.0;1.0;0.19;0.18181818181818182;0.42715906418490074;0.0;28.0;1.0
0;1.0;0.01;0.1111111111111111;0.0656626513967031;0.0;25.0;1.0;1.0;0.2;0.09090909090909091;0.504447858679132;0.0;37.0;1.0
0;1.0;0.0;0.0;0.0;0.0;12.0;1.0;1.0;0.225;0.18181818181818182;0.4907772389847322;0.0;35.0;1.0
0;0.93;0.0;0.0;0.0;0.0;34.5;1.0;1.0;0.2;0.09090909090909091;0.504447858679132;0.0;31.0;1.0
1;0.29;0.0;0.0;0.0;0.0;24.0;1.0;0.1;0.0;0.0;0.0;0.0;0.0;0.0
0;0.86;0.0;0.0;0.0;0.0;24.0;1.0;0.7;0.16;0.18181818181818182;0.35212943924269896;0.0;22.0;1.0
1;0.93;0.06;0.2222222222222222;1.0;0.0;0.0;1.0;1.1;0.26;0.18181818181818182;0.4797682242645275;0.0;0.0;0.0
0;0.86;0.0;0.0;0.0;0.0;12.0;1.0;0.9;0.2;0.09090909090909091;0.504447858679132;0.0;40.0;1.0
0;1.0;0.133;0.5555555555555556;0.34602410581506665;0.0;26.0;1.0;0.9;0.19;0.18181818181818182;0.4524079478151475;0.0;30.0;1.0
0;1.0;0.0;0.0;0.0;0.0;26.0;1.0;1.0;0.17;0.09090909090909091;0.4287806798772622;0.0;24.0;1.0
0;0.79;0.0;0.0;0.5909638625703278;0.0;25.0;1.0;1.0;0.2;0.09090909090909091;0.504447858679132;0.0;38.0;1.0
1;0.57;0.0;0.0;0.0;0.0;0.0;1.0;1.0;0.0;0.0;0.0;0.0;0.0;0.0
0;0.93;0.075;0.4444444444444444;0.23230724716497622;0.0;4.0;1.0;1.0;0.255;0.36363636363636365;0.47960606413066853;0.0;39.0;1.0
1;0.21;0.0;0.0;0.0;0.0;6.0;1.0;0.4;0.0;0.0;0.0;0.0;0.0;0.0
0;1.0;0.0;0.0;0.0;0.0;24.0;1.0;0.8;0.2;0.09090909090909091;0.504447858679132;0.0;38.0;1.0
0;0.79;0.02;0.1111111111111111;0.1313253027934062;0.0;18.0;1.0;0.9;0.2;0.2727272727272727;0.45067887154884484;0.0;38.0;1.0
1;0.86;0.0;0.0;0.0;0.0;0.0;0.0;1.0;0.0;0.0;0.0;0.0;0.0;0.0
0;1.0;0.02;0.1111111111111111;0.1313253027934062;0.0;13.0;1.0;1.1;0.18;0.09090909090909091;0.4540030728112188;0.0;24.0;0.0
1;1.0;0.0;0.0;0.39397590838021856;0.0;4.0;1.0;0.9;0.17;0.09090909090909091;0.4287806798772622;0.0;12.0;1.0
0;1.0;0.08;0.3333333333333333;0.34245449193389593;0.0;29.5;1.0;1.1;0.31;0.36363636363636365;0.47192904171627853;0.0;8.0;0.0
1;0.93;0.06;0.2222222222222222;0.28571428571428575;0.0;11.8;1.0;1.1;0.26;0.18181818181818182;0.4797682242645275;0.0;0.0;0.0
0;1.0;0.04;0.1111111111111111;0.2626506055868124;0.0;0.0;0.0;0.9;0.55;0.18181818181818182;1.0;0.0;39.0;0.0
1;0.86;0.08;0.5555555555555556;0.23492184336943941;0.0;0.0;0.0;0.4;0.02;0.09090909090909091;0.0504447858679132;0.0;0.0;0.0
0;1.0;0.14;0.6666666666666666;0.4498410820919797;0.0;18.0;1.0;0.9;0.26;0.2727272727272727;0.5049841227217242;0.0;37.0;1.0
1;0.86;0.0;0.0;0.0;0.0;0.0;1.0;0.4;0.0;0.0;0.0;0.0;0.0;1.0
1;0.79;0.01;0.1111111111111111;0.0656626513967031;0.0;0.0;0.0;0.3;0.0;0.0;0.0;0.0;0.0;0.0
0;1.0;0.0;0.0;0.0;0.0;12.0;1.0;1.0;0.19;0.09090909090909091;0.4792254657451755;0.0;40.0;0.0
1;1.0;0.0625;0.4444444444444444;0.35661429700262204;0.0;0.0;1.0;1.0;0.025;0.09090909090909091;0.0630559823348915;0.0;2.0;1.0
0;0.79;0.02;0.1111111111111111;0.1313253027934062;0.07;35.0;1.0;0.5;0.14;0.18181818181818182;0.3265655760682521;0.0;18.0;0.0
1;0.79;0.0;0.0;0.0;0.0;6.0;1.0;0.8;0.0;0.0;0.0;0.0;0.0;0.0
0;1.0;0.02;0.1111111111111111;0.1313253027934062;0.0;28.0;1.0;1.1;0.2;0.09090909090909091;0.504447858679132;0.0;26.0;0.0
0;1.0;0.0;0.0;0.0;0.0;10.0;1.0;1.0;0.22;0.18181818181818182;0.47831949959545955;0.0;34.0;1.0
1;0.93;0.0;0.0;0.0;0.0;20.0;0.0;0.8;0.1;0.09090909090909091;0.252223929339566;0.0;25.0;1.0
0;1.0;0.0;0.0;0.0;0.0;12.0;1.0;1.0;0.2;0.09090909090909091;0.504447858679132;0.0;44.0;1.0
1;1.0;0.0;0.0;0.0;0.0;12.0;1.0;1.1;0.2;0.09090909090909091;0.504447858679132;0.0;16.0;0.0
0;1.0;0.065;0.2222222222222222;0.3152491178792674;0.0;23.6;1.0;1.0;0.23;0.18181818181818182;0.5032426228673008;0.0;22.0;1.0
0;0.79;0.01;0.1111111111111111;0.3950687701422468;0.0;16.0;1.0;1.0;0.17;0.09090909090909091;0.4287806798772622;0.0;23.0;1.0
0;1.0;0.01;0.1111111111111111;0.2664533975195793;0.0;18.0;1.0;1.1;0.22;0.2727272727272727;0.5009966355418406;0.0;21.0;0.0
0;1.0;0.0;0.0;0.0;0.0;35.0;1.0;1.0;0.2;0.09090909090909091;0.504447858679132;0.0;39.0;1.0
0;1.0;0.09;0.4444444444444444;0.2664533975195793;0.0;6.0;1.0;0.8;0.21;0.18181818181818182;0.4822666394858011;0.0;29.0;1.0
0;1.0;0.055;0.3333333333333333;0.21827276711105478;0.0;33.0;1.0;1.0;0.26;0.36363636363636365;0.4982184442419507;0.0;36.0;1.0
0;0.93;0.0;0.0;0.0;0.0;35.0;1.0;1.0;0.2;0.09090909090909091;0.504447858679132;0.0;38.0;0.0
1;0.79;0.0;0.0;0.0;0.0;2.0;1.0;0.8;0.065;0.18181818181818182;0.11400917284448676;0.0;0.0;0.0
1;1.0;0.0;0.0;0.0;0.0;8.0;1.0;0.9;0.155;0.18181818181818182;0.31747350759731247;0.0;30.0;1.0
0;0.86;0.0;0.0;0.0;0.0;25.0;1.0;1.1;0.2;0.09090909090909091;0.504447858679132;0.0;40.0;0.0
0;1.0;0.0;0.0;0.0;0.0;35.0;1.0;0.9;0.2;0.09090909090909091;0.504447858679132;0.0;45.0;1.0
0;0.93;0.0;0.0;0.0;0.0;24.0;1.0;1.0;0.2;0.09090909090909091;0.504447858679132;0.0;32.0;0.0
0;0.79;0.03;0.1111111111111111;0.19698795419010928;0.0;23.6;1.0;0.9;0.22;0.18181818181818182;0.502379969888262;0.0;45.0;0.0
0;1.0;0.15;0.6666666666666666;0.38920471532862083;0.0;28.0;1.0;0.8;0.14;0.18181818181818182;0.30228631617265056;0.0;23.0;1.0
1;0.93;0.0;0.0;0.0;0.0;8.0;1.0;1.0;0.2;0.09090909090909091;0.504447858679132;0.0;24.0;0.0
0;0.64;0.0;0.0;0.39397590838021856;0.0;22.0;1.0;0.3;0.16;0.09090909090909091;0.4035582869433056;0.0;10.0;1.0
0;0.93;0.01;0.1111111111111111;0.8517604311868868;0.0;18.0;1.0;1.1;0.14;0.18181818181818182;0.30228631617265056;0.0;35.0;0.0
1;0.93;0.0;0.0;0.0;0.0;14.0;0.0;0.5;0.0;0.0;0.0;0.0;0.0;0.0
0;0.79;0.0;0.0;0.0;0.0;31.0;1.0;1.0;0.2;0.09090909090909091;0.504447858679132;0.0;45.0;0.0
1;0.79;0.02;0.1111111111111111;0.1313253027934062;0.0;8.0;1.0;0.8;0.27;0.4545454545454546;0.38396199430412525;0.03;0.0;1.0
0;1.0;0.01;0.1111111111111111;0.988435575271159;0.0;31.0;1.0;1.1;0.27;0.2727272727272727;0.4930257922110383;0.0;36.0;0.0
0;0.86;0.02;0.1111111111111111;0.1313253027934062;0.0;32.0;0.0;1.0;0.2;0.09090909090909091;0.504447858679132;0.0;45.0;0.0
1;1.0;0.0;0.0;0.0;0.0;24.0;1.0;1.0;0.14;0.09090909090909091;0.35311350107539247;0.0;10.0;0.0
1;1.0;0.02;0.2222222222222222;0.331796784289663;0.0;13.0;1.0;1.0;0.11;0.18181818181818182;0.251189984944131;0.0;23.0;1.0
0;1.0;0.01;0.1111111111111111;0.0656626513967031;0.0;24.0;1.0;1.0;0.2;0.09090909090909091;0.504447858679132;0.0;34.0;1.0
0;0.93;0.03;0.3333333333333333;0.10587784399937923;0.0;18.0;1.0;1.0;0.2;0.09090909090909091;0.504447858679132;0.0;37.0;1.0
1;0.57;0.02;0.1111111111111111;0.1313253027934062;0.0;8.0;1.0;0.5;0.225;0.18181818181818182;0.5114449254793433;0.05;19.0;1.0
1;0.0;0.0;0.0;0.0;0.0;0.0;1.0;0.1;0.0;0.0;0.0;0.0;0.0;0.0
1;0.93;0.08;0.2222222222222222;0.4068965685236069;0.0;0.0;1.0;0.7;0.08;0.09090909090909091;0.2017791434716528;0.0;0.0;0.0
1;0.36;0.0;0.0;0.0;0.0;2.0;1.0;0.6;0.0;0.0;0.0;0.0;0.0;0.0
0;0.43;0.04;0.1111111111111111;0.2626506055868124;0.0;35.0;1.0;0.8;0.22;0.18181818181818182;0.502379969888262;0.0;44.0;0.0
0;1.0;0.02;0.2222222222222222;0.08971226080325133;0.0;25.0;0.0;1.0;0.21;0.2727272727272727;0.345748403097069;0.0;20.0;0.0
0;0.93;0.0;0.0;0.7879518167604371;0.0;24.0;1.0;1.0;0.21;0.18181818181818182;0.4772906590933497;0.0;34.0;1.0
1;1.0;0.0;0.0;0.0;0.0;7.0;1.0;0.7;0.16;0.09090909090909091;0.4035582869433056;0.0;12.0;1.0
0;0.64;0.03;0.1111111111111111;0.20344828426180345;0.04;23.6;1.0;0.9;0.22;0.18181818181818182;0.502379969888262;0.0;31.0;1.0
1;0.93;0.0;0.0;0.0;0.0;23.0;1.0;0.7;0.2;0.09090909090909091;0.504447858679132;0.0;10.0;1.0
0;0.86;0.11;0.5555555555555556;0.2831880266979453;0.0;14.0;1.0;0.7;0.235;0.7272727272727273;0.49686717342611214;0.0;36.5;1.0
0;1.0;0.096;0.5555555555555556;0.26956364514017644;0.0;18.0;1.0;1.0;0.261;0.2727272727272727;0.5063537082356216;0.0;38.3;1.0
0;1.0;0.134;0.6666666666666666;0.2969810734313384;0.0;18.0;1.0;1.0;0.265;0.36363636363636365;0.5025474403377896;0.0;37.1;1.0
0;1.0;0.02;0.2222222222222222;0.08971226080325133;0.0;25.0;1.0;1.0;0.15;0.09090909090909091;0.3783358940093491;0.0;33.0;1.0
0;0.86;0.06;0.3333333333333333;0.232461860990522;0.0;23.0;1.0;0.6;0.2;0.09090909090909091;0.504447858679132;0.0;42.5;1.0
1;0.43;0.0;0.0;0.0;0.0;0.0;1.0;0.5;0.07;0.09090909090909091;0.17655675053769623;0.0;0.0;0.0
0;0.86;0.08;0.2222222222222222;0.45995113278807404;0.0;0.0;0.0;0.7;0.52;0.18181818181818182;0.9456945040353666;0.0;38.0;1.0
1;0.21;0.02;0.1111111111111111;0.09738689248698314;0.0;10.0;1.0;0.24;0.0;0.0;0.0;0.25;0.0;0.0
1;0.29;0.0;0.0;0.0;0.0;4.0;1.0;0.1;0.14;0.09090909090909091;0.35311350107539247;0.0;0.0;0.0
0;1.0;0.03;0.2222222222222222;0.14285714285714288;0.0;33.0;1.0;1.0;0.2;0.09090909090909091;0.504447858679132;0.0;41.0;1.0
1;0.71;0.03;0.2222222222222222;0.14285714285714288;0.0;10.0;1.0;1.0;0.2;0.09090909090909091;0.504447858679132;0.0;17.0;1.0
1;0.71;0.0;0.0;0.19698795419010928;0.0;12.0;0.0;0.1;0.035;0.09090909090909091;0.08827837526884812;0.0;18.0;1.0
0;0.71;0.0;0.0;0.0;0.0;9.0;1.0;0.8;0.2;0.09090909090909091;0.504447858679132;0.0;39.0;1.0
0;0.64;0.0;0.0;0.0;0.0;16.0;1.0;0.7;0.22;0.18181818181818182;0.502379969888262;0.0;36.0;1.0
0;0.79;0.0;0.0;0.0;0.0;19.0;1.0;1.1;0.2;0.09090909090909091;0.504447858679132;0.0;39.0;0.0
0;0.57;0.0;0.0;0.0;0.0;35.0;1.0;0.2;0.0;0.0;0.0;0.0;28.0;0.0
0;0.93;0.02;0.1111111111111111;0.1313253027934062;0.0;0.0;1.0;0.9;0.26;0.2727272727272727;0.48121258746485945;0.0;24.0;1.0
0;1.0;0.04;0.3333333333333333;0.5929062305439863;0.0;34.0;1.0;1.0;0.21;0.2727272727272727;0.4758343912928921;0.0;45.0;1.0
1;1.0;0.01;0.1111111111111111;0.0656626513967031;0.0;16.0;1.0;1.0;0.06;0.09090909090909091;0.15133435760373962;0.0;27.0;1.0
1;0.71;0.0;0.0;0.0;0.0;3.0;1.0;0.9;0.25;0.36363636363636365;0.4087924316366208;0.03;9.0;1.0
0;1.0;0.0;0.0;0.9914842932520161;0.0;26.0;1.0;1.0;0.2;0.09090909090909091;0.504447858679132;0.0;45.0;1.0
1;1.0;0.0;0.0;0.0;0.0;0.0;1.0;1.0;0.33;0.18181818181818182;0.5761135064458166;0.0;12.0;1.0
0;1.0;0.158;0.7777777777777777;0.34068729883125703;0.0;34.0;1.0;1.0;0.19;0.18181818181818182;0.42715906418490074;0.0;28.5;1.0
0;0.93;0.145;0.8888888888888888;0.3194517796070442;0.0;8.0;1.0;0.7;0.17;0.36363636363636365;0.374803555432091;0.0;32.5;1.0
0;0.93;0.07;0.2222222222222222;0.34537972071375356;0.0;21.0;1.0;1.0;0.2;0.09090909090909091;0.504447858679132;0.0;32.0;0.0
0;0.79;0.0;0.0;0.0;0.0;27.0;1.0;1.1;0.32;0.4545454545454546;0.5259997407384861;0.0;41.0;0.0
0;0.64;0.0;0.0;0.0;0.0;31.0;1.0;0.6;0.2;0.09090909090909091;0.504447858679132;0.0;27.0;1.0
0;0.93;0.0;0.0;0.0;0.0;28.0;1.0;1.0;0.18;0.09090909090909091;0.4540030728112188;0.0;21.0;1.0
1;0.64;0.033;0.2222222222222222;0.5952166327451895;0.0;7.5;1.0;0.6;0.23;0.18181818181818182;0.5032426228673008;0.0;23.2;1.0
1;0.71;0.0;0.0;0.0;0.0;5.0;1.0;0.9;0.015;0.09090909090909091;0.037833589400934904;0.0;0.0;0.0
0;1.0;0.06;0.3333333333333333;0.232461860990522;0.02;35.0;1.0;1.1;0.24;0.4545454545454546;0.49705628160430404;0.0;45.0;0.0
0;1.0;0.06;0.1111111111111111;0.39397590838021856;0.0;29.5;1.0;0.9;0.22;0.18181818181818182;0.502379969888262;0.0;23.0;1.0
0;0.86;0.04;0.3333333333333333;0.15164139783836436;0.0;27.0;1.0;0.7;0.2;0.18181818181818182;0.4775934893116816;0.0;40.0;1.0
0;1.0;0.02;0.2222222222222222;0.08971226080325133;0.0;27.0;1.0;1.0;0.19;0.18181818181818182;0.4524079478151475;0.0;37.0;1.0
1;0.71;0.0;0.0;0.0;0.0;0.0;1.0;0.9;0.26;0.18181818181818182;0.4797682242645275;0.0;15.0;0.0
0;0.86;0.0;0.0;0.0;0.0;22.2;1.0;0.8;0.2;0.09090909090909091;0.504447858679132;0.0;32.0;0.0
1;0.86;0.037000000000000005;0.2222222222222222;0.17728915877109835;0.0;0.0;0.0;0.6;0.198;0.18181818181818182;0.4521419728994358;0.0;2.0;1.0
0;1.0;0.0;0.0;0.0;0.0;17.0;0.0;0.9;0.22;0.2727272727272727;0.5009966355418406;0.0;34.0;0.0
0;0.71;0.036000000000000004;0.2222222222222222;0.16402525061677709;0.0;6.0;1.0;0.6;0.212;0.18181818181818182;0.502600950055052;0.0;30.2;1.0
0;0.64;0.0;0.0;0.0;0.0;20.0;1.0;0.4;0.2;0.09090909090909091;0.504447858679132;0.0;24.0;1.0
0;0.64;0.0;0.0;0.0;0.0;16.0;1.0;0.7;0.2;0.09090909090909091;0.504447858679132;0.0;40.0;1.0
1;0.71;0.0;0.0;0.0;0.0;10.0;1.0;0.4;0.15;0.09090909090909091;0.3783358940093491;0.0;15.0;1.0
0;0.86;0.0;0.0;0.0;0.0;26.0;1.0;0.4;0.2;0.09090909090909091;0.504447858679132;0.0;33.0;1.0
0;0.93;0.0;0.0;0.0;0.0;0.0;0.0;0.9;0.27;0.4545454545454546;0.421708645527964;0.0;18.0;1.0
0;0.79;0.0;0.0;0.9827485785345457;0.0;22.0;1.0;1.0;0.16;0.09090909090909091;0.4035582869433056;0.0;23.0;1.0
0;0.93;0.245;1.0;0.4025465075189734;0.01;33.0;1.0;1.0;0.215;0.36363636363636365;0.47472403094619586;0.0;20.0;1.0
0;0.93;0.043;0.3333333333333333;0.1785814886502271;0.0;11.0;1.0;0.9;0.22699999999999998;0.2727272727272727;0.500915245836712;0.0;23.0;1.0
0;0.86;0.0;0.0;0.0;0.0;34.0;1.0;0.9;0.32;0.8181818181818182;0.4613322907681074;0.0;45.0;1.0
1;0.93;0.02;0.1111111111111111;0.1313253027934062;0.0;0.0;0.0;1.1;0.0;0.0;0.0;0.0;0.0;0.0
0;0.64;0.0;0.0;0.0;0.0;25.0;1.0;0.6;0.22;0.5454545454545454;0.37037979497794515;0.0;12.0;1.0
1;1.0;0.02;0.1111111111111111;0.22934978137994477;0.0;15.0;1.0;1.0;0.04;0.09090909090909091;0.1008895717358264;0.0;15.0;1.0
0;0.93;0.0;0.0;0.0;0.0;35.0;1.0;0.9;0.225;0.18181818181818182;0.4907772389847322;0.0;43.0;1.0
1;0.86;0.0;0.0;0.0;0.0;11.0;1.0;1.0;0.055;0.09090909090909091;0.1387231611367613;0.0;0.0;0.0
0;0.79;0.02;0.1111111111111111;0.1313253027934062;0.0;19.0;1.0;0.7;0.185;0.18181818181818182;0.3521910236613777;0.0;17.0;1.0
0;1.0;0.0;0.0;0.39397590838021856;0.0;28.0;0.0;1.0;0.17;0.2727272727272727;0.35040068111488665;0.0;31.0;1.0
0;1.0;0.0;0.0;0.0;0.0;21.0;1.0;0.7;0.2;0.09090909090909091;0.504447858679132;0.0;27.0;1.0
1;1.0;0.0;0.0;0.0;0.0;21.0;1.0;1.0;0.17;0.09090909090909091;0.4287806798772622;0.0;15.0;1.0
0;0.86;0.125;0.6666666666666666;0.3744306783027647;0.0;21.0;1.0;0.9;0.165;0.36363636363636365;0.37540100588038966;0.0;26.5;1.0
1;0.71;0.0;0.0;0.0;0.0;5.9;1.0;1.0;0.0;0.0;0.0;0.0;32.0;0.0
0;1.0;0.0;0.0;0.0;0.0;11.0;1.0;1.0;0.2;0.09090909090909091;0.504447858679132;0.0;45.0;1.0
0;0.5;0.035;0.1111111111111111;0.22981927988846085;0.0;17.7;1.0;0.7;0.17;0.09090909090909091;0.4287806798772622;0.0;24.0;0.0
1;1.0;0.0;0.0;0.0;0.0;14.0;1.0;1.0;0.095;0.09090909090909091;0.23961273287258775;0.0;15.0;1.0
0;0.86;0.0;0.0;0.0;0.0;35.0;1.0;0.8;0.2;0.09090909090909091;0.504447858679132;0.0;45.0;0.0
0;1.0;0.05;0.4444444444444444;0.1581366054175337;0.0;24.0;1.0;0.9;0.15;0.18181818181818182;0.35171860088177664;0.0;36.0;1.0
1;1.0;0.01;0.1111111111111111;0.0656626513967031;0.0;20.0;1.0;1.0;0.06;0.09090909090909091;0.15133435760373962;0.0;23.0;1.0
1;1.0;0.0;0.0;0.0;0.0;5.0;0.0;0.7;0.1;0.5454545454545454;0.09738944000606499;0.0;30.0;1.0
0;1.0;0.05;0.5555555555555556;0.12573440482871626;0.0;29.0;1.0;1.1;0.21;0.5454545454545454;0.36905016202735647;0.0;21.0;0.0
1;1.0;0.02;0.1111111111111111;0.1313253027934062;0.0;29.5;1.0;0.9;0.15;0.09090909090909091;0.3783358940093491;0.0;4.0;1.0
1;0.29;0.0;0.0;0.0;0.0;5.0;1.0;0.0;0.0;0.0;0.0;0.0;0.0;0.0
0;0.86;0.0;0.0;0.0;0.0;19.0;1.0;0.9;0.07;0.18181818181818182;0.12048328644333012;0.0;41.0;1.0
1;0.57;0.0;0.0;0.9849397709505465;0.0;0.0;0.0;0.8;0.06;0.09090909090909091;0.15133435760373962;0.0;6.0;1.0
0;0.93;0.03;0.1111111111111111;0.19698795419010928;0.0;12.0;1.0;1.0;0.33;0.8181818181818182;0.4859366267136967;0.0;38.0;1.0
0;0.93;0.0;0.0;0.0;0.0;35.0;1.0;1.0;0.2;0.09090909090909091;0.504447858679132;0.0;45.0;1.0
0;0.64;0.0;0.0;0.0;0.0;29.0;1.0;1.0;0.2;0.09090909090909091;0.504447858679132;0.0;45.0;0.0
0;1.0;0.01;0.1111111111111111;0.0656626513967031;0.0;25.0;1.0;1.0;0.18;0.09090909090909091;0.4540030728112188;0.0;43.0;1.0
1;1.0;0.0;0.0;0.0;0.0;4.0;1.0;0.9;0.0;0.0;0.0;0.0;5.5;1.0
1;1.0;0.05;0.2222222222222222;0.22934978137994477;0.0;5.9;1.0;1.1;0.32;0.36363636363636365;0.5180228714379629;0.0;0.0;0.0
1;0.36;0.0;0.0;0.0;0.0;0.0;0.0;0.0;0.0;0.0;0.0;0.0;0.0;0.0
0;0.93;0.02;0.2222222222222222;0.08971226080325133;0.0;30.0;1.0;1.0;0.14;0.09090909090909091;0.35311350107539247;0.0;45.0;1.0
0;1.0;0.0;0.0;0.0;0.0;26.0;1.0;1.0;0.2;0.09090909090909091;0.504447858679132;0.0;45.0;1.0
1;0.64;0.0;0.0;0.0;0.0;0.0;1.0;0.3;0.22;0.2727272727272727;0.5009966355418406;0.0;13.0;1.0
0;1.0;0.0;0.0;0.0;0.0;27.0;1.0;1.1;0.25;0.5454545454545454;0.49489908622489703;0.0;28.0;0.0
0;1.0;0.03;0.1111111111111111;0.19698795419010928;0.0;29.0;1.0;0.8;0.26;0.6363636363636364;0.37037979497794526;0.0;42.0;1.0
1;0.71;0.0;0.0;0.0;0.0;32.0;1.0;0.2;-0.02;0.0;0.0;0.02;27.0;1.0
0;0.71;0.0;0.0;0.0;0.0;33.0;1.0;1.0;0.21;0.18181818181818182;0.502782725469095;0.0;28.0;0.0
1;0.79;0.0;0.0;0.0;0.0;0.0;0.0;1.1;0.0;0.0;0.0;0.0;0.0;0.0
1;1.0;0.06;0.2222222222222222;0.28571428571428575;0.0;6.0;1.0;1.1;0.32;0.2727272727272727;0.5233542935866491;0.0;0.0;0.0
0;1.0;0.06;0.2222222222222222;0.28571428571428575;0.0;4.0;1.0;1.1;0.42;0.36363636363636365;0.568076787995903;0.0;16.0;0.0
0;0.93;0.17;0.6666666666666666;0.4258802155934434;0.0;12.0;1.0;1.0;0.205;0.18181818181818182;0.5034580551562541;0.0;36.0;1.0
1;0.86;0.02;0.1111111111111111;0.1313253027934062;0.0;18.0;1.0;1.0;0.0;0.0;0.0;0.0;21.0;1.0
1;0.64;0.0;0.0;0.0;0.0;12.0;1.0;0.3;0.0;0.0;0.0;0.0;26.0;1.0
0;1.0;0.0;0.0;0.19698795419010928;0.0;15.0;1.0;1.0;0.2;0.09090909090909091;0.504447858679132;0.0;27.0;1.0
0;0.71;0.0;0.0;0.0;0.0;26.0;1.0;0.7;0.21;0.18181818181818182;0.502782725469095;0.0;25.0;0.0
1;0.93;0.0;0.0;0.0;0.0;5.0;1.0;0.9;0.0;0.0;0.0;0.0;0.0;0.0
0;1.0;0.0;0.0;0.0;0.0;16.0;1.0;0.9;0.16;0.09090909090909091;0.4035582869433056;0.0;22.0;1.0
1;0.79;0.0;0.0;0.4596385597769217;0.0;9.0;1.0;1.1;0.09;0.09090909090909091;0.2270015364056094;0.0;11.0;0.0
0;1.0;0.02;0.1111111111111111;0.1313253027934062;0.0;24.0;1.0;1.1;0.18;0.09090909090909091;0.4540030728112188;0.0;43.0;0.0
1;1.0;0.0;0.0;0.0;0.0;11.0;1.0;1.0;0.19;0.18181818181818182;0.40377319329755074;0.0;12.0;1.0
0;0.93;0.0;0.0;0.0;0.0;8.0;1.0;0.6;0.24;0.2727272727272727;0.4998409324211767;0.0;29.0;1.0
0;1.0;0.01;0.1111111111111111;0.0656626513967031;0.0;20.0;1.0;1.1;0.18;0.09090909090909091;0.4540030728112188;0.0;32.0;0.0
0;0.79;0.085;0.4444444444444444;0.3031643026869835;0.0;26.6;1.0;1.0;0.21;0.18181818181818182;0.45342947425897584;0.0;21.0;1.0
1;0.93;0.01;0.1111111111111111;0.0656626513967031;0.0;8.0;1.0;1.1;0.2;0.09090909090909091;0.504447858679132;0.0;16.0;0.0
1;1.0;0.01;0.1111111111111111;0.0656626513967031;0.0;20.0;1.0;1.0;0.06;0.09090909090909091;0.15133435760373962;0.0;19.0;1.0
1;0.43;0.0;0.0;0.0;0.0;0.0;1.0;0.4;0.0;0.0;0.0;0.0;16.0;0.0
0;0.93;0.01;0.1111111111111111;0.0656626513967031;0.0;20.0;1.0;1.1;0.18;0.09090909090909091;0.4540030728112188;0.0;27.0;0.0
0;1.0;0.105;0.4444444444444444;0.3097301071786536;0.0;9.0;1.0;0.9;0.265;0.36363636363636365;0.4898902751002987;0.0;45.0;1.0
1;0.57;0.03;0.2222222222222222;0.14285714285714288;0.0;19.0;1.0;0.3;0.14;0.09090909090909091;0.3655974166301758;0.01;8.0;1.0
0;1.0;0.01;0.1111111111111111;0.9827485785345457;0.0;15.0;1.0;1.0;0.04;0.09090909090909091;0.1008895717358264;0.0;45.0;1.0
0;1.0;0.14;0.7777777777777777;0.3339555369523157;0.0;22.0;1.0;1.0;0.168;0.4545454545454546;0.32427655341583345;0.0;13.5;1.0
1;0.79;0.033;0.2222222222222222;0.6618043919287632;0.0;6.0;1.0;0.7;0.192;0.2727272727272727;0.37904146309383874;0.0;25.0;1.0
0;0.86;0.125;0.6666666666666666;0.2753398172201467;0.0;13.0;1.0;0.9;0.263;0.36363636363636365;0.5028235583723197;0.0;40.2;1.0
1;0.93;0.0;0.0;0.0;0.0;0.0;1.0;0.7;0.0;0.0;0.0;0.0;8.0;0.0
1;0.64;0.03;0.2222222222222222;0.14285714285714288;0.0;0.0;1.0;0.7;0.53;0.2727272727272727;0.7702690705452809;0.0;0.0;0.0
1;0.36;0.0;0.0;0.0;0.0;0.0;1.0;0.5;0.0;0.0;0.0;0.0;0.0;0.0
1;0.5;0.0;0.0;0.0;0.0;5.9;1.0;0.9;0.0;0.0;0.0;0.0;0.0;0.0
0;1.0;0.0;0.0;0.0;0.0;10.0;1.0;1.0;0.3;0.8181818181818182;0.4864718976232278;0.0;29.0;1.0
1;0.93;0.0;0.0;0.0;0.0;0.0;1.0;0.8;0.215;0.18181818181818182;0.48983360585510954;0.0;22.0;1.0
0;1.0;0.0;0.0;0.0;0.0;35.0;1.0;1.0;0.2;0.09090909090909091;0.504447858679132;0.0;45.0;1.0
0;1.0;0.05;0.3333333333333333;0.20833453099205426;0.0;22.0;1.0;1.0;0.16;0.18181818181818182;0.37688089783154227;0.0;27.0;1.0
0;0.93;0.01;0.1111111111111111;0.0656626513967031;0.0;24.0;1.0;0.7;0.2;0.09090909090909091;0.504447858679132;0.0;38.5;1.0
1;0.0;0.0;0.0;0.0;0.0;0.0;0.0;0.0;0.0;0.0;0.0;0.0;0.0;0.0
1;0.93;0.03;0.1111111111111111;0.19698795419010928;0.0;5.9;1.0;1.1;0.32;0.2727272727272727;0.4552751489183232;0.0;4.0;0.0
0;1.0;0.0;0.0;0.0;0.0;31.0;1.0;0.8;0.19;0.09090909090909091;0.4792254657451755;0.0;26.0;1.0
0;0.71;0.0;0.0;0.0;0.0;5.0;1.0;1.0;0.33;0.8181818181818182;0.4859366267136967;0.0;17.0;1.0
1;0.36;0.0;0.0;0.39397590838021856;0.0;11.8;1.0;0.9;0.19;0.09090909090909091;0.4792254657451755;0.0;0.0;0.0
1;0.79;0.0;0.0;0.0;0.0;0.0;0.0;0.2;0.02;0.09090909090909091;0.0504447858679132;0.0;0.0;0.0
0;1.0;0.0;0.0;0.0;0.0;29.0;1.0;1.0;0.2;0.09090909090909091;0.504447858679132;0.0;45.0;1.0
0;0.21;0.0;0.0;0.0;0.0;12.0;1.0;1.0;0.26;0.2727272727272727;0.4162563283191841;0.0;25.0;1.0
1;0.79;0.03;0.2222222222222222;0.14285714285714288;0.0;0.0;1.0;0.3;0.0;0.0;0.0;0.0;0.0;1.0
1;0.93;0.0;0.0;0.0;0.0;10.0;1.0;0.8;0.1;0.09090909090909091;0.252223929339566;0.0;0.0;0.0
0;0.93;0.01;0.1111111111111111;0.7863085369389083;0.0;35.0;1.0;1.0;0.2;0.09090909090909091;0.504447858679132;0.0;39.0;0.0
1;0.14;0.0;0.0;0.0;0.0;21.0;1.0;0.0;0.0;0.0;0.0;0.0;0.0;0.0
0;0.79;0.02;0.1111111111111111;0.1313253027934062;0.0;24.0;1.0;1.0;0.2;0.09090909090909091;0.504447858679132;0.0;16.0;1.0
0;0.93;0.14100000000000001;0.7777777777777777;0.2693876462236403;0.0;18.0;1.0;1.0;0.261;0.36363636363636365;0.5017827220812651;0.0;33.8;1.0
0;1.0;0.0;0.0;0.0;0.0;28.0;1.0;1.0;0.2;0.09090909090909091;0.504447858679132;0.0;45.0;0.0
0;0.93;0.13;0.6666666666666666;0.33524411615835786;0.0;6.0;1.0;0.8;0.15;0.09090909090909091;0.3783358940093491;0.0;27.0;1.0
0;0.5;0.02;0.1111111111111111;0.1313253027934062;0.0;8.9;1.0;0.8;0.23;0.18181818181818182;0.5032426228673008;0.0;31.0;1.0
0;0.86;0.0;0.0;0.0;0.0;35.0;1.0;0.9;0.2;0.09090909090909091;0.504447858679132;0.0;41.0;0.0
1;0.71;0.0;0.0;0.0;0.0;5.0;1.0;1.1;0.0;0.0;0.0;0.0;0.0;0.0
1;0.5;0.0;0.0;0.0;0.0;0.0;0.0;0.0;0.0;0.0;0.0;0.0;0.0;0.0
0;1.0;0.0;0.0;0.0;0.0;35.0;1.0;0.9;0.23;0.18181818181818182;0.5032426228673008;0.0;45.0;1.0
0;1.0;0.02;0.1111111111111111;0.1313253027934062;0.0;27.0;1.0;1.0;0.05;0.09090909090909091;0.126111964669783;0.0;28.0;1.0
0;0.79;0.0;0.0;0.0;0.0;31.0;1.0;0.9;0.32;0.7272727272727273;0.4890803447271254;0.0;34.0;1.0
0;0.86;0.0;0.0;0.0;0.0;33.0;1.0;1.0;0.17;0.09090909090909091;0.4287806798772622;0.0;30.0;0.0
0;0.93;0.01;0.1111111111111111;0.0656626513967031;0.0;23.0;1.0;1.1;0.18;0.09090909090909091;0.4540030728112188;0.0;24.0;0.0
0;0.79;0.0;0.0;0.656626513967031;0.0;29.0;1.0;0.5;0.12;0.09090909090909091;0.30266871520747923;0.0;35.0;0.0
0;1.0;0.0;0.0;0.0;0.0;17.0;0.0;0.5;0.2;0.09090909090909091;0.504447858679132;0.0;27.0;1.0
0;0.79;0.0;0.0;0.0;0.0;35.0;1.0;0.8;0.2;0.09090909090909091;0.504447858679132;0.0;45.0;1.0
1;0.93;0.0;0.0;0.0;0.0;1.0;1.0;0.3;0.0;0.0;0.0;0.0;0.0;0.0
0;1.0;0.0;0.0;0.0;0.0;27.0;1.0;1.0;0.32;0.8181818181818182;0.484804669569449;0.0;38.0;1.0
1;0.93;0.0;0.0;0.0;0.0;3.0;1.0;1.0;0.3;0.8181818181818182;0.4864718976232278;0.0;15.0;1.0
0;1.0;0.03;0.2222222222222222;0.14285714285714288;0.0;23.0;1.0;1.0;0.23;0.6363636363636364;0.41729705749166;0.0;44.0;1.0
0;1.0;0.0;0.0;0.0;0.0;19.0;1.0;1.0;0.14;0.09090909090909091;0.35311350107539247;0.0;32.0;1.0
0;0.86;0.0;0.0;0.0;0.0;16.0;1.0;0.8;0.2;0.09090909090909091;0.504447858679132;0.0;15.0;0.0
1;0.93;0.03;0.1111111111111111;0.6728419560243849;0.0;17.7;1.0;1.0;0.0;0.0;0.0;0.0;0.0;0.0
0;0.79;0.02;0.1111111111111111;0.1313253027934062;0.0;29.0;1.0;0.9;0.2;0.09090909090909091;0.504447858679132;0.0;27.0;1.0
0;1.0;0.0;0.0;0.0;0.0;14.0;1.0;1.1;0.21;0.18181818181818182;0.45342947425897584;0.0;26.0;0.0
0;1.0;0.0675;0.4444444444444444;0.22962377217133123;0.0;0.0;0.0;1.0;0.2325;0.2727272727272727;0.49876068142797686;0.0;31.0;1.0
0;0.79;0.08;0.3333333333333333;0.2877193228445791;0.0;19.0;0.0;0.7;0.165;0.36363636363636365;0.37540100588038966;0.0;19.0;1.0
1;0.86;0.085;0.5555555555555556;0.2513258890379553;0.0;0.0;1.0;0.9;0.19;0.18181818181818182;0.4524079478151475;0.0;0.0;1.0
1;0.71;0.01;0.1111111111111111;0.0656626513967031;0.0;4.0;1.0;0.9;0.0;0.0;0.0;0.0;0.0;1.0
0;0.93;0.02;0.1111111111111111;0.1313253027934062;0.0;32.0;1.0;1.0;0.13;0.09090909090909091;0.32789110814143585;0.0;29.0;1.0
0;0.93;0.0;0.0;0.0;0.0;12.0;1.0;0.8;0.2;0.09090909090909091;0.504447858679132;0.0;44.0;1.0
1;0.57;0.01;0.1111111111111111;0.0656626513967031;0.0;13.0;1.0;0.8;0.1;0.09090909090909091;0.252223929339566;0.0;35.0;1.0
1;0.43;0.0;0.0;0.0;0.0;0.0;0.0;0.0;0.0;0.0;0.0;0.0;0.0;0.0
0;1.0;0.02;0.1111111111111111;0.1313253027934062;0.0;8.0;1.0;1.1;0.3;0.18181818181818182;0.522248068943302;0.0;21.0;0.0
0;0.93;0.055;0.3333333333333333;0.19607385202256705;0.0;29.5;1.0;0.9;0.11;0.18181818181818182;0.20896012549434848;0.0;16.0;0.0
0;1.0;0.03;0.2222222222222222;0.14285714285714288;0.0;32.0;1.0;1.0;0.21;0.36363636363636365;0.4233511391666698;0.0;42.0;1.0
1;0.86;0.0;0.0;0.0;0.0;15.0;1.0;1.0;0.2;0.09090909090909091;0.504447858679132;0.0;12.0;1.0
0;0.93;0.045;0.3333333333333333;0.1658983921448315;0.0;28.5;1.0;0.8;0.17;0.09090909090909091;0.4287806798772622;0.0;16.0;1.0
1;1.0;0.0;0.0;0.0;0.0;7.0;1.0;1.1;0.04;0.09090909090909091;0.1008895717358264;0.0;0.0;0.0
1;0.64;0.0;0.0;0.7879518167604371;0.0;0.0;1.0;0.3;0.21;0.18181818181818182;0.502782725469095;0.0;22.0;1.0
1;0.36;0.0;0.0;0.0;0.0;0.0;0.0;0.2;0.0;0.0;0.0;0.0;0.0;0.0
1;1.0;0.0;0.0;0.0;0.0;25.0;0.0;0.5;0.18;0.09090909090909091;0.4540030728112188;0.0;7.0;1.0
0;0.93;0.02;0.1111111111111111;0.1313253027934062;0.0;28.0;1.0;1.0;0.2;0.09090909090909091;0.504447858679132;0.0;26.0;1.0
0;1.0;0.0;0.0;0.0;0.0;9.0;1.0;1.0;0.2;0.09090909090909091;0.504447858679132;0.0;38.0;1.0
1;0.57;0.0;0.0;0.0;0.0;15.0;1.0;1.0;0.1;0.09090909090909091;0.252223929339566;0.0;14.0;1.0
1;0.79;0.02;0.1111111111111111;0.1313253027934062;0.0;7.0;1.0;0.7;0.16;0.0;0.49846205825653084;0.03;13.0;1.0
1;0.79;0.0;0.0;0.9849397709505465;0.0;11.0;1.0;0.9;0.08;0.09090909090909091;0.2017791434716528;0.0;1.5;1.0
0;1.0;0.01;0.1111111111111111;0.0656626513967031;0.0;27.0;1.0;1.0;0.18;0.36363636363636365;0.37348967151589324;0.0;16.0;0.0
0;1.0;0.0;0.0;0.0;0.0;30.0;1.0;1.0;0.2;0.09090909090909091;0.504447858679132;0.0;38.0;1.0
0;0.93;0.0375;0.2222222222222222;0.17857142857142858;0.0;2.0;1.0;0.4;0.2225;0.18181818181818182;0.4845473768686419;0.0;33.0;1.0
0;1.0;0.175;0.7777777777777777;0.36273291176481154;0.0;32.0;1.0;1.0;0.19;0.18181818181818182;0.4524079478151475;0.0;31.5;1.0
0;0.79;0.02;0.2222222222222222;0.08971226080325133;0.0;20.6;1.0;0.8;0.2;0.09090909090909091;0.504447858679132;0.0;24.0;1.0
0;0.79;0.0;0.0;0.0;0.0;35.0;1.0;0.8;0.16;0.18181818181818182;0.37688089783154227;0.0;16.0;1.0
0;1.0;0.0;0.0;0.2626506055868124;0.0;21.0;1.0;1.0;0.2;0.09090909090909091;0.504447858679132;0.0;44.0;1.0
1;0.93;0.06;0.1111111111111111;0.39397590838021856;0.0;15.8;1.0;1.0;0.27;0.36363636363636365;0.4049174341840066;0.0;0.0;0.0
0;0.93;0.11;0.4444444444444444;0.3552262455700907;0.0;32.0;1.0;1.0;0.24;0.36363636363636365;0.49949370005386406;0.0;32.0;1.0
1;0.79;0.0;0.0;0.0;0.0;15.0;1.0;0.9;0.22;0.7272727272727273;0.36471519925257234;0.0;11.0;1.0
0;0.86;0.0;0.0;0.0;0.0;21.0;1.0;1.0;0.2;0.09090909090909091;0.504447858679132;0.0;22.0;0.0
1;0.93;0.0;0.0;0.4596385597769217;0.0;4.0;1.0;0.6;0.0;0.0;0.0;0.0;0.0;0.0
0;0.86;0.0;0.0;0.0;0.0;29.0;1.0;1.0;0.2;0.09090909090909091;0.504447858679132;0.0;45.0;0.0
0;1.0;0.0;0.0;0.0;0.0;21.0;1.0;1.1;0.14;0.18181818181818182;0.3265655760682521;0.0;29.0;0.0
0;0.64;0.0;0.0;0.9849397709505465;0.0;32.0;1.0;0.9;0.22;0.18181818181818182;0.47831949959545955;0.0;44.0;1.0
1;0.93;0.01;0.1111111111111111;0.0656626513967031;0.0;8.0;1.0;1.0;0.06;0.18181818181818182;0.10861880696196233;0.0;17.0;1.0
1;0.64;0.0;0.0;0.0;0.0;0.0;1.0;0.9;0.0;0.0;0.0;0.0;0.0;0.0
0;1.0;0.0;0.0;0.0;0.0;30.0;1.0;1.0;0.17;0.09090909090909091;0.4287806798772622;0.0;14.5;1.0
1;0.71;0.02;0.1111111111111111;0.1313253027934062;0.0;0.0;1.0;0.4;0.0;0.0;0.0;0.0;0.0;0.0
0;0.64;0.0;0.0;0.0;0.0;7.0;1.0;1.0;0.315;0.18181818181818182;0.5585674274344047;0.0;18.0;0.0
0;1.0;0.06;0.4444444444444444;0.7833566236938477;0.0;10.0;1.0;1.0;0.252;0.2727272727272727;0.5029690345820745;0.0;26.8;1.0
0;0.93;0.05;0.2222222222222222;0.22934978137994477;0.0;0.0;1.0;1.1;0.27;0.18181818181818182;0.502782725469095;0.0;40.0;0.0
1;0.21;0.0;0.0;0.0;0.0;0.0;0.0;0.1;0.0;0.0;0.0;0.0;0.0;0.0
1;0.79;0.0;0.0;0.0;0.0;19.0;0.0;0.9;0.0;0.0;0.0;0.0;0.0;0.0
0;1.0;0.05;0.1111111111111111;0.3283132569835155;0.0;29.5;1.0;0.9;0.2;0.09090909090909091;0.504447858679132;0.0;14.0;1.0
0;0.5;0.0;0.0;0.0;0.0;21.0;1.0;0.7;0.2;0.09090909090909091;0.504447858679132;0.0;38.0;1.0
0;1.0;0.07;0.2222222222222222;0.34537972071375356;0.0;9.9;1.0;1.1;0.32;0.36363636363636365;0.5180228714379629;0.0;27.0;0.0
1;0.29;0.0;0.0;0.0;0.0;0.0;0.0;0.4;0.0;0.0;0.0;0.0;0.0;1.0
1;0.71;0.06;0.2222222222222222;0.26913678240975397;0.0;14.0;1.0;0.7;0.185;0.4545454545454546;0.3727728186778578;0.0;12.0;1.0
0;0.86;0.02;0.1111111111111111;0.1313253027934062;0.0;0.0;1.0;0.9;0.28;0.18181818181818182;0.5259997407384861;0.0;31.0;0.0
1;1.0;0.0;0.0;0.0;0.0;0.0;0.0;0.8;0.16;0.09090909090909091;0.4035582869433056;0.0;4.0;1.0
0;1.0;0.06;0.3333333333333333;0.232461860990522;0.07;35.0;1.0;1.1;0.26;0.4545454545454546;0.49542467393287515;0.0;40.0;0.0
0;0.93;0.0;0.0;0.0;0.0;20.0;1.0;1.0;0.2;0.09090909090909091;0.504447858679132;0.0;45.0;1.0
0;1.0;0.08;0.2222222222222222;0.4315789842668687;0.0;35.0;1.0;0.9;0.22;0.2727272727272727;0.44990826020445185;0.0;30.0;1.0
0;0.57;0.01;0.1111111111111111;0.0656626513967031;0.0;2.0;1.0;1.0;0.17;0.36363636363636365;0.41381258411312744;0.03;32.0;1.0
0;1.0;0.02;0.2222222222222222;0.9850856771465843;0.0;24.0;1.0;1.0;0.16;0.09090909090909091;0.4035582869433056;0.0;35.0;1.0
0;1.0;0.055;0.4444444444444444;0.2018525868073155;0.0;4.0;1.0;0.9;0.245;0.2727272727272727;0.4930674331259287;0.0;30.0;1.0
1;0.79;0.02;0.1111111111111111;0.1313253027934062;0.0;6.0;1.0;0.8;0.01;0.09090909090909091;0.0252223929339566;0.0;0.0;1.0
0;1.0;0.02;0.2222222222222222;0.08971226080325133;0.0;15.0;1.0;1.1;0.19;0.7272727272727273;0.23988411213226374;0.0;25.0;0.0
1;0.93;0.0;0.0;0.0;0.0;11.0;1.0;0.6;0.07;0.2727272727272727;0.09467946466598384;0.0;0.0;0.0
0;0.43;0.0;0.0;0.0;0.0;13.0;1.0;1.0;0.28;0.2727272727272727;0.5058217546197956;0.0;35.0;1.0
