Пол;Не сдал(-а);Посещение до Контрольная работа 1;Баллы до Контрольная работа 1;Процент баллов до Контрольная работа 1;Контрольная работа 1;Посещение до Контрольная работа 2;Баллы до Контрольная работа 2;Процент баллов до Контрольная работа 2;Контрольная работа 2;Посещение до Контрольная работа 3;Баллы до Контрольная работа 3;Процент баллов до Контрольная работа 3;Контрольная работа 3
1.0;0;0.93;0.16;0.52;0.12;1.0;0.06;0.26;0.12;0.43;0.1;0.43;0.12
1.0;0;1.0;0.035;0.11;0.0738;1.0;0.012;0.05;0.0449;1.0;0.0;0.0;0.075
1.0;0;0.0;0.0;0.0;0.0;0.0;0.0;0.0;0.0;0.0;0.0;0.0;0.0
0.0;0;1.0;0.15;0.48;0.11699999999999999;1.0;0.06;0.26;0.11800000000000001;1.0;0.08;0.35;0.155
0.0;0;0.86;0.16;0.52;0.044800000000000006;0.5;0.06;0.26;0.1008;1.0;0.08;0.35;0.15
1.0;0;0.5;0.02;0.06;0.011000000000000001;0.25;0.0;0.0;0.0271;0.43;0.0;0.0;0.0
1.0;1;0.64;0.07;0.23;0.01;0.75;0.0;0.0;0.0;0.71;0.06;0.26;0.0
0.0;0;1.0;0.14;0.45;0.1394;1.0;0.06;0.26;0.1317;1.0;0.1;0.43;0.1427
1.0;0;0.71;0.1;0.32;0.11;0.5;0.03;0.13;0.12;1.0;0.06;0.26;0.14
0.0;0;0.86;0.1595;0.51;0.161;0.75;0.09449999999999999;0.41;0.195;1.0;0.132;0.57;0.17
0.0;0;0.43;0.0;0.0;0.039;0.75;0.03;0.13;0.0;0.29;0.05;0.22;0.024
0.0;0;0.79;0.16;0.52;0.2;1.0;0.0911;0.4;0.16;1.0;0.13;0.56;0.106
1.0;1;1.0;0.11;0.35;0.0525;1.0;0.06;0.26;0.1;1.0;0.1;0.43;0.1193
1.0;0;0.79;0.16;0.52;0.12;0.5;0.06;0.26;0.09;0.86;0.11;0.48;0.16
1.0;0;1.0;0.14;0.45;0.15;0.75;0.04;0.17;0.19;1.0;0.1;0.43;0.2
1.0;0;0.86;0.16;0.52;0.12;1.0;0.06;0.26;0.12;1.0;0.1;0.43;0.14429999999999998
0.0;1;0.79;0.04;0.13;0.06;0.5;0.01;0.04;0.02;0.57;0.0;0.0;0.04
1.0;0;0.93;0.15;0.48;0.01;1.0;0.13;0.56;0.05;1.0;0.16;0.69;0.07
1.0;0;1.0;0.15;0.48;0.145;1.0;0.04;0.17;0.17800000000000002;1.0;0.07;0.3;0.1605
1.0;0;0.0;0.0;0.0;0.0;0.5;0.004;0.02;0.0;0.0;0.0;0.0;0.0
1.0;0;0.93;0.13;0.42;0.09;0.5;0.07;0.3;0.15;0.86;0.1;0.43;0.15
1.0;0;0.86;0.055999999999999994;0.18;0.0208;1.0;0.023;0.1;0.02;0.29;0.0;0.0;0.0
1.0;0;0.71;0.16;0.52;0.0425;1.0;0.06;0.26;0.0791;0.71;0.1;0.43;0.1233
0.0;1;0.64;0.022000000000000002;0.07;0.005;0.5;0.01;0.04;0.034;0.29;0.015;0.06;0.0
0.0;0;0.71;0.16;0.52;0.0784;0.75;0.06;0.26;0.0663;1.0;0.1;0.43;0.0733
1.0;1;0.71;0.16;0.52;0.0225;0.75;0.06;0.26;0.0;0.86;0.07;0.3;0.06
1.0;0;1.0;0.163;0.53;0.086;1.0;0.02;0.09;0.1233;1.0;0.0;0.0;0.145
1.0;0;0.79;0.13;0.42;0.11;0.25;0.01;0.04;0.14;1.0;0.08;0.35;0.15
1.0;1;0.5;0.040999999999999995;0.13;0.069;1.0;0.027000000000000003;0.12;0.1;0.57;0.022000000000000002;0.1;0.0
0.0;1;0.14;0.03;0.1;0.005;0.25;0.04;0.17;0.02;0.71;0.0;0.0;0.03
1.0;0;0.79;0.16;0.52;0.132;1.0;0.06;0.26;0.15689999999999998;0.86;0.1;0.43;0.15
0.0;0;0.93;0.18600000000000003;0.6;0.0842;1.0;0.06;0.26;0.14800000000000002;0.71;0.12;0.52;0.129
0.0;0;0.86;0.14;0.45;0.09910000000000001;0.5;0.04;0.17;0.0;0.71;0.1;0.43;0.0333
0.0;0;0.79;0.16;0.52;0.102;1.0;0.05;0.22;0.13;0.57;0.09;0.39;0.0683
1.0;0;1.0;0.14800000000000002;0.48;0.13;1.0;0.05;0.22;0.107;1.0;0.06;0.26;0.1635
1.0;0;0.86;0.12;0.39;0.09880000000000001;0.75;0.02;0.09;0.142;0.57;0.0;0.0;0.0
1.0;0;1.0;0.12;0.39;0.06;1.0;0.02;0.09;0.1;0.86;0.04;0.17;0.1
1.0;0;0.86;0.16;0.52;0.1693;1.0;0.05;0.22;0.09140000000000001;0.86;0.1;0.43;0.14800000000000002
1.0;1;0.57;0.06;0.19;0.02;0.75;0.03;0.13;0.0;0.43;0.0;0.0;0.0
1.0;0;0.86;0.14;0.45;0.2;1.0;0.076;0.33;0.198;0.86;0.13;0.56;0.0
1.0;0;0.57;0.06;0.19;0.044000000000000004;1.0;0.04;0.17;0.0454;0.57;0.05;0.22;0.11699999999999999
1.0;0;1.0;0.13;0.42;0.2;0.25;0.05;0.22;0.2;0.86;0.09;0.39;0.19
1.0;0;0.64;0.11;0.35;0.0;0.5;0.0;0.0;0.0;0.0;0.0;0.0;0.0
0.0;0;0.43;0.07;0.23;0.06;0.25;0.12;0.52;0.0;0.29;0.08;0.35;0.09
1.0;0;1.0;0.09;0.29;0.11;1.0;0.03;0.13;0.07;1.0;0.02;0.09;0.07
1.0;0;1.0;0.08;0.26;0.06;0.5;0.02;0.09;0.16;0.57;0.05;0.22;0.16
1.0;1;0.64;0.11;0.35;0.0322;1.0;0.01;0.04;0.0;0.14;0.02;0.09;0.0
0.0;0;0.79;0.19;0.61;0.0212;1.0;0.06;0.26;0.0533;0.86;0.105;0.45;0.113
1.0;1;0.93;0.15;0.48;0.01;1.0;0.02;0.09;0.02;1.0;0.09;0.39;0.0
1.0;1;0.07;0.0;0.0;0.0;0.5;0.0;0.0;0.0;0.86;0.0;0.0;0.0
0.0;0;0.57;0.16;0.52;0.2;0.75;0.08;0.35;0.1;0.43;0.09;0.39;0.03
1.0;0;0.86;0.139;0.45;0.158;0.5;0.096;0.42;0.16899999999999998;1.0;0.135;0.58;0.13
0.0;1;0.79;0.05;0.16;0.05;1.0;0.03;0.13;0.07;1.0;0.04;0.17;0.11
1.0;0;1.0;0.1215;0.39;0.141;1.0;0.0645;0.28;0.099;0.71;0.092;0.4;0.133
1.0;0;1.0;0.15;0.48;0.1;0.75;0.05;0.22;0.14;1.0;0.1;0.43;0.15
0.0;0;0.79;0.075;0.24;0.1;0.5;0.06;0.26;0.07;0.71;0.11;0.48;0.09
0.0;0;1.0;0.155;0.5;0.1387;1.0;0.06;0.26;0.16570000000000001;1.0;0.09;0.39;0.185
1.0;0;0.79;0.040999999999999995;0.13;0.0383;1.0;0.03;0.13;0.08;1.0;0.0;0.0;0.055
0.0;0;0.43;0.09;0.29;0.12;0.25;0.0;0.0;0.0;0.0;0.0;0.0;0.0
1.0;0;0.86;0.16;0.52;0.1766;1.0;0.06;0.26;0.16390000000000002;0.57;0.08;0.35;0.138
1.0;0;0.79;0.08;0.26;0.025;1.0;0.05;0.22;0.03;1.0;0.075;0.32;0.0783
1.0;0;1.0;0.126;0.41;0.1795;1.0;0.059000000000000004;0.26;0.1885;1.0;0.1;0.43;0.191
1.0;1;0.93;0.13;0.42;0.01;0.75;0.0;0.0;0.0;0.43;0.07;0.3;0.0
1.0;0;0.71;0.16;0.52;0.12;1.0;0.06;0.26;0.13;0.71;0.1;0.43;0.12300000000000001
1.0;0;0.86;0.13;0.42;0.1417;1.0;0.06;0.26;0.1787;1.0;0.1;0.43;0.163
1.0;0;0.14;0.0;0.0;0.0;0.0;0.0;0.0;0.0;0.0;0.0;0.0;0.0
0.0;0;0.93;0.16;0.52;0.1276;1.0;0.06;0.26;0.1174;1.0;0.1;0.43;0.08529999999999999
1.0;0;0.86;0.14;0.45;0.14;1.0;0.06;0.26;0.18;1.0;0.09;0.39;0.17
1.0;0;0.71;0.09;0.29;0.0165;0.75;0.0;0.0;0.0633;0.43;0.0;0.0;0.02
1.0;0;0.86;0.11;0.35;0.1576;1.0;0.06;0.26;0.1436;0.57;0.1;0.43;0.2
1.0;0;0.71;0.16;0.52;0.1165;1.0;0.06;0.26;0.1233;0.86;0.1;0.43;0.1202
1.0;1;0.93;0.09;0.29;0.030600000000000002;0.5;0.0;0.0;0.0667;0.43;0.0;0.0;0.0
1.0;0;1.0;0.16;0.52;0.12;1.0;0.06;0.26;0.08;0.86;0.1;0.43;0.09
1.0;0;0.86;0.1;0.32;0.11;1.0;0.03;0.13;0.16;1.0;0.06;0.26;0.19
1.0;0;0.86;0.135;0.44;0.1341;1.0;0.11;0.48;0.1258;1.0;0.1;0.43;0.156
1.0;0;0.93;0.16;0.52;0.07200000000000001;1.0;0.06;0.26;0.085;1.0;0.1;0.43;0.0557
1.0;0;0.93;0.175;0.56;0.13;1.0;0.02;0.09;0.08;1.0;0.03;0.13;0.11
1.0;0;0.86;0.09;0.29;0.06;1.0;0.04;0.17;0.15;1.0;0.08;0.35;0.18
1.0;0;1.0;0.128;0.41;0.064;1.0;0.025;0.11;0.066;0.71;0.037000000000000005;0.16;0.1
1.0;0;0.93;0.11;0.35;0.1;0.25;0.02;0.09;0.16;1.0;0.07;0.3;0.18
1.0;1;0.57;0.07;0.23;0.03;0.5;0.04;0.17;0.0;0.71;0.01;0.04;0.04
1.0;0;0.0;0.0;0.0;0.0;0.0;0.0;0.0;0.0;0.0;0.0;0.0;0.0
1.0;0;1.0;0.155;0.5;0.17120000000000002;1.0;0.04;0.17;0.17120000000000002;1.0;0.1;0.43;0.191
1.0;0;0.57;0.1235;0.4;0.147;1.0;0.0935;0.41;0.18899999999999997;1.0;0.08599999999999998;0.37;0.2
1.0;0;0.79;0.16;0.52;0.172;0.75;0.06;0.26;0.2;0.57;0.12;0.52;0.165
1.0;0;0.86;0.16;0.52;0.12;0.5;0.06;0.26;0.12;1.0;0.1;0.43;0.135
1.0;0;0.79;0.12;0.39;0.1072;0.5;0.0;0.0;0.0;0.29;0.02;0.09;0.06
1.0;1;0.64;0.06;0.19;0.0;0.5;0.01;0.04;0.12;0.43;0.0;0.0;0.01
0.0;0;0.43;0.14;0.45;0.09119999999999999;1.0;0.06;0.26;0.1274;0.86;0.1;0.43;0.177
1.0;1;0.57;0.14;0.45;0.05;1.0;0.02;0.09;0.02;0.57;0.09;0.39;0.0
1.0;0;0.93;0.15;0.48;0.04;1.0;0.1;0.43;0.01;1.0;0.19;0.82;0.0
1.0;0;0.79;0.14;0.45;0.1076;1.0;0.049;0.21;0.11900000000000001;0.86;0.085;0.37;0.0983
1.0;1;0.71;0.02;0.06;0.0333;0.25;0.0;0.0;0.06709999999999999;0.14;0.0;0.0;0.0
0.0;0;0.71;0.09;0.29;0.15;1.0;0.09;0.39;0.14;1.0;0.09;0.39;0.15
1.0;0;0.71;0.02;0.06;0.09;1.0;0.02;0.09;0.13;0.71;0.0;0.0;0.09
0.0;0;0.5;0.183;0.59;0.10099999999999999;0.75;0.02;0.09;0.1092;1.0;0.042;0.18;0.17800000000000002
1.0;1;0.86;0.019000000000000003;0.06;0.0;1.0;0.015;0.07;0.01;1.0;0.049;0.21;0.02
1.0;1;0.79;0.035;0.11;0.0334;0.75;0.0;0.0;0.0774;0.43;0.0;0.0;0.1035
0.0;0;0.86;0.1;0.32;0.1155;1.0;0.03;0.13;0.08;0.71;0.034;0.15;0.079
0.0;0;0.64;0.03;0.1;0.05;0.25;0.04;0.17;0.11;0.71;0.02;0.09;0.13
0.0;0;1.0;0.16;0.52;0.11;1.0;0.06;0.26;0.17;1.0;0.1;0.43;0.09
1.0;0;0.86;0.16;0.52;0.1588;1.0;0.06;0.26;0.13970000000000002;0.71;0.08;0.35;0.2
1.0;1;0.71;0.11;0.35;0.05;0.75;0.02;0.09;0.0;0.14;0.0;0.0;0.0
1.0;1;0.29;0.0;0.0;0.0;0.0;0.02;0.09;0.0;0.43;0.15;0.65;0.0
1.0;0;1.0;0.12;0.39;0.1373;0.75;0.0;0.0;0.1192;0.86;0.03;0.13;0.0915
0.0;0;0.71;0.18;0.58;0.166;1.0;0.06;0.26;0.11199999999999999;0.86;0.1;0.43;0.1346
0.0;1;1.0;0.09;0.29;0.04;1.0;0.02;0.09;0.06;1.0;0.09;0.39;0.06
0.0;0;0.71;0.12;0.39;0.12;0.75;0.02;0.09;0.1;0.86;0.05;0.22;0.13
0.0;0;0.71;0.153;0.49;0.0812;0.5;0.03;0.13;0.11230000000000001;0.71;0.11;0.48;0.1115
0.0;0;0.79;0.1165;0.38;0.098;1.0;0.0565;0.25;0.107;1.0;0.126;0.55;0.11900000000000001
1.0;0;0.71;0.055999999999999994;0.18;0.1333;0.75;0.037000000000000005;0.16;0.16699999999999998;0.86;0.048;0.21;0.1542
1.0;0;1.0;0.16;0.52;0.17;1.0;0.06;0.26;0.2;1.0;0.1;0.43;0.19
0.0;0;0.71;0.15;0.48;0.1142;1.0;0.07400000000000001;0.32;0.0984;0.86;0.13;0.56;0.1377
0.0;0;0.93;0.11;0.35;0.11;1.0;0.05;0.22;0.11;1.0;0.09;0.39;0.13
1.0;0;0.93;0.098;0.32;0.0825;1.0;0.055;0.24;0.09029999999999999;1.0;0.07200000000000001;0.31;0.182
1.0;0;0.93;0.035;0.11;0.0258;1.0;0.0;0.0;0.06;1.0;0.0;0.0;0.02
1.0;0;0.93;0.049;0.16;0.0264;1.0;0.019;0.08;0.034;1.0;0.02;0.09;0.0358
0.0;0;0.93;0.16;0.52;0.17;1.0;0.06;0.26;0.17;1.0;0.1;0.43;0.17
1.0;0;0.86;0.13;0.42;0.15;1.0;0.04;0.17;0.14;1.0;0.09;0.39;0.09
1.0;0;0.79;0.04;0.13;0.1288;0.5;0.0;0.0;0.19;0.86;0.08;0.35;0.1317
1.0;0;0.79;0.08;0.26;0.0944;1.0;0.0;0.0;0.0814;0.43;0.02;0.09;0.09
0.0;1;0.86;0.04;0.13;0.057300000000000004;1.0;0.02;0.09;0.102;0.86;0.0;0.0;0.12
0.0;1;0.86;0.1;0.32;0.09;1.0;0.05;0.22;0.05;0.86;0.04;0.17;0.04
0.0;0;0.93;0.16;0.52;0.11;1.0;0.06;0.26;0.131;1.0;0.1;0.43;0.165
0.0;0;0.86;0.12;0.39;0.1;1.0;0.07;0.3;0.08;0.86;0.1;0.43;0.15
0.0;0;0.43;0.16;0.52;0.1297;0.5;0.06;0.26;0.1173;0.71;0.06;0.26;0.1387
1.0;1;0.71;0.1;0.32;0.05;0.75;0.01;0.04;0.0;0.43;0.0;0.0;0.02
1.0;0;1.0;0.26;0.84;0.04;1.0;0.06;0.26;0.03;0.86;0.19;0.82;0.1
1.0;1;0.21;0.02;0.06;0.0;0.0;0.0;0.0;0.0;0.0;0.0;0.0;0.0
1.0;0;1.0;0.15;0.48;0.1038;1.0;0.06;0.26;0.1125;0.71;0.128;0.55;0.11
1.0;1;0.79;0.04;0.13;0.0529;1.0;0.02;0.09;0.024;0.29;0.0;0.0;0.0
1.0;1;0.43;0.0;0.0;0.06;0.25;0.0;0.0;0.05;0.43;0.0;0.0;0.03
0.0;0;0.93;0.16;0.52;0.1104;1.0;0.06;0.26;0.1634;1.0;0.1;0.43;0.177
1.0;0;0.57;0.18;0.58;0.11;0.75;0.06;0.26;0.13;0.43;0.02;0.09;0.13
1.0;1;1.0;0.06;0.19;0.02;0.75;0.02;0.09;0.11;1.0;0.02;0.09;0.08
1.0;0;0.93;0.125;0.4;0.085;0.5;0.0;0.0;0.11599999999999999;0.71;0.0;0.0;0.05
1.0;1;0.71;0.085;0.27;0.0;1.0;0.069;0.3;0.11800000000000001;0.71;0.115;0.5;0.132
1.0;0;0.57;0.11;0.35;0.05;0.75;0.13449999999999998;0.58;0.17679999999999998;0.57;0.06;0.26;0.1945
1.0;0;0.86;0.035;0.11;0.037000000000000005;1.0;0.0;0.0;0.05;0.71;0.0;0.0;0.0
1.0;0;0.93;0.02;0.06;0.13;0.5;0.03;0.13;0.12;1.0;0.11;0.48;0.1
0.0;1;0.64;0.077;0.25;0.0;0.75;0.048;0.21;0.0;0.57;0.008;0.03;0.0
1.0;0;0.29;0.0;0.0;0.0;0.0;0.03;0.13;0.01;0.86;0.07;0.3;0.0
1.0;0;0.0;0.0;0.0;0.0;0.0;0.0;0.0;0.0;0.0;0.0;0.0;0.0
0.0;0;0.71;0.16;0.52;0.0535;0.5;0.06;0.26;0.092;0.43;0.1;0.43;0.067
0.0;0;0.21;0.068;0.22;0.10099999999999999;0.25;0.0;0.0;0.0;0.0;0.0;0.0;0.0
0.0;0;0.93;0.198;0.64;0.157;1.0;0.055;0.24;0.095;0.71;0.184;0.8;0.163
0.0;0;0.86;0.14;0.45;0.0709;1.0;0.06;0.26;0.1341;1.0;0.1;0.43;0.145
1.0;1;0.71;0.045;0.15;0.147;1.0;0.04;0.17;0.0341;0.57;0.02;0.09;0.106
1.0;1;1.0;0.067;0.22;0.016;1.0;0.042;0.18;0.05;1.0;0.044000000000000004;0.19;0.057
0.0;0;1.0;0.16;0.52;0.14300000000000002;1.0;0.06;0.26;0.1734;1.0;0.1;0.43;0.195
0.0;0;0.57;0.13;0.42;0.1165;0.75;0.06;0.26;0.0;0.29;0.1;0.43;0.15869999999999998
1.0;0;0.93;0.07;0.23;0.069;1.0;0.03;0.13;0.131;1.0;0.078;0.34;0.09
0.0;1;0.86;0.04;0.13;0.0;0.5;0.04;0.17;0.0;0.0;0.0;0.0;0.0
1.0;0;0.79;0.15;0.48;0.16519999999999999;1.0;0.04;0.17;0.0857;0.71;0.02;0.09;0.1213
0.0;0;0.93;0.1255;0.4;0.11;1.0;0.1015;0.44;0.10099999999999999;1.0;0.155;0.67;0.14
0.0;0;0.86;0.136;0.44;0.16;1.0;0.06;0.26;0.18;1.0;0.08;0.35;0.17
1.0;0;0.86;0.16;0.52;0.15;1.0;0.06;0.26;0.17;1.0;0.1;0.43;0.18
1.0;0;0.86;0.03;0.1;0.0359;0.5;0.028999999999999998;0.13;0.0508;0.57;0.0;0.0;0.0433
0.0;0;0.29;0.0055000000000000005;0.02;0.048;0.25;0.0225;0.1;0.098;0.71;0.077;0.33;0.0
1.0;0;0.71;0.06;0.19;0.08;0.25;0.0;0.0;0.09;0.71;0.0;0.0;0.08
0.0;0;1.0;0.2;0.65;0.13;1.0;0.06;0.26;0.14;1.0;0.14;0.61;0.16
1.0;0;0.86;0.14;0.45;0.1592;0.5;0.03;0.13;0.1514;0.86;0.02;0.09;0.1572
1.0;1;0.79;0.16799999999999998;0.54;0.078;0.75;0.055;0.24;0.0;0.57;0.062;0.27;0.16
1.0;0;1.0;0.12;0.39;0.05;1.0;0.04;0.17;0.08;1.0;0.1;0.43;0.13
1.0;0;0.5;0.16;0.52;0.12;1.0;0.06;0.26;0.12;0.29;0.1;0.43;0.12
0.0;0;0.93;0.15;0.48;0.0678;1.0;0.06;0.26;0.08;0.29;0.06;0.26;0.15869999999999998
1.0;1;0.57;0.04;0.13;0.08;1.0;0.02;0.09;0.08;0.14;0.0;0.0;0.04
0.0;0;1.0;0.16;0.52;0.12;1.0;0.13;0.56;0.15;1.0;0.1;0.43;0.15
1.0;0;0.71;0.16;0.52;0.094;1.0;0.04;0.17;0.1323;1.0;0.06;0.26;0.052300000000000006
1.0;0;1.0;0.145;0.47;0.16699999999999998;0.75;0.09;0.39;0.1534;1.0;0.1;0.43;0.17329999999999998
1.0;0;0.86;0.14;0.45;0.1414;1.0;0.04;0.17;0.135;0.71;0.06;0.26;0.17350000000000002
1.0;0;1.0;0.16;0.52;0.1153;1.0;0.06;0.26;0.1536;1.0;0.10099999999999999;0.44;0.1575
0.0;0;0.71;0.14;0.45;0.0817;0.25;0.04;0.17;0.0733;0.43;0.0;0.0;0.1
1.0;0;0.57;0.14;0.45;0.1185;0.5;0.06;0.26;0.11349999999999999;1.0;0.08;0.35;0.165
1.0;0;0.79;0.133;0.43;0.154;1.0;0.051;0.22;0.16399999999999998;1.0;0.14;0.61;0.14
0.0;1;1.0;0.109;0.35;0.087;1.0;0.08;0.35;0.08199999999999999;0.71;0.068;0.29;0.095
1.0;0;0.93;0.17;0.55;0.17;1.0;0.04;0.17;0.2;1.0;0.1;0.43;0.14400000000000002
1.0;0;1.0;0.09899999999999999;0.32;0.142;1.0;0.09699999999999999;0.42;0.162;1.0;0.09699999999999999;0.42;0.162
1.0;0;0.86;0.162;0.52;0.14400000000000002;1.0;0.055;0.24;0.085;0.71;0.11599999999999999;0.5;0.152
1.0;1;0.5;0.1;0.32;0.06;1.0;0.02;0.09;0.09;0.29;0.0;0.0;0.06
1.0;0;0.79;0.17;0.55;0.126;0.5;0.06;0.26;0.1507;0.86;0.15;0.65;0.18
0.0;0;0.57;0.0;0.0;0.001;0.25;0.0;0.0;0.0;0.29;0.0;0.0;0.0
0.0;0;1.0;0.13;0.42;0.13;1.0;0.06;0.26;0.12;1.0;0.07;0.3;0.17
1.0;0;1.0;0.16;0.52;0.12;1.0;0.06;0.26;0.12;1.0;0.1;0.43;0.12
0.0;0;0.86;0.16;0.52;0.1743;0.25;0.06;0.26;0.2;0.57;0.1;0.43;0.195
0.0;0;1.0;0.14;0.45;0.11;1.0;0.05;0.22;0.16;1.0;0.1;0.43;0.17
1.0;0;1.0;0.13;0.42;0.1108;0.5;0.02;0.09;0.19469999999999998;1.0;0.02;0.09;0.17800000000000002
0.0;0;0.64;0.18;0.58;0.18;0.75;0.06;0.26;0.2;0.43;0.12;0.52;0.19
0.0;0;0.86;0.12;0.39;0.04;1.0;0.06;0.26;0.11;1.0;0.13;0.56;0.07
1.0;1;0.79;0.0995;0.32;0.105;1.0;0.0565;0.25;0.08199999999999999;0.86;0.052000000000000005;0.23;0.08199999999999999
0.0;0;0.86;0.16;0.52;0.07;0.0;0.06;0.26;0.083;1.0;0.1;0.43;0.07
1.0;0;0.93;0.156;0.5;0.139;1.0;0.107;0.46;0.147;0.86;0.135;0.58;0.184
0.0;0;0.93;0.16;0.52;0.115;1.0;0.02;0.09;0.1105;0.86;0.1;0.43;0.1017
0.0;0;0.93;0.19;0.61;0.08;1.0;0.05;0.22;0.11;1.0;0.11;0.48;0.11
1.0;1;1.0;0.0;0.0;0.01;1.0;0.02;0.09;0.03;1.0;0.0;0.0;0.02
1.0;0;0.71;0.15;0.48;0.09179999999999999;0.75;0.06;0.26;0.10529999999999999;0.71;0.1;0.43;0.157
1.0;0;0.93;0.16;0.52;0.12;1.0;0.06;0.26;0.12;1.0;0.1;0.43;0.13
1.0;0;0.86;0.14;0.45;0.05;0.75;0.11;0.48;0.05;0.71;0.17;0.74;0.06
0.0;0;0.93;0.05;0.16;0.12;0.25;0.02;0.09;0.15;1.0;0.06;0.26;0.13
1.0;0;0.57;0.08;0.26;0.0;0.5;0.0;0.0;0.0868;0.57;0.0;0.0;0.0
1.0;0;0.93;0.145;0.47;0.09119999999999999;1.0;0.06;0.26;0.11199999999999999;0.57;0.06;0.26;0.105
0.0;0;0.71;0.16;0.52;0.0925;0.5;0.03;0.13;0.08960000000000001;0.86;0.04;0.17;0.175
0.0;0;0.79;0.16;0.52;0.09300000000000001;0.75;0.06;0.26;0.1516;0.71;0.08;0.35;0.08130000000000001
0.0;0;1.0;0.21;0.68;0.07139999999999999;1.0;0.06;0.26;0.053399999999999996;1.0;0.12;0.52;0.0501
1.0;1;0.86;0.04;0.13;0.0225;1.0;0.0;0.0;0.0;0.86;0.0;0.0;0.04
1.0;0;1.0;0.2;0.65;0.15;1.0;0.06;0.26;0.14;1.0;0.14;0.61;0.16
1.0;0;0.93;0.155;0.5;0.1551;1.0;0.04;0.17;0.1305;1.0;0.1;0.43;0.14
1.0;0;0.43;0.0;0.0;0.008100000000000001;0.5;0.0;0.0;0.03;0.71;0.03;0.13;0.07
0.0;0;1.0;0.13;0.42;0.09;1.0;0.08;0.35;0.13;1.0;0.13;0.56;0.11
0.0;0;0.64;0.107;0.35;0.083;1.0;0.07400000000000001;0.32;0.077;0.57;0.21899999999999997;0.95;0.11900000000000001
1.0;0;0.93;0.11900000000000001;0.38;0.018500000000000003;1.0;0.037000000000000005;0.16;0.03;1.0;0.05;0.22;0.09
1.0;0;0.64;0.1;0.32;0.1025;0.25;0.0;0.0;0.0555;0.43;0.08;0.35;0.1383
0.0;0;1.0;0.16;0.52;0.07;0.5;0.06;0.26;0.0767;1.0;0.1;0.43;0.07
1.0;1;0.57;0.04;0.13;0.0554;0.5;0.0;0.0;0.0199;0.14;0.0;0.0;0.0
0.0;0;0.5;0.03;0.1;0.03;0.5;0.02;0.09;0.0;0.71;0.02;0.09;0.08
1.0;0;0.71;0.15;0.48;0.1775;0.75;0.06;0.26;0.18600000000000003;0.86;0.01;0.04;0.19
1.0;0;0.93;0.191;0.62;0.163;1.0;0.042;0.18;0.08;0.71;0.15899999999999997;0.69;0.08900000000000001
1.0;0;0.93;0.1545;0.5;0.125;1.0;0.1025;0.45;0.141;0.86;0.12;0.52;0.154
1.0;0;0.79;0.06;0.19;0.13;0.75;0.01;0.04;0.07;0.71;0.06;0.26;0.14
1.0;0;0.79;0.07;0.23;0.04;0.0;0.0;0.0;0.13;0.0;0.0;0.0;0.0
1.0;0;0.5;0.048;0.15;0.0235;0.5;0.0;0.0;0.0;0.0;0.0;0.0;0.0
1.0;0;0.86;0.099;0.32;0.08900000000000001;1.0;0.07400000000000001;0.32;0.14;1.0;0.125;0.54;0.155
1.0;0;0.93;0.14;0.45;0.061500000000000006;1.0;0.06;0.26;0.0868;1.0;0.1;0.43;0.1885
1.0;1;0.29;0.0;0.0;0.0;0.5;0.0;0.0;0.01;1.0;0.0;0.0;0.0
1.0;0;0.0;0.0;0.0;0.0;0.0;0.0;0.0;0.0;0.14;0.002;0.01;0.0
1.0;0;0.43;0.18;0.58;0.13;0.75;0.06;0.26;0.17;0.71;0.06;0.26;0.06
0.0;0;0.93;0.06;0.19;0.086;1.0;0.03;0.13;0.0833;1.0;0.0;0.0;0.08
0.0;0;1.0;0.068;0.22;0.1465;1.0;0.05;0.22;0.128;1.0;0.08;0.35;0.1253
1.0;0;1.0;0.055;0.18;0.0805;1.0;0.005;0.02;0.0642;1.0;0.0;0.0;0.066
0.0;0;0.21;0.09;0.29;0.01;0.0;0.04;0.17;0.04;0.14;0.05;0.22;0.0
1.0;1;0.57;0.02;0.06;0.02;0.0;0.0;0.0;0.0;0.43;0.0;0.0;0.0
1.0;0;1.0;0.12;0.39;0.13;0.75;0.04;0.17;0.16;1.0;0.07;0.3;0.16
1.0;1;0.71;0.04;0.13;0.01;0.25;0.02;0.09;0.2;0.57;0.04;0.17;0.0
1.0;0;0.79;0.1;0.32;0.1;0.75;0.05;0.22;0.14;1.0;0.1;0.43;0.12
1.0;0;0.86;0.085;0.27;0.084;1.0;0.04;0.17;0.156;0.57;0.08;0.35;0.115
1.0;1;0.64;0.07;0.23;0.121;0.5;0.015;0.07;0.095;0.71;0.075;0.32;0.16899999999999998
1.0;0;0.79;0.17800000000000002;0.57;0.141;0.5;0.005;0.02;0.13;1.0;0.077;0.33;0.124
1.0;0;0.79;0.14;0.45;0.1691;1.0;0.04;0.17;0.1;0.86;0.06;0.26;0.0983
0.0;0;1.0;0.15;0.48;0.185;1.0;0.06;0.26;0.1521;1.0;0.1;0.43;0.135
1.0;1;0.5;0.03;0.1;0.0;1.0;0.03;0.13;0.0;0.86;0.0;0.0;0.0
0.0;1;0.57;0.02;0.06;0.04;0.5;0.01;0.04;0.07;0.57;0.0;0.0;0.05
0.0;0;1.0;0.16;0.52;0.11;1.0;0.06;0.26;0.10099999999999999;1.0;0.1;0.43;0.15
1.0;1;0.93;0.01;0.03;0.0545;0.25;0.0;0.0;0.0;0.29;0.013999999999999999;0.06;0.0
1.0;0;0.71;0.08;0.26;0.1;1.0;0.03;0.13;0.09;1.0;0.09;0.39;0.14
1.0;0;1.0;0.16;0.52;0.12210000000000001;1.0;0.06;0.26;0.17920000000000003;1.0;0.11;0.48;0.2
1.0;0;0.79;0.16;0.52;0.11710000000000001;0.75;0.04;0.17;0.08470000000000001;0.71;0.12;0.52;0.08
1.0;0;1.0;0.1;0.32;0.15;1.0;0.06;0.26;0.15;1.0;0.1;0.43;0.17
1.0;0;0.93;0.145;0.47;0.14;1.0;0.06;0.26;0.17;1.0;0.08;0.35;0.15
0.0;0;0.79;0.16;0.52;0.12;1.0;0.06;0.26;0.12;0.71;0.1;0.43;0.12
0.0;0;0.93;0.075;0.24;0.16399999999999998;0.75;0.04;0.17;0.19399999999999998;0.86;0.135;0.58;0.2
0.0;0;0.71;0.16;0.52;0.11130000000000001;1.0;0.04;0.17;0.1668;0.57;0.03;0.13;0.188
1.0;0;1.0;0.15;0.48;0.12990000000000002;1.0;0.06;0.26;0.1539;1.0;0.1;0.43;0.165
0.0;0;1.0;0.20200000000000004;0.65;0.17800000000000002;1.0;0.053;0.23;0.145;1.0;0.136;0.59;0.168
1.0;0;1.0;0.131;0.42;0.124;1.0;0.09100000000000001;0.4;0.13;1.0;0.125;0.54;0.145
0.0;1;0.93;0.17;0.55;0.01;1.0;0.02;0.09;0.0;1.0;0.1;0.43;0.01
0.0;0;1.0;0.13;0.42;0.01;1.0;0.09;0.39;0.0;0.71;0.11;0.48;0.07
1.0;0;0.93;0.14;0.45;0.1378;1.0;0.06;0.26;0.12359999999999999;0.71;0.047;0.2;0.1716
1.0;0;0.71;0.11;0.35;0.12369999999999999;1.0;0.06;0.26;0.1317;0.71;0.1;0.43;0.147
1.0;0;0.86;0.13;0.42;0.10779999999999999;1.0;0.04;0.17;0.1857;0.71;0.081;0.35;0.19
1.0;0;0.79;0.122;0.39;0.152;1.0;0.079;0.34;0.14;0.86;0.075;0.32;0.2
1.0;0;0.57;0.021;0.07;0.0947;0.25;0.0;0.0;0.0;0.14;0.0;0.0;0.0
0.0;0;0.57;0.01;0.03;0.09;0.75;0.0;0.0;0.1346;0.43;0.02;0.09;0.1293
0.0;0;1.0;0.13;0.42;0.0447;1.0;0.08;0.35;0.11800000000000001;1.0;0.1;0.43;0.122
1.0;0;0.57;0.18;0.58;0.09;0.5;0.04;0.17;0.0;0.43;0.04;0.17;0.0
1.0;0;0.57;0.04800000000000001;0.15;0.109;1.0;0.036000000000000004;0.16;0.065;0.71;0.036000000000000004;0.16;0.0
1.0;0;0.86;0.14100000000000001;0.45;0.14;1.0;0.07;0.3;0.2;0.86;0.23;1.0;0.1409
1.0;0;0.5;0.05;0.16;0.142;0.5;0.06;0.26;0.1563;0.86;0.07;0.3;0.11800000000000001
0.0;0;0.5;0.04;0.13;0.02;0.0;0.0;0.0;0.07;0.29;0.0;0.0;0.0
0.0;0;0.93;0.07;0.23;0.06;1.0;0.02;0.09;0.06;0.71;0.0;0.0;0.1
0.0;0;1.0;0.153;0.49;0.098;1.0;0.042;0.18;0.13;1.0;0.13299999999999998;0.58;0.128
1.0;0;0.86;0.04;0.13;0.1;1.0;0.05;0.22;0.12;1.0;0.08;0.35;0.14
1.0;0;1.0;0.15;0.48;0.1107;1.0;0.07;0.3;0.138;1.0;0.1;0.43;0.1222
0.0;0;0.79;0.16;0.52;0.136;0.75;0.06;0.26;0.1796;1.0;0.1;0.43;0.1967
0.0;1;0.93;0.08;0.26;0.05;1.0;0.01;0.04;0.07;0.57;0.0;0.0;0.07
0.0;0;1.0;0.135;0.44;0.1288;1.0;0.06;0.26;0.1597;0.57;0.099;0.43;0.14679999999999999
1.0;0;1.0;0.13;0.42;0.11;1.0;0.06;0.26;0.13;1.0;0.1;0.43;0.15
1.0;1;0.79;0.05;0.16;0.03;0.25;0.0;0.0;0.0;0.14;0.0;0.0;0.0
1.0;0;1.0;0.158;0.51;0.1672;1.0;0.06;0.26;0.13449999999999998;1.0;0.1;0.43;0.1
1.0;0;0.79;0.01;0.03;0.05;0.5;0.0;0.0;0.05;0.29;0.0;0.0;0.0
0.0;0;0.21;0.053;0.17;0.0;0.0;0.004;0.02;0.03;0.29;0.02;0.09;0.0
1.0;0;0.79;0.14;0.45;0.1654;0.75;0.01;0.04;0.14859999999999998;0.71;0.05;0.22;0.096
0.0;0;1.0;0.15;0.48;0.038;1.0;0.054000000000000006;0.23;0.11199999999999999;1.0;0.15;0.65;0.145
1.0;0;0.86;0.04;0.13;0.09;1.0;0.01;0.04;0.08;0.71;0.0;0.0;0.12
0.0;0;0.93;0.1275;0.41;0.127;1.0;0.0925;0.4;0.07;1.0;0.17;0.74;0.078
0.0;0;1.0;0.16;0.52;0.15;0.5;0.04;0.17;0.07;0.71;0.01;0.04;0.09
1.0;0;1.0;0.15;0.48;0.1213;1.0;0.06;0.26;0.0722;0.86;0.06;0.26;0.0935
1.0;0;0.79;0.09;0.29;0.13;0.5;0.0;0.0;0.1;0.29;0.0;0.0;0.0
0.0;0;1.0;0.16;0.52;0.17;1.0;0.06;0.26;0.14400000000000002;1.0;0.1;0.43;0.17329999999999998
0.0;0;1.0;0.14800000000000002;0.48;0.18230000000000002;1.0;0.06;0.26;0.19399999999999998;0.86;0.1;0.43;0.1813
1.0;1;1.0;0.01;0.03;0.04;1.0;0.02;0.09;0.1;0.86;0.01;0.04;0.09
1.0;0;1.0;0.11;0.35;0.07;1.0;0.05;0.22;0.1;1.0;0.1;0.43;0.1
1.0;0;0.71;0.09;0.29;0.11;0.75;0.01;0.04;0.05;0.71;0.01;0.04;0.15
1.0;0;0.79;0.08;0.26;0.159;1.0;0.06;0.26;0.2;1.0;0.12;0.52;0.16390000000000002
1.0;0;1.0;0.11;0.35;0.08;1.0;0.05;0.22;0.1;1.0;0.08;0.35;0.1
1.0;0;0.79;0.08;0.26;0.10099999999999999;0.25;0.06;0.26;0.102;0.71;0.08;0.35;0.147
1.0;1;0.07;0.0;0.0;0.0;0.0;0.0;0.0;0.0;0.0;0.0;0.0;0.0
0.0;0;0.93;0.19;0.61;0.15460000000000002;0.5;0.06;0.26;0.1576;0.57;0.1;0.43;0.1564
1.0;1;0.93;0.11;0.35;0.09;1.0;0.02;0.09;0.1;1.0;0.02;0.09;0.07
0.0;0;0.93;0.16;0.52;0.17;1.0;0.06;0.26;0.17;0.86;0.1;0.43;0.17
1.0;0;1.0;0.16;0.52;0.2;1.0;0.06;0.26;0.16570000000000001;1.0;0.099;0.43;0.195
0.0;0;0.93;0.03;0.1;0.05;1.0;0.06;0.26;0.12;1.0;0.09;0.39;0.18
1.0;0;0.57;0.1;0.32;0.0467;0.25;0.0;0.0;0.1356;0.71;0.01;0.04;0.0
1.0;0;0.71;0.16;0.52;0.177;1.0;0.08;0.35;0.188;1.0;0.12;0.52;0.139
1.0;1;0.57;0.05;0.16;0.05;0.75;0.01;0.04;0.09;0.57;0.0;0.0;0.0
1.0;0;0.71;0.11;0.35;0.1726;0.75;0.04;0.17;0.172;0.86;0.1;0.43;0.168
1.0;0;0.64;0.15;0.48;0.04;0.5;0.06;0.26;0.09;1.0;0.06;0.26;0.06
1.0;1;0.86;0.04;0.13;0.016;0.5;0.0;0.0;0.04;0.29;0.0;0.0;0.0
0.0;0;1.0;0.19;0.61;0.06;1.0;0.06;0.26;0.06;1.0;0.14;0.61;0.12
0.0;1;0.07;0.0;0.0;0.0;0.0;0.0;0.0;0.0;0.0;0.0;0.0;0.0
0.0;0;0.5;0.027999999999999997;0.09;0.0;0.0;0.0;0.0;0.0;0.0;0.0;0.0;0.0
1.0;0;1.0;0.132;0.43;0.087;0.75;0.02;0.09;0.152;1.0;0.052000000000000005;0.23;0.162
1.0;0;0.86;0.13;0.42;0.084;0.5;0.04;0.17;0.1341;0.57;0.07;0.3;0.153
0.0;1;0.93;0.05;0.16;0.01;1.0;0.05;0.22;0.0;1.0;0.06;0.26;0.0
0.0;0;1.0;0.05;0.16;0.04;1.0;0.04;0.17;0.07;1.0;0.04;0.17;0.02
0.0;0;0.86;0.14;0.45;0.13;1.0;0.1;0.43;0.11;1.0;0.14;0.61;0.1
1.0;0;0.71;0.1085;0.35;0.07400000000000001;0.75;0.0955;0.41;0.085;1.0;0.185;0.8;0.171
0.0;0;0.79;0.12;0.39;0.1002;0.25;0.02;0.09;0.171;0.71;0.047;0.2;0.16329999999999997
1.0;0;0.14;0.018000000000000002;0.06;0.0335;0.25;0.0;0.0;0.0;0.0;0.0;0.0;0.0
1.0;1;0.93;0.03;0.1;0.1;1.0;0.05;0.22;0.12;0.86;0.07;0.3;0.0
1.0;0;0.93;0.16;0.52;0.13119999999999998;1.0;0.06;0.26;0.1295;0.86;0.1;0.43;0.165
1.0;0;0.93;0.09;0.29;0.09;1.0;0.05;0.22;0.16;1.0;0.08;0.35;0.19
1.0;0;0.57;0.045;0.15;0.060599999999999994;0.25;0.03;0.13;0.07490000000000001;1.0;0.0;0.0;0.135
1.0;0;0.79;0.065;0.21;0.08;1.0;0.02;0.09;0.07;0.71;0.12;0.52;0.09
1.0;0;0.71;0.08;0.26;0.1293;0.25;0.02;0.09;0.0922;0.29;0.0;0.0;0.0733
1.0;0;0.86;0.07;0.23;0.020499999999999997;1.0;0.0;0.0;0.0713;0.43;0.0;0.0;0.0275
1.0;0;0.71;0.095;0.31;0.083;0.75;0.06;0.26;0.163;1.0;0.01;0.04;0.11
1.0;0;0.93;0.07;0.23;0.0753;1.0;0.06;0.26;0.154;0.71;0.06;0.26;0.14400000000000002
0.0;0;0.86;0.1;0.32;0.1;1.0;0.04;0.17;0.12;0.57;0.08;0.35;0.14
1.0;1;0.5;0.02;0.06;0.02;0.75;0.01;0.04;0.0591;0.71;0.02;0.09;0.04
1.0;0;0.79;0.05;0.16;0.024300000000000002;1.0;0.025;0.11;0.05;0.14;0.0;0.0;0.0
1.0;0;0.93;0.15;0.48;0.0604;1.0;0.06;0.26;0.1201;0.86;0.06;0.26;0.15
0.0;0;0.0;0.15;0.48;0.105;0.75;0.04;0.17;0.1185;0.0;0.107;0.46;0.0733
0.0;0;1.0;0.138;0.45;0.105;1.0;0.06;0.26;0.11199999999999999;0.71;0.08;0.35;0.085
0.0;0;0.79;0.165;0.53;0.11;0.5;0.06;0.26;0.16;1.0;0.09;0.39;0.19
1.0;0;0.79;0.08800000000000001;0.28;0.0729;0.5;0.05;0.22;0.11130000000000001;0.71;0.04;0.17;0.122
1.0;1;0.64;0.0;0.0;0.04;1.0;0.01;0.04;0.05;0.71;0.01;0.04;0.0
0.0;0;0.86;0.086;0.28;0.0564;1.0;0.059000000000000004;0.26;0.11539999999999999;0.86;0.069;0.3;0.1722
1.0;1;1.0;0.121;0.39;0.05;1.0;0.025;0.11;0.11800000000000001;1.0;0.049;0.21;0.12
1.0;0;0.71;0.12;0.39;0.1612;0.5;0.06;0.26;0.149;1.0;0.08;0.35;0.0975
0.0;0;0.71;0.16;0.52;0.1258;1.0;0.105;0.46;0.114;1.0;0.1;0.43;0.141
0.0;0;0.93;0.18;0.58;0.13;1.0;0.06;0.26;0.09;1.0;0.1;0.43;0.15
1.0;0;0.57;0.14;0.45;0.166;0.5;0.065;0.28;0.1234;1.0;0.11;0.48;0.1635
0.0;0;0.71;0.13;0.42;0.05;1.0;0.06;0.26;0.11;0.57;0.11;0.48;0.11
0.0;0;0.86;0.15;0.48;0.1589;1.0;0.08;0.35;0.1935;0.86;0.01;0.04;0.1967
1.0;0;1.0;0.16;0.52;0.12050000000000001;1.0;0.06;0.26;0.10550000000000001;0.86;0.1;0.43;0.1567
1.0;1;0.86;0.04;0.13;0.0435;0.5;0.0;0.0;0.0233;0.29;0.0;0.0;0.0
1.0;0;0.86;0.16;0.52;0.1315;1.0;0.06;0.26;0.1503;0.86;0.1;0.43;0.105
1.0;0;0.86;0.16;0.52;0.045599999999999995;1.0;0.06;0.26;0.0746;0.86;0.1;0.43;0.115
1.0;0;0.71;0.13;0.42;0.04;0.5;0.15;0.65;0.04;0.86;0.19;0.82;0.06
1.0;0;0.86;0.24;0.77;0.039;1.0;0.054000000000000006;0.23;0.13570000000000002;1.0;0.028999999999999998;0.13;0.15
1.0;1;0.71;0.0;0.0;0.07150000000000001;0.5;0.0;0.0;0.0756;0.86;0.0;0.0;0.17
0.0;1;0.64;0.01;0.03;0.05;0.5;0.0;0.0;0.0;0.0;0.0;0.0;0.0
0.0;0;1.0;0.15;0.48;0.1404;1.0;0.06;0.26;0.138;1.0;0.1;0.43;0.187
0.0;0;0.79;0.02;0.06;0.055;0.75;0.0;0.0;0.0383;0.43;0.0;0.0;0.0
0.0;0;0.86;0.16;0.52;0.0508;1.0;0.11;0.48;0.0513;0.86;0.15;0.65;0.042
0.0;0;1.0;0.134;0.43;0.0943;1.0;0.08;0.35;0.13;1.0;0.08;0.35;0.11900000000000001
0.0;0;0.64;0.03;0.1;0.08;1.0;0.03;0.13;0.14;1.0;0.07;0.3;0.19
1.0;0;0.79;0.1;0.32;0.0;1.0;0.0;0.0;0.0;0.86;0.0;0.0;0.0
1.0;0;0.93;0.16;0.52;0.16149999999999998;1.0;0.06;0.26;0.1324;1.0;0.1;0.43;0.13
1.0;0;1.0;0.13;0.42;0.14;1.0;0.06;0.26;0.15;0.86;0.08;0.35;0.13
0.0;0;0.86;0.08;0.26;0.1117;0.5;0.055;0.24;0.18239999999999998;0.71;0.068;0.29;0.106
1.0;0;0.36;0.065;0.21;0.09;0.5;0.06;0.26;0.14;0.71;0.09;0.39;0.15
0.0;0;0.86;0.14;0.45;0.0973;1.0;0.07;0.3;0.17300000000000001;0.86;0.05;0.22;0.14300000000000002
1.0;0;0.57;0.08;0.26;0.07;1.0;0.04;0.17;0.11;0.57;0.0;0.0;0.12
1.0;0;1.0;0.15;0.48;0.13720000000000002;0.5;0.03;0.13;0.1109;0.71;0.046;0.2;0.15
1.0;0;1.0;0.09;0.29;0.096;1.0;0.01;0.04;0.126;1.0;0.0;0.0;0.14
1.0;0;0.71;0.144;0.46;0.188;1.0;0.045;0.2;0.1693;0.14;0.057999999999999996;0.25;0.0
1.0;0;0.29;0.05;0.16;0.0;0.0;0.0;0.0;0.0;0.0;0.0;0.0;0.0
1.0;1;0.79;0.12;0.39;0.08;0.5;0.05;0.22;0.09;1.0;0.07;0.3;0.11
1.0;1;0.71;0.04;0.13;0.1;0.25;0.0;0.0;0.1;0.57;0.02;0.09;0.07
0.0;0;0.86;0.07;0.23;0.08;1.0;0.06;0.26;0.1;0.86;0.05;0.22;0.09
0.0;0;0.93;0.16;0.52;0.13;1.0;0.06;0.26;0.15;1.0;0.1;0.43;0.08199999999999999
1.0;0;0.86;0.13;0.42;0.02;1.0;0.14;0.61;0.02;1.0;0.13;0.56;0.02
1.0;0;0.29;0.0;0.0;0.0288;0.25;0.0;0.0;0.0;0.14;0.0;0.0;0.0
1.0;0;0.93;0.12;0.39;0.09;1.0;0.06;0.26;0.11;1.0;0.1;0.43;0.15
1.0;0;0.71;0.073;0.24;0.015;0.0;0.0;0.0;0.0;0.29;0.004;0.02;0.0
1.0;0;0.71;0.1;0.32;0.018000000000000002;0.25;0.0;0.0;0.0;0.14;0.0;0.0;0.0
1.0;0;0.93;0.14;0.45;0.13019999999999998;1.0;0.15;0.65;0.1362;1.0;0.13;0.56;0.13949999999999999
1.0;0;1.0;0.16;0.52;0.16;0.5;0.06;0.26;0.1784;1.0;0.099;0.43;0.175
1.0;0;0.86;0.045;0.15;0.1057;1.0;0.087;0.38;0.1461;1.0;0.06;0.26;0.1585
0.0;0;0.79;0.15;0.48;0.11789999999999999;0.75;0.06;0.26;0.1461;0.86;0.1;0.43;0.19
1.0;0;1.0;0.11900000000000001;0.38;0.1796;1.0;0.038;0.17;0.179;0.86;0.0;0.0;0.16579999999999998
1.0;0;0.71;0.11;0.35;0.12;0.5;0.01;0.04;0.0;0.43;0.02;0.09;0.0
1.0;0;1.0;0.1;0.32;0.095;0.5;0.04;0.17;0.1047;1.0;0.04;0.17;0.19030000000000002
1.0;0;1.0;0.06;0.19;0.08;1.0;0.03;0.13;0.11;1.0;0.06;0.26;0.16
1.0;0;1.0;0.141;0.45;0.1643;0.5;0.06;0.26;0.12300000000000001;1.0;0.08;0.35;0.175
0.0;0;0.86;0.214;0.69;0.16;1.0;0.055;0.24;0.16399999999999998;0.71;0.135;0.58;0.14
1.0;0;1.0;0.13;0.42;0.1638;1.0;0.06;0.26;0.16879999999999998;1.0;0.1;0.43;0.1435
1.0;0;0.86;0.07;0.23;0.11;1.0;0.06;0.26;0.11;1.0;0.1;0.43;0.12
0.0;0;1.0;0.165;0.53;0.102;1.0;0.055;0.24;0.115;1.0;0.09;0.39;0.125
1.0;0;0.93;0.16;0.52;0.10400000000000001;1.0;0.06;0.26;0.14300000000000002;0.86;0.1;0.43;0.113
1.0;1;0.71;0.1;0.32;0.0705;0.75;0.04;0.17;0.0;0.29;0.0;0.0;0.0
1.0;0;0.93;0.12;0.39;0.13949999999999999;1.0;0.02;0.09;0.155;1.0;0.02;0.09;0.17670000000000002
0.0;0;0.93;0.153;0.49;0.121;1.0;0.03;0.13;0.134;0.86;0.08;0.35;0.145
1.0;1;1.0;0.12500000000000003;0.4;0.1223;1.0;0.0;0.0;0.1796;0.57;0.0;0.0;0.0
1.0;0;0.21;0.01;0.03;0.0;0.0;0.0;0.0;0.0;0.14;0.0;0.0;0.0
0.0;0;0.64;0.14;0.45;0.0674;0.5;0.06;0.26;0.1257;0.29;0.12;0.52;0.171
0.0;0;1.0;0.14;0.45;0.10529999999999999;1.0;0.07;0.3;0.128;1.0;0.081;0.35;0.1887
1.0;0;0.93;0.185;0.6;0.11800000000000001;0.75;0.03;0.13;0.1423;1.0;0.09;0.39;0.19
1.0;0;0.86;0.15;0.48;0.1636;1.0;0.06;0.26;0.15839999999999999;0.86;0.07;0.3;0.17670000000000002
1.0;0;1.0;0.155;0.5;0.127;1.0;0.099;0.43;0.15;1.0;0.13;0.56;0.172
1.0;0;0.93;0.14;0.45;0.09;1.0;0.01;0.04;0.1;1.0;0.02;0.09;0.09
1.0;0;0.79;0.11;0.35;0.13;1.0;0.06;0.26;0.18;1.0;0.08;0.35;0.13
0.0;0;0.5;0.046;0.15;0.0351;0.75;0.015;0.07;0.0;0.29;0.0;0.0;0.0
1.0;1;0.93;0.099;0.32;0.053;1.0;0.03;0.13;0.114;1.0;0.021;0.09;0.085
1.0;0;0.79;0.195;0.63;0.091;1.0;0.045;0.2;0.08;1.0;0.107;0.46;0.113
1.0;0;0.71;0.13;0.42;0.08;0.5;0.06;0.26;0.09;0.57;0.08;0.35;0.1
1.0;0;0.64;0.04;0.13;0.11;1.0;0.01;0.04;0.08;1.0;0.02;0.09;0.05
1.0;0;0.86;0.13;0.42;0.11;1.0;0.06;0.26;0.19;1.0;0.1;0.43;0.18
1.0;0;1.0;0.156;0.5;0.1222;1.0;0.04;0.17;0.19039999999999999;1.0;0.1;0.43;0.158
0.0;1;0.21;0.0;0.0;0.01;0.5;0.01;0.04;0.0;0.14;0.0;0.0;0.0
0.0;0;0.93;0.17800000000000002;0.57;0.122;0.75;0.05;0.22;0.135;1.0;0.151;0.65;0.177
0.0;0;0.86;0.1;0.32;0.12;0.75;0.04;0.17;0.07;1.0;0.06;0.26;0.12
0.0;0;0.93;0.14;0.45;0.0729;0.75;0.05;0.22;0.135;1.0;0.06;0.26;0.175
0.0;0;0.64;0.04;0.13;0.07;0.75;0.02;0.09;0.09;0.43;0.04;0.17;0.06
1.0;0;0.71;0.16;0.52;0.1067;0.25;0.06;0.26;0.052300000000000006;0.57;0.1;0.43;0.121
1.0;0;0.43;0.04;0.13;0.0;0.25;0.04;0.17;0.0;0.29;0.05;0.22;0.0
1.0;0;0.14;0.0;0.0;0.0;0.0;0.0;0.0;0.0;0.0;0.0;0.0;0.0
1.0;0;0.79;0.12;0.39;0.14;1.0;0.04;0.17;0.17;1.0;0.07;0.3;0.14
0.0;0;0.79;0.09;0.29;0.12;1.0;0.04;0.17;0.16;1.0;0.03;0.13;0.13
0.0;0;1.0;0.165;0.53;0.139;0.5;0.02;0.09;0.136;0.86;0.077;0.33;0.11199999999999999
0.0;0;1.0;0.15;0.48;0.15;1.0;0.06;0.26;0.19;1.0;0.1;0.43;0.2
0.0;0;0.79;0.13;0.42;0.091;0.25;0.04;0.17;0.18460000000000001;0.29;0.055;0.24;0.165
1.0;0;0.14;0.0;0.0;0.0;0.0;0.0;0.0;0.0;0.0;0.0;0.0;0.0
0.0;0;0.57;0.07400000000000001;0.24;0.115;0.25;0.044000000000000004;0.19;0.084;0.71;0.079;0.34;0.154
1.0;0;0.93;0.14;0.45;0.1716;1.0;0.04;0.17;0.1446;0.71;0.08;0.35;0.1537
1.0;1;0.43;0.038;0.12;0.076;1.0;0.0;0.0;0.031400000000000004;0.43;0.0;0.0;0.02
0.0;1;0.64;0.1;0.32;0.0229;0.75;0.0;0.0;0.0;0.43;0.0;0.0;0.0
1.0;0;0.86;0.125;0.4;0.12380000000000001;1.0;0.05;0.22;0.026699999999999998;0.43;0.02;0.09;0.0917
0.0;0;0.93;0.15;0.48;0.12;1.0;0.08;0.35;0.15;0.43;0.08;0.35;0.12
1.0;0;1.0;0.17;0.55;0.145;1.0;0.04;0.17;0.111;0.71;0.1;0.43;0.0983
1.0;0;0.86;0.07;0.23;0.12;1.0;0.04;0.17;0.13;1.0;0.08;0.35;0.1
1.0;0;0.79;0.0;0.0;0.05;0.75;0.0;0.0;0.03;0.29;0.0;0.0;0.0
1.0;0;0.64;0.15;0.48;0.157;0.75;0.06;0.26;0.1761;0.71;0.13;0.56;0.1937
0.0;0;1.0;0.1295;0.42;0.10800000000000001;1.0;0.0795;0.35;0.10400000000000001;1.0;0.12;0.52;0.12300000000000001
1.0;1;0.64;0.0;0.0;0.025;0.25;0.0;0.0;0.0;0.43;0.0;0.0;0.0
1.0;0;0.36;0.01;0.03;0.01;0.5;0.0;0.0;0.0;0.14;0.0;0.0;0.0
1.0;1;0.71;0.035500000000000004;0.11;0.015;1.0;0.0335;0.15;0.084;1.0;0.07300000000000001;0.32;0.046
0.0;0;0.86;0.14;0.45;0.13;0.75;0.08;0.35;0.11;0.86;0.13;0.56;0.12
1.0;0;0.71;0.17;0.55;0.1363;1.0;0.04;0.17;0.16;1.0;0.1;0.43;0.125
1.0;0;1.0;0.19799999999999998;0.64;0.11900000000000001;0.5;0.031;0.13;0.12;1.0;0.13;0.56;0.19
1.0;1;0.21;0.02;0.06;0.013500000000000002;1.0;0.0;0.0;0.0;0.0;0.0;0.0;0.0
1.0;1;0.21;0.0;0.0;0.0;0.0;0.0;0.0;0.09759999999999999;0.14;0.0;0.0;0.04
1.0;0;1.0;0.09;0.29;0.11;0.5;0.02;0.09;0.19;0.43;0.01;0.04;0.0
0.0;0;0.86;0.131;0.42;0.08199999999999999;1.0;0.055;0.24;0.154;1.0;0.115;0.5;0.16
0.0;0;0.14;0.0;0.0;0.0;0.0;0.0;0.0;0.0;0.0;0.0;0.0;0.0
0.0;1;0.64;0.03;0.1;0.02;0.75;0.01;0.04;0.08;0.43;0.0;0.0;0.0
0.0;0;0.36;0.04;0.13;0.0375;0.0;0.0;0.0;0.0;0.0;0.0;0.0;0.0
1.0;0;1.0;0.16;0.52;0.1;1.0;0.06;0.26;0.14;1.0;0.1;0.43;0.12
1.0;1;1.0;0.0;0.0;0.0849;1.0;0.0;0.0;0.08;1.0;0.03;0.13;0.07
1.0;0;0.71;0.08;0.26;0.04;1.0;0.02;0.09;0.12;1.0;0.01;0.04;0.11
1.0;0;0.93;0.09;0.29;0.10300000000000001;1.0;0.05;0.22;0.11699999999999999;0.14;0.04;0.17;0.0
0.0;0;0.93;0.1;0.32;0.08;0.75;0.07;0.3;0.11;1.0;0.14;0.61;0.13
1.0;0;0.71;0.145;0.47;0.0867;0.25;0.06;0.26;0.0803;0.57;0.1;0.43;0.085
1.0;1;0.29;0.02;0.06;0.04;1.0;0.01;0.04;0.0;0.71;0.0;0.0;0.0
0.0;1;0.79;0.06;0.19;0.06;1.0;0.04;0.17;0.0;0.86;0.1;0.43;0.06
1.0;0;0.86;0.168;0.54;0.12;1.0;0.054000000000000006;0.23;0.135;1.0;0.13;0.56;0.17
0.0;0;0.79;0.31;1.0;0.0942;1.0;0.04;0.17;0.0;0.86;0.2;0.87;0.095
1.0;1;0.43;0.05;0.16;0.02;0.75;0.01;0.04;0.11;0.86;0.0;0.0;0.1
1.0;0;1.0;0.07;0.23;0.02;0.75;0.06;0.26;0.05;0.71;0.1;0.43;0.04
1.0;0;0.29;0.0;0.0;0.0;0.25;0.0;0.0;0.0;0.29;0.0;0.0;0.0
1.0;0;0.86;0.16;0.52;0.15460000000000002;0.75;0.06;0.26;0.1875;1.0;0.08;0.35;0.15
1.0;0;0.93;0.12;0.39;0.17300000000000001;1.0;0.06;0.26;0.1634;1.0;0.12;0.52;0.177
1.0;0;0.71;0.14;0.45;0.11;1.0;0.02;0.09;0.07;0.57;0.0;0.0;0.07
1.0;0;0.14;0.0;0.0;0.0;0.0;0.0;0.0;0.0;0.0;0.0;0.0;0.0
1.0;0;0.79;0.18;0.58;0.12;0.5;0.06;0.26;0.15;0.57;0.05;0.22;0.13
1.0;0;0.79;0.114;0.37;0.142;0.5;0.05;0.22;0.153;1.0;0.14;0.61;0.177
0.0;0;0.86;0.15;0.48;0.1165;1.0;0.06;0.26;0.1151;0.71;0.1;0.43;0.16920000000000002
1.0;0;1.0;0.16;0.52;0.1714;1.0;0.06;0.26;0.1822;1.0;0.1;0.43;0.1564
1.0;0;0.93;0.18;0.58;0.1309;1.0;0.05;0.22;0.1501;0.71;0.09;0.39;0.16899999999999998
1.0;0;0.93;0.165;0.53;0.1422;1.0;0.04;0.17;0.1233;1.0;0.09;0.39;0.165
0.0;0;0.86;0.15;0.48;0.02;0.75;0.12;0.52;0.08;0.86;0.15;0.65;0.08
1.0;0;1.0;0.15600000000000003;0.5;0.156;1.0;0.1;0.43;0.0;0.86;0.127;0.55;0.16
0.0;0;0.29;0.16;0.52;0.15;0.75;0.05;0.22;0.2;1.0;0.1;0.43;0.2
1.0;0;0.57;0.16;0.52;0.1157;0.5;0.06;0.26;0.1487;0.71;0.1;0.43;0.1497
1.0;0;0.93;0.04;0.13;0.08;1.0;0.04;0.17;0.11;1.0;0.08;0.35;0.09
1.0;0;0.36;0.09;0.29;0.08;0.25;0.07;0.3;0.07;0.86;0.17;0.74;0.02
1.0;0;0.5;0.052000000000000005;0.17;0.0;0.5;0.01;0.04;0.11699999999999999;0.43;0.01;0.04;0.08900000000000001
1.0;1;0.79;0.066;0.21;0.077;1.0;0.037000000000000005;0.16;0.113;0.57;0.012;0.05;0.122
0.0;0;0.86;0.2;0.65;0.1173;1.0;0.04;0.17;0.1377;1.0;0.02;0.09;0.11779999999999999
0.0;0;0.79;0.15;0.48;0.0917;1.0;0.09;0.39;0.0525;1.0;0.081;0.35;0.0617
1.0;0;0.86;0.04;0.13;0.0855;1.0;0.0;0.0;0.0;0.86;0.0;0.0;0.095
1.0;0;0.86;0.12;0.39;0.10640000000000001;1.0;0.06;0.26;0.1011;0.86;0.08;0.35;0.157
1.0;0;0.21;0.01;0.03;0.0;0.0;0.0;0.0;0.0;0.0;0.0;0.0;0.0
0.0;0;0.79;0.13;0.42;0.0592;1.0;0.02;0.09;0.115;0.43;0.08;0.35;0.105
0.0;0;0.0;0.0;0.0;0.0;0.0;0.0;0.0;0.0;0.0;0.0;0.0;0.0
0.0;0;0.79;0.075;0.24;0.08810000000000001;1.0;0.01;0.04;0.0;0.0;0.0;0.0;0.0
1.0;0;0.93;0.10800000000000001;0.35;0.1441;1.0;0.07;0.3;0.139;1.0;0.08;0.35;0.171
0.0;0;0.5;0.1;0.32;0.06570000000000001;0.5;0.135;0.59;0.1207;0.57;0.06;0.26;0.122
0.0;0;0.93;0.16;0.52;0.2;0.75;0.0574;0.25;0.1691;0.71;0.091;0.39;0.2
0.0;0;0.71;0.16;0.52;0.14;0.25;0.06;0.26;0.149;0.71;0.1;0.43;0.131
1.0;0;0.14;0.06;0.19;0.0;0.25;0.0;0.0;0.02;0.86;0.1;0.43;0.03
0.0;0;0.79;0.1445;0.47;0.11599999999999999;1.0;0.0955;0.41;0.17;1.0;0.15;0.65;0.19
1.0;0;0.93;0.14;0.45;0.07;1.0;0.05;0.22;0.1;0.86;0.09;0.39;0.12
1.0;0;0.86;0.115;0.37;0.11;1.0;0.08;0.35;0.16;1.0;0.13;0.56;0.17
0.0;0;0.79;0.128;0.41;0.064;1.0;0.055;0.24;0.114;1.0;0.16;0.69;0.15
1.0;0;0.43;0.09;0.29;0.07;0.75;0.06;0.26;0.1;0.86;0.04;0.17;0.11
0.0;0;1.0;0.16;0.52;0.0935;1.0;0.06;0.26;0.0867;1.0;0.1;0.43;0.09
1.0;0;0.79;0.12;0.39;0.07339999999999999;1.0;0.06;0.26;0.0833;0.86;0.085;0.37;0.132
1.0;0;0.29;0.12;0.39;0.06849999999999999;0.25;0.0825;0.36;0.10210000000000001;0.29;0.1;0.43;0.06
1.0;0;0.79;0.13699999999999998;0.44;0.11699999999999999;1.0;0.107;0.46;0.095;0.29;0.11;0.48;0.042
1.0;0;0.79;0.19;0.61;0.06;0.75;0.06;0.26;0.02;0.86;0.18;0.78;0.1
1.0;0;0.93;0.16;0.52;0.0766;1.0;0.06;0.26;0.1161;0.57;0.1;0.43;0.09369999999999999
0.0;0;0.71;0.0535;0.17;0.099;0.5;0.04650000000000001;0.2;0.147;0.86;0.13;0.56;0.12300000000000001
0.0;0;0.57;0.03;0.1;0.04;0.25;0.0;0.0;0.0;0.43;0.0;0.0;0.0
1.0;1;0.36;0.0;0.0;0.006999999999999999;0.0;0.0;0.0;0.0;0.71;0.0;0.0;0.0
1.0;1;0.64;0.048;0.15;0.0167;0.25;0.0;0.0;0.0894;0.14;0.0;0.0;0.015
1.0;0;1.0;0.14;0.45;0.16;1.0;0.06;0.26;0.14;1.0;0.1;0.43;0.19
1.0;0;0.79;0.12;0.39;0.11;0.25;0.0;0.0;0.15;1.0;0.1;0.43;0.13
0.0;0;0.07;0.005;0.02;0.0;0.0;0.0;0.0;0.0;0.0;0.0;0.0;0.0
0.0;0;0.86;0.12;0.39;0.06;1.0;0.08;0.35;0.13;0.86;0.1;0.43;0.1
1.0;0;0.93;0.1;0.32;0.12;1.0;0.05;0.22;0.11;0.71;0.06;0.26;0.15
1.0;1;0.5;0.03;0.1;0.0175;0.75;0.0;0.0;0.10099999999999999;0.29;0.0;0.0;0.0
1.0;0;1.0;0.1;0.32;0.13;0.5;0.04;0.17;0.15;1.0;0.08;0.35;0.13
0.0;0;0.79;0.16;0.52;0.06;1.0;0.04;0.17;0.07;0.86;0.02;0.09;0.08
0.0;0;0.21;0.024;0.08;0.0;0.75;0.009;0.04;0.0;0.29;0.004;0.02;0.0
1.0;1;1.0;0.04;0.13;0.059800000000000006;1.0;0.01;0.04;0.0484;0.29;0.0;0.0;0.03
1.0;0;1.0;0.12;0.39;0.12;1.0;0.075;0.33;0.12;1.0;0.1;0.43;0.05
1.0;0;0.5;0.055;0.18;0.13;0.75;0.05;0.22;0.16;0.57;0.08;0.35;0.15
1.0;0;1.0;0.13149999999999998;0.42;0.183;1.0;0.07;0.3;0.1967;1.0;0.12;0.52;0.177
0.0;0;0.93;0.16;0.52;0.1184;1.0;0.06;0.26;0.1447;1.0;0.1;0.43;0.125
1.0;1;0.21;0.0;0.0;0.0;0.75;0.02;0.09;0.0;0.43;0.0;0.0;0.08
1.0;0;0.36;0.05;0.16;0.05;0.25;0.07;0.3;0.0;0.57;0.08;0.35;0.0
1.0;0;1.0;0.16;0.52;0.041299999999999996;1.0;0.06;0.26;0.055;1.0;0.09;0.39;0.12369999999999999
1.0;0;0.93;0.055999999999999994;0.18;0.025;0.75;0.03;0.13;0.0913;0.14;0.02;0.09;0.0
0.0;0;1.0;0.09299999999999999;0.3;0.127;1.0;0.068;0.3;0.17;1.0;0.11699999999999999;0.51;0.156
1.0;0;1.0;0.12;0.39;0.14;1.0;0.085;0.37;0.12;1.0;0.095;0.41;0.13
0.0;0;1.0;0.09;0.29;0.09;0.25;0.0;0.0;0.13;0.71;0.05;0.22;0.19
1.0;0;0.5;0.0;0.0;0.0025;0.25;0.0;0.0;0.0;0.71;0.0;0.0;0.0
1.0;0;1.0;0.16;0.52;0.1402;1.0;0.06;0.26;0.19140000000000001;1.0;0.1;0.43;0.175
1.0;0;0.71;0.1225;0.4;0.124;0.75;0.0725;0.31;0.075;1.0;0.151;0.65;0.115
1.0;1;0.57;0.12;0.39;0.01;1.0;0.02;0.09;0.0;0.0;0.07;0.3;0.0
0.0;0;0.86;0.2;0.65;0.12;1.0;0.04;0.17;0.139;1.0;0.02;0.09;0.157
1.0;0;0.79;0.13;0.42;0.0986;0.5;0.04;0.17;0.1233;0.57;0.06;0.26;0.043
1.0;0;0.79;0.13;0.42;0.1027;1.0;0.030999999999999996;0.13;0.1553;0.86;0.024;0.1;0.17
1.0;0;1.0;0.11699999999999999;0.38;0.032;1.0;0.059000000000000004;0.26;0.0883;1.0;0.095;0.41;0.14
1.0;0;1.0;0.13;0.42;0.1745;1.0;0.06;0.26;0.18530000000000002;1.0;0.08;0.35;0.13140000000000002
1.0;1;0.36;0.0;0.0;0.002;0.5;0.0;0.0;0.015;0.86;0.0;0.0;0.0233
1.0;0;0.86;0.15;0.48;0.16;0.5;0.09;0.39;0.2;1.0;0.11;0.48;0.14
0.0;0;1.0;0.153;0.49;0.12;1.0;0.051;0.22;0.136;0.86;0.06;0.26;0.175
1.0;0;1.0;0.09;0.29;0.10869999999999999;1.0;0.064;0.28;0.08;1.0;0.08;0.35;0.1533
0.0;0;1.0;0.2;0.65;0.10439999999999999;1.0;0.06;0.26;0.1373;1.0;0.091;0.39;0.1557
0.0;0;0.79;0.125;0.4;0.10400000000000001;1.0;0.06;0.26;0.136;0.43;0.05;0.22;0.114
1.0;0;0.71;0.135;0.44;0.069;1.0;0.032;0.14;0.162;0.86;0.12;0.52;0.063
0.0;0;0.86;0.098;0.32;0.047;1.0;0.084;0.36;0.102;1.0;0.11699999999999999;0.51;0.12
0.0;0;1.0;0.12;0.39;0.13;1.0;0.06;0.26;0.14;1.0;0.1;0.43;0.18
1.0;0;0.86;0.157;0.51;0.1525;1.0;0.059000000000000004;0.26;0.1612;1.0;0.1;0.43;0.1697
0.0;0;1.0;0.15;0.48;0.0821;1.0;0.05;0.22;0.11470000000000001;1.0;0.054000000000000006;0.23;0.163
1.0;0;0.93;0.14;0.45;0.11230000000000001;0.75;0.09;0.39;0.1166;1.0;0.052000000000000005;0.23;0.191
1.0;0;0.64;0.12;0.39;0.1012;0.25;0.02;0.09;0.105;0.57;0.08;0.35;0.055
1.0;0;0.93;0.109;0.35;0.0263;1.0;0.055;0.24;0.1495;0.71;0.075;0.32;0.15
0.0;0;0.93;0.14;0.45;0.1516;1.0;0.06;0.26;0.156;1.0;0.08;0.35;0.155
1.0;0;1.0;0.159;0.51;0.1535;1.0;0.06;0.26;0.14550000000000002;1.0;0.1;0.43;0.185
0.0;0;0.93;0.14;0.45;0.09;1.0;0.08;0.35;0.09;0.43;0.08;0.35;0.07
0.0;0;0.43;0.13;0.42;0.14;1.0;0.06;0.26;0.11;1.0;0.05;0.22;0.07
0.0;0;0.71;0.152;0.49;0.134;0.75;0.009;0.04;0.17;0.86;0.036000000000000004;0.16;0.122
0.0;0;0.93;0.10400000000000001;0.34;0.09539999999999998;1.0;0.05;0.22;0.131;0.86;0.08;0.35;0.11
0.0;0;1.0;0.16;0.52;0.1517;1.0;0.04;0.17;0.1041;1.0;0.1;0.43;0.182
1.0;0;0.0;0.005;0.02;0.0;0.5;0.004;0.02;0.0;0.29;0.004;0.02;0.0
1.0;0;0.86;0.14;0.45;0.0875;0.75;0.06;0.26;0.1173;0.86;0.1;0.43;0.2
1.0;0;0.79;0.125;0.4;0.1;0.5;0.065;0.28;0.06;0.57;0.1;0.43;0.08
0.0;0;1.0;0.14;0.45;0.1184;1.0;0.06;0.26;0.1286;1.0;0.1;0.43;0.17300000000000001
0.0;1;0.86;0.02;0.06;0.02;0.5;0.0;0.0;0.05;0.43;0.0;0.0;0.1
1.0;0;1.0;0.16;0.52;0.1422;1.0;0.06;0.26;0.155;1.0;0.1;0.43;0.2
1.0;0;0.93;0.14200000000000002;0.46;0.166;1.0;0.11;0.48;0.085;1.0;0.142;0.61;0.172
0.0;0;0.86;0.215;0.69;0.11;1.0;0.06;0.26;0.102;0.71;0.06;0.26;0.07
1.0;0;0.86;0.06;0.19;0.09;1.0;0.02;0.09;0.1;1.0;0.01;0.04;0.1
0.0;1;0.71;0.105;0.34;0.07;1.0;0.04;0.17;0.04;0.86;0.0;0.0;0.08
1.0;0;0.79;0.16;0.52;0.12;0.75;0.06;0.26;0.12;1.0;0.1;0.43;0.12
1.0;1;0.86;0.040999999999999995;0.13;0.035;1.0;0.009;0.04;0.064;1.0;0.047;0.2;0.062
1.0;0;0.79;0.16;0.52;0.1366;1.0;0.05;0.22;0.15;0.86;0.09;0.39;0.1787
1.0;0;0.93;0.12;0.39;0.18989999999999999;1.0;0.06;0.26;0.1833;1.0;0.13;0.56;0.198
1.0;0;0.79;0.126;0.41;0.067;1.0;0.025;0.11;0.09699999999999999;1.0;0.06;0.26;0.159
1.0;0;0.64;0.08;0.26;0.065;1.0;0.0;0.0;0.0;0.0;0.0;0.0;0.0
1.0;0;0.93;0.16;0.52;0.1333;1.0;0.06;0.26;0.1433;1.0;0.1;0.43;0.1334
0.0;0;0.86;0.19;0.61;0.06;0.75;0.01;0.04;0.1;0.86;0.2;0.87;0.06
1.0;0;1.0;0.1495;0.48;0.174;1.0;0.09949999999999999;0.43;0.165;1.0;0.127;0.55;0.193
1.0;0;0.86;0.13;0.42;0.1048;1.0;0.06;0.26;0.105;1.0;0.1;0.43;0.136
1.0;1;1.0;0.054000000000000006;0.17;0.01;1.0;0.009;0.04;0.039;1.0;0.019999999999999997;0.09;0.06
1.0;0;0.21;0.0;0.0;0.055;0.75;0.0;0.0;0.07200000000000001;0.71;0.02;0.09;0.1067
1.0;1;0.79;0.1;0.32;0.07150000000000001;0.75;0.0;0.0;0.0;0.29;0.0;0.0;0.03
1.0;0;0.57;0.14;0.45;0.1698;0.75;0.06;0.26;0.1574;0.43;0.08;0.35;0.175
0.0;0;0.86;0.18;0.58;0.17;0.5;0.01;0.04;0.0;0.43;0.01;0.04;0.04
1.0;1;1.0;0.028999999999999998;0.09;0.068;1.0;0.04;0.17;0.0633;1.0;0.05;0.22;0.0583
1.0;0;0.93;0.12;0.39;0.18;1.0;0.06;0.26;0.2;1.0;0.11;0.48;0.18
0.0;0;1.0;0.11;0.35;0.11;0.5;0.07;0.3;0.09;1.0;0.11;0.48;0.12
1.0;0;1.0;0.055;0.18;0.038;0.5;0.015;0.07;0.0658;0.71;0.02;0.09;0.06
0.0;0;0.71;0.16;0.52;0.08;0.5;0.06;0.26;0.06;0.86;0.1;0.43;0.07
1.0;0;0.86;0.075;0.24;0.08800000000000001;1.0;0.03;0.13;0.10529999999999999;1.0;0.095;0.41;0.1467
0.0;0;0.93;0.23199999999999998;0.75;0.091;1.0;0.06;0.26;0.128;1.0;0.06;0.26;0.11
0.0;0;0.79;0.16;0.52;0.182;1.0;0.04;0.17;0.11460000000000001;0.86;0.2;0.87;0.152
1.0;0;0.93;0.14;0.45;0.1;0.5;0.03;0.13;0.14;1.0;0.08;0.35;0.14
1.0;0;1.0;0.096;0.31;0.11699999999999999;1.0;0.047;0.2;0.113;1.0;0.103;0.45;0.128
1.0;0;0.86;0.1;0.32;0.08;1.0;0.04;0.17;0.14;1.0;0.06;0.26;0.12
0.0;0;0.29;0.0545;0.18;0.0;0.5;0.0395;0.17;0.0;0.0;0.06;0.26;0.0
1.0;0;0.64;0.06;0.19;0.07;1.0;0.04;0.17;0.18;0.86;0.01;0.04;0.12
0.0;0;0.86;0.09;0.29;0.13;1.0;0.04;0.17;0.19;1.0;0.08;0.35;0.16
1.0;0;1.0;0.16;0.52;0.12140000000000001;0.5;0.06;0.26;0.12;0.29;0.1;0.43;0.12
0.0;1;0.43;0.08;0.26;0.02;0.0;0.005;0.02;0.11;0.0;0.06;0.26;0.0
1.0;0;1.0;0.02;0.06;0.064;0.25;0.0;0.0;0.0645;0.71;0.0;0.0;0.03
1.0;0;1.0;0.102;0.33;0.1173;1.0;0.04;0.17;0.1433;1.0;0.03;0.13;0.1406
1.0;0;1.0;0.08;0.26;0.13;1.0;0.04;0.17;0.19;1.0;0.07;0.3;0.08
0.0;0;0.93;0.16;0.52;0.01;1.0;0.02;0.09;0.02;1.0;0.19;0.82;0.0
1.0;0;0.79;0.136;0.44;0.10800000000000001;0.75;0.05;0.22;0.17;0.71;0.08;0.35;0.16899999999999998
0.0;0;0.93;0.086;0.28;0.033;1.0;0.06;0.26;0.145;0.71;0.08;0.35;0.0783
1.0;1;0.43;0.013999999999999999;0.05;0.10800000000000001;0.5;0.0;0.0;0.0755;0.71;0.04;0.17;0.07
0.0;0;0.71;0.2;0.65;0.0852;0.25;0.06;0.26;0.15;0.71;0.102;0.44;0.10099999999999999
1.0;0;0.93;0.15;0.48;0.1962;1.0;0.06;0.26;0.15539999999999998;1.0;0.11;0.48;0.145
1.0;0;0.64;0.02;0.06;0.042800000000000005;1.0;0.0;0.0;0.0746;0.29;0.0;0.0;0.027999999999999997
1.0;1;0.57;0.035;0.11;0.142;0.75;0.02;0.09;0.0753;0.71;0.03;0.13;0.12
0.0;0;0.93;0.11;0.35;0.11;1.0;0.06;0.26;0.08;1.0;0.11;0.48;0.07
1.0;0;0.86;0.15;0.48;0.124;1.0;0.10800000000000001;0.47;0.13699999999999998;1.0;0.15;0.65;0.177
1.0;0;0.93;0.12;0.39;0.14;1.0;0.055;0.24;0.154;0.86;0.075;0.32;0.182
0.0;0;0.86;0.13;0.42;0.03;1.0;0.11;0.48;0.03;1.0;0.14;0.61;0.02
1.0;0;0.86;0.16;0.52;0.025;0.25;0.08;0.35;0.121;0.71;0.064;0.28;0.1485
1.0;0;0.71;0.04;0.13;0.1286;1.0;0.04;0.17;0.0842;1.0;0.02;0.09;0.145
1.0;0;0.86;0.1;0.32;0.16399999999999998;1.0;0.04;0.17;0.166;0.43;0.05;0.22;0.154
1.0;0;0.79;0.038000000000000006;0.12;0.015;0.0;0.0;0.0;0.134;1.0;0.062;0.27;0.09
1.0;0;0.79;0.15;0.48;0.035;0.75;0.1833;0.8;0.14550000000000002;0.86;0.048;0.21;0.135
0.0;0;1.0;0.18600000000000003;0.6;0.0913;1.0;0.06;0.26;0.158;1.0;0.11;0.48;0.147
0.0;0;1.0;0.13;0.42;0.1;1.0;0.06;0.26;0.11;1.0;0.13;0.56;0.16
1.0;0;0.0;0.0;0.0;0.0;0.0;0.0;0.0;0.0;0.0;0.0;0.0;0.0
1.0;0;0.86;0.14;0.45;0.19510000000000002;1.0;0.06;0.26;0.1745;1.0;0.13;0.56;0.1557
1.0;0;0.71;0.153;0.49;0.099;1.0;0.055;0.24;0.145;0.86;0.107;0.46;0.165
1.0;0;0.93;0.1425;0.46;0.175;1.0;0.07200000000000001;0.31;0.196;1.0;0.12;0.52;0.1531
1.0;0;0.93;0.16;0.52;0.1765;1.0;0.06;0.26;0.16829999999999998;0.86;0.1;0.43;0.1628
0.0;0;0.64;0.05;0.16;0.0277;0.25;0.0;0.0;0.0;0.14;0.0;0.0;0.0
0.0;0;0.57;0.2;0.65;0.07;0.75;0.05;0.22;0.03;1.0;0.17;0.74;0.07
0.0;0;1.0;0.14300000000000002;0.46;0.0712;1.0;0.06;0.26;0.152;1.0;0.08;0.35;0.113
0.0;0;0.57;0.135;0.44;0.035;0.0;0.06;0.26;0.0767;0.43;0.06;0.26;0.135
1.0;0;0.86;0.18;0.58;0.04;1.0;0.02;0.09;0.02;1.0;0.15;0.65;0.02
1.0;1;0.64;0.0;0.0;0.02;1.0;0.01;0.04;0.08;1.0;0.0;0.0;0.11
1.0;0;1.0;0.13;0.42;0.14;1.0;0.085;0.37;0.09;1.0;0.12;0.52;0.06
1.0;0;1.0;0.128;0.41;0.125;1.0;0.055;0.24;0.11;0.86;0.09099999999999998;0.39;0.165
0.0;0;1.0;0.205;0.66;0.15;1.0;0.055;0.24;0.16;1.0;0.115;0.5;0.12
0.0;0;0.79;0.12;0.39;0.1575;1.0;0.03;0.13;0.1168;0.57;0.073;0.32;0.07
1.0;0;1.0;0.12;0.39;0.1666;1.0;0.06;0.26;0.14300000000000002;1.0;0.07200000000000001;0.31;0.188
1.0;0;0.86;0.16;0.52;0.06;1.0;0.08;0.35;0.11;0.86;0.1;0.43;0.11
1.0;0;0.86;0.165;0.53;0.11;1.0;0.06;0.26;0.13;0.86;0.125;0.54;0.13
1.0;0;0.86;0.15;0.48;0.09;0.75;0.1;0.43;0.1;0.57;0.17;0.74;0.08
1.0;0;0.93;0.05;0.16;0.09;1.0;0.06;0.26;0.1;0.43;0.03;0.13;0.0
1.0;0;1.0;0.06699999999999999;0.22;0.057999999999999996;1.0;0.025;0.11;0.10400000000000001;1.0;0.095;0.41;0.17
1.0;0;0.86;0.1;0.32;0.07;0.5;0.04;0.17;0.14;0.71;0.06;0.26;0.1367
1.0;0;0.43;0.0;0.0;0.02;0.25;0.0;0.0;0.0;0.14;0.0;0.0;0.0
1.0;0;1.0;0.15;0.48;0.09230000000000001;1.0;0.06;0.26;0.021099999999999997;1.0;0.1;0.43;0.055
1.0;0;0.71;0.17;0.55;0.04;1.0;0.02;0.09;0.02;0.71;0.1;0.43;0.0
0.0;0;0.21;0.0;0.0;0.005;1.0;0.009000000000000001;0.04;0.0513;1.0;0.0;0.0;0.01
1.0;0;0.79;0.036500000000000005;0.12;0.0395;0.25;0.01;0.04;0.0;0.71;0.006000000000000001;0.03;0.024
1.0;0;0.71;0.16;0.52;0.07;0.5;0.06;0.26;0.07;1.0;0.1;0.43;0.07
1.0;1;0.93;0.05;0.16;0.0707;0.5;0.0;0.0;0.023799999999999998;0.43;0.0;0.0;0.0
0.0;0;0.93;0.16;0.52;0.11;0.75;0.06;0.26;0.14;0.86;0.1;0.43;0.15
1.0;1;1.0;0.0;0.0;0.045899999999999996;0.5;0.0;0.0;0.0446;1.0;0.0;0.0;0.038
1.0;0;1.0;0.16;0.52;0.2;1.0;0.06;0.26;0.19;1.0;0.09;0.39;0.2
1.0;0;0.79;0.14;0.45;0.14;1.0;0.03;0.13;0.19;1.0;0.1;0.43;0.13
0.0;0;0.79;0.17;0.55;0.02;1.0;0.02;0.09;0.03;0.86;0.14;0.61;0.02
1.0;1;0.36;0.0;0.0;0.0;0.0;0.0;0.0;0.0;0.0;0.0;0.0;0.0
0.0;0;0.86;0.10949999999999999;0.35;0.073;1.0;0.0425;0.18;0.133;1.0;0.087;0.38;0.12300000000000001
1.0;0;0.79;0.11;0.35;0.16;1.0;0.04;0.17;0.18;1.0;0.1;0.43;0.15
0.0;0;0.43;0.01;0.03;0.047;0.25;0.04;0.17;0.0834;0.57;0.0;0.0;0.06
1.0;0;0.86;0.205;0.66;0.13;0.75;0.05;0.22;0.12;0.43;0.065;0.28;0.01
0.0;0;0.79;0.10099999999999999;0.33;0.10800000000000001;0.75;0.05;0.22;0.135;1.0;0.05;0.22;0.111
0.0;0;1.0;0.11399999999999999;0.37;0.079;1.0;0.092;0.4;0.11599999999999999;0.71;0.115;0.5;0.14
1.0;0;0.93;0.04;0.13;0.044000000000000004;1.0;0.0;0.0;0.0659;0.86;0.02;0.09;0.07
1.0;0;0.71;0.03;0.1;0.0683;1.0;0.01;0.04;0.0745;0.43;0.01;0.04;0.0
1.0;0;0.57;0.145;0.47;0.038;0.75;0.07;0.3;0.122;1.0;0.08;0.35;0.09
0.0;0;0.79;0.11;0.35;0.1383;1.0;0.06;0.26;0.1216;0.86;0.1;0.43;0.172
0.0;0;0.93;0.18;0.58;0.16;0.75;0.06;0.26;0.1;0.71;0.08;0.35;0.09
0.0;0;0.79;0.115;0.37;0.09;0.25;0.07;0.3;0.07;0.57;0.09;0.39;0.14
0.0;0;1.0;0.16;0.52;0.12;0.25;0.06;0.26;0.12;0.86;0.1;0.43;0.13
1.0;0;1.0;0.08;0.26;0.11;1.0;0.02;0.09;0.11;1.0;0.08;0.35;0.14
1.0;0;1.0;0.172;0.55;0.183;1.0;0.055;0.24;0.192;1.0;0.10099999999999998;0.44;0.19
1.0;0;0.93;0.08;0.26;0.14;1.0;0.04;0.17;0.15;1.0;0.08;0.35;0.19
1.0;0;1.0;0.16;0.52;0.12;1.0;0.06;0.26;0.14;1.0;0.1;0.43;0.1
1.0;0;0.5;0.04;0.13;0.025;0.0;0.0;0.0;0.0;0.0;0.0;0.0;0.0
1.0;0;0.86;0.16;0.52;0.1016;1.0;0.04;0.17;0.1394;1.0;0.04;0.17;0.1617
1.0;0;1.0;0.14;0.45;0.018000000000000002;1.0;0.06;0.26;0.0446;1.0;0.1;0.43;0.035
1.0;1;0.79;0.06;0.19;0.05;1.0;0.02;0.09;0.0;0.29;0.0;0.0;0.09
0.0;0;1.0;0.115;0.37;0.106;1.0;0.04;0.17;0.165;1.0;0.08;0.35;0.11900000000000001
0.0;0;0.93;0.15;0.48;0.1191;1.0;0.06;0.26;0.1274;1.0;0.1;0.43;0.1783
1.0;0;0.86;0.1295;0.42;0.16899999999999998;0.75;0.0965;0.42;0.187;0.57;0.08199999999999999;0.35;0.139
1.0;0;0.5;0.01;0.03;0.027999999999999997;0.0;0.0;0.0;0.0;0.0;0.0;0.0;0.0
0.0;0;0.93;0.18;0.58;0.06;1.0;0.05;0.22;0.14;0.86;0.12;0.52;0.13
1.0;0;0.14;0.0;0.0;0.0;0.25;0.005;0.02;0.0;0.0;0.0;0.0;0.0
0.0;0;0.79;0.105;0.34;0.1;0.75;0.06;0.26;0.14;0.86;0.1;0.43;0.12
0.0;0;0.64;0.095;0.31;0.11;1.0;0.05;0.22;0.15;1.0;0.11;0.48;0.14
1.0;0;0.71;0.13;0.42;0.017;0.75;0.0;0.0;0.0;0.0;0.0;0.0;0.0
1.0;0;1.0;0.10500000000000002;0.34;0.0673;1.0;0.02;0.09;0.1389;1.0;0.0;0.0;0.125
1.0;0;0.64;0.16;0.52;0.0125;0.75;0.06;0.26;0.1017;0.86;0.1;0.43;0.1
1.0;0;0.93;0.16;0.52;0.08130000000000001;1.0;0.06;0.26;0.10439999999999999;1.0;0.1;0.43;0.059000000000000004
1.0;1;1.0;0.13;0.42;0.025;1.0;0.06;0.26;0.0421;1.0;0.08;0.35;0.06
0.0;0;1.0;0.16;0.52;0.17059999999999997;0.75;0.04;0.17;0.1629;0.71;0.07400000000000001;0.32;0.13
0.0;0;0.14;0.0;0.0;0.0;0.5;0.0;0.0;0.0;0.29;0.03;0.13;0.0
1.0;0;1.0;0.16;0.52;0.17;1.0;0.05;0.22;0.12;1.0;0.1;0.43;0.12
1.0;1;0.5;0.0;0.0;0.005;1.0;0.0;0.0;0.0;0.14;0.0;0.0;0.0
0.0;0;0.71;0.0;0.0;0.051699999999999996;0.5;0.0;0.0;0.0;0.29;0.0;0.0;0.0
1.0;0;0.79;0.16;0.52;0.179;1.0;0.04;0.17;0.187;0.86;0.1;0.43;0.185
1.0;0;0.71;0.12;0.39;0.1388;1.0;0.06;0.26;0.0467;1.0;0.1;0.43;0.055
0.0;0;0.5;0.1;0.32;0.16;0.75;0.0;0.0;0.15;0.57;0.01;0.04;0.1
0.0;0;0.71;0.24;0.77;0.0329;0.5;0.04;0.17;0.0919;1.0;0.06;0.26;0.07
1.0;0;0.64;0.09;0.29;0.04;0.5;0.04;0.17;0.13;0.86;0.07;0.3;0.1
0.0;0;0.93;0.18;0.58;0.15;1.0;0.04;0.17;0.13;1.0;0.06;0.26;0.16
1.0;0;0.93;0.08;0.26;0.14;0.75;0.04;0.17;0.18;1.0;0.07;0.3;0.15
1.0;0;0.79;0.15100000000000002;0.49;0.132;0.75;0.091;0.4;0.139;0.86;0.15;0.65;0.168
1.0;0;1.0;0.11;0.35;0.15;1.0;0.06;0.26;0.17;0.71;0.1;0.43;0.13
1.0;0;0.71;0.09;0.29;0.1867;0.75;0.04;0.17;0.1217;0.71;0.02;0.09;0.0967
0.0;0;0.86;0.13;0.42;0.12;0.5;0.07;0.3;0.12;1.0;0.1;0.43;0.11
0.0;0;1.0;0.09;0.29;0.03;0.75;0.02;0.09;0.09;0.71;0.07;0.3;0.0
1.0;1;1.0;0.05;0.16;0.05;1.0;0.01;0.04;0.07;1.0;0.0;0.0;0.08
1.0;0;0.86;0.16;0.52;0.1721;1.0;0.06;0.26;0.179;1.0;0.1;0.43;0.175
0.0;0;0.71;0.15;0.48;0.1363;1.0;0.06;0.26;0.11630000000000001;1.0;0.1;0.43;0.14429999999999998
0.0;0;0.93;0.159;0.51;0.158;1.0;0.10800000000000001;0.47;0.092;0.86;0.22;0.95;0.17800000000000002
0.0;0;0.93;0.16;0.52;0.2;1.0;0.08;0.35;0.13;1.0;0.08;0.35;0.2
1.0;0;0.86;0.09;0.29;0.1081;0.25;0.06;0.26;0.13570000000000002;0.86;0.04;0.17;0.14
1.0;0;0.86;0.15;0.48;0.1;1.0;0.03;0.13;0.03;1.0;0.03;0.13;0.1
1.0;0;0.64;0.135;0.44;0.1263;0.75;0.06;0.26;0.128;1.0;0.1;0.43;0.14150000000000001
1.0;0;1.0;0.1555;0.5;0.171;1.0;0.1235;0.54;0.179;1.0;0.13;0.56;0.14800000000000002
0.0;0;1.0;0.2;0.65;0.14;1.0;0.06;0.26;0.17;1.0;0.12;0.52;0.13
1.0;0;0.86;0.17;0.55;0.1865;1.0;0.047;0.2;0.18109999999999998;1.0;0.077;0.33;0.17550000000000002
0.0;0;0.86;0.14;0.45;0.1016;1.0;0.08;0.35;0.1133;0.86;0.15;0.65;0.07
1.0;0;0.79;0.125;0.4;0.05;0.75;0.06;0.26;0.1814;0.43;0.16;0.69;0.1905
1.0;0;0.43;0.01;0.03;0.06;1.0;0.01;0.04;0.12;0.14;0.0;0.0;0.0
1.0;0;0.86;0.155;0.5;0.075;1.0;0.06;0.26;0.1066;0.71;0.1;0.43;0.195
0.0;0;0.93;0.125;0.4;0.07400000000000001;0.75;0.02;0.09;0.0;0.43;0.0;0.0;0.0
1.0;0;0.86;0.07;0.23;0.17559999999999998;0.75;0.0;0.0;0.1283;0.86;0.08;0.35;0.13849999999999998
0.0;1;0.79;0.05;0.16;0.08;1.0;0.02;0.09;0.11;0.43;0.0;0.0;0.15
0.0;0;0.93;0.14;0.45;0.07;1.0;0.1;0.43;0.06;1.0;0.2;0.87;0.05
1.0;0;1.0;0.17700000000000002;0.57;0.1536;0.5;0.057999999999999996;0.25;0.2;1.0;0.1;0.43;0.1635
1.0;0;0.93;0.036000000000000004;0.12;0.02;0.5;0.0;0.0;0.0333;0.43;0.0;0.0;0.0
0.0;0;0.93;0.13;0.42;0.1;1.0;0.07;0.3;0.1;0.86;0.07;0.3;0.12
0.0;1;0.79;0.12;0.39;0.08;1.0;0.04;0.17;0.06;0.86;0.02;0.09;0.08
1.0;0;1.0;0.14;0.45;0.14;1.0;0.04;0.17;0.17;1.0;0.09;0.39;0.16
1.0;0;0.64;0.106;0.34;0.12279999999999999;1.0;0.04;0.17;0.124;0.86;0.05;0.22;0.163
1.0;0;0.0;0.0;0.0;0.0;0.25;0.005;0.02;0.0;0.0;0.0;0.0;0.0
1.0;1;0.5;0.1;0.32;0.016;0.75;0.01;0.04;0.0713;0.71;0.04;0.17;0.03
1.0;1;0.07;0.01;0.03;0.0;0.5;0.01;0.04;0.0;0.43;0.0;0.0;0.02
1.0;0;1.0;0.175;0.56;0.1945;0.75;0.034;0.15;0.196;1.0;0.105;0.45;0.2
1.0;0;0.93;0.16;0.52;0.1266;1.0;0.06;0.26;0.0661;1.0;0.1;0.43;0.0833
1.0;0;0.93;0.16;0.52;0.17;1.0;0.03;0.13;0.16;1.0;0.08;0.35;0.16
0.0;1;0.71;0.022000000000000002;0.07;0.0785;1.0;0.0;0.0;0.07;0.86;0.0;0.0;0.10800000000000001
0.0;0;0.71;0.183;0.59;0.17300000000000001;1.0;0.053;0.23;0.075;1.0;0.231;1.0;0.153
1.0;1;0.64;0.08;0.26;0.032;0.75;0.0;0.0;0.05;0.71;0.0;0.0;0.05
1.0;0;0.79;0.13;0.42;0.03;1.0;0.2302;1.0;0.198;0.86;0.03;0.13;0.18
1.0;0;0.79;0.12;0.39;0.17;1.0;0.04;0.17;0.2;0.57;0.02;0.09;0.18
0.0;0;1.0;0.13;0.42;0.14;1.0;0.05;0.22;0.16;1.0;0.1;0.43;0.18
0.0;0;1.0;0.16;0.52;0.17;1.0;0.06;0.26;0.15;1.0;0.1;0.43;0.19
1.0;0;0.79;0.135;0.44;0.0965;0.75;0.1;0.43;0.168;0.71;0.08;0.35;0.18
1.0;1;0.29;0.013000000000000001;0.04;0.079;0.5;0.02;0.09;0.1011;0.57;0.04;0.17;0.07
0.0;0;0.93;0.18;0.58;0.172;0.75;0.04;0.17;0.085;1.0;0.20600000000000002;0.89;0.154
1.0;0;0.29;0.05;0.16;0.0;0.25;0.01;0.04;0.0;0.07;0.0;0.0;0.0
1.0;1;0.43;0.0;0.0;0.0;0.25;0.02;0.09;0.0;0.29;0.17;0.74;0.0
1.0;0;0.64;0.1195;0.39;0.15;1.0;0.1025;0.45;0.2;1.0;0.10599999999999998;0.46;0.19
1.0;0;0.71;0.18;0.58;0.05;0.75;0.06;0.26;0.098;0.57;0.12;0.52;0.1883
0.0;1;0.79;0.06;0.19;0.0395;0.5;0.04;0.17;0.08;0.43;0.04;0.17;0.015
1.0;0;0.64;0.163;0.53;0.105;0.5;0.005;0.02;0.079;0.71;0.09699999999999999;0.42;0.142
1.0;0;0.71;0.155;0.5;0.09699999999999999;1.0;0.06;0.26;0.0934;0.86;0.07;0.3;0.107
1.0;0;0.71;0.13;0.42;0.0983;0.75;0.06;0.26;0.115;0.71;0.1;0.43;0.1892
1.0;0;0.86;0.1;0.32;0.13;1.0;0.05;0.22;0.0;0.86;0.1;0.43;0.11
0.0;0;0.86;0.125;0.4;0.09050000000000001;1.0;0.06;0.26;0.135;1.0;0.08;0.35;0.1183
0.0;0;1.0;0.165;0.53;0.16;1.0;0.055;0.24;0.15;0.57;0.095;0.41;0.09
0.0;0;0.93;0.04;0.13;0.06;0.75;0.0;0.0;0.0273;1.0;0.0;0.0;0.0533
1.0;0;1.0;0.12300000000000001;0.4;0.156;1.0;0.054000000000000006;0.23;0.162;1.0;0.09100000000000001;0.39;0.10099999999999999
0.0;0;1.0;0.19;0.61;0.125;1.0;0.055;0.24;0.156;1.0;0.16;0.69;0.156
1.0;0;0.86;0.14;0.45;0.1805;1.0;0.04;0.17;0.19;1.0;0.12;0.52;0.18899999999999997
0.0;0;1.0;0.15;0.48;0.16940000000000002;0.5;0.09;0.39;0.16079999999999997;1.0;0.08199999999999999;0.35;0.1452
1.0;0;0.79;0.12;0.39;0.10529999999999999;0.5;0.02;0.09;0.09759999999999999;0.43;0.015;0.06;0.14800000000000002
1.0;0;0.71;0.16;0.52;0.179;1.0;0.05;0.22;0.19;0.86;0.1;0.43;0.16
1.0;0;0.86;0.124;0.4;0.162;0.5;0.10099999999999999;0.44;0.193;0.71;0.13;0.56;0.159
1.0;0;0.71;0.17400000000000002;0.56;0.10400000000000001;1.0;0.043;0.19;0.109;0.86;0.11699999999999999;0.51;0.098
1.0;0;0.93;0.11;0.35;0.04;0.75;0.05;0.22;0.0;0.71;0.16;0.69;0.0
0.0;1;0.43;0.01;0.03;0.03;0.0;0.0;0.0;0.1;0.86;0.03;0.13;0.03
1.0;0;0.93;0.02;0.06;0.061500000000000006;1.0;0.0;0.0;0.0725;1.0;0.0;0.0;0.0567
1.0;0;0.71;0.18;0.58;0.1;1.0;0.06;0.26;0.15;0.86;0.08;0.35;0.18
0.0;0;0.93;0.19700000000000004;0.64;0.13699999999999998;1.0;0.055;0.24;0.085;1.0;0.20600000000000002;0.89;0.157
1.0;0;0.64;0.14;0.45;0.1;0.5;0.04;0.17;0.08;1.0;0.07;0.3;0.1
0.0;0;1.0;0.16;0.52;0.04650000000000001;1.0;0.06;0.26;0.1317;1.0;0.1;0.43;0.06
1.0;0;0.79;0.15;0.48;0.0353;1.0;0.06;0.26;0.0533;1.0;0.06;0.26;0.1
1.0;1;1.0;0.09949999999999999;0.32;0.068;1.0;0.07550000000000001;0.33;0.0;0.86;0.016;0.07;0.095
1.0;0;0.5;0.1;0.32;0.13;0.75;0.06;0.26;0.16;0.57;0.03;0.13;0.11
1.0;0;1.0;0.05;0.16;0.08;0.75;0.03;0.13;0.14;1.0;0.1;0.43;0.18
1.0;0;0.71;0.05;0.16;0.07;1.0;0.01;0.04;0.12;0.86;0.04;0.17;0.19
1.0;0;0.64;0.1066;0.34;0.0942;0.75;0.0;0.0;0.0;0.0;0.0;0.0;0.0
1.0;0;0.79;0.059;0.19;0.084;0.75;0.032;0.14;0.174;0.86;0.059000000000000004;0.26;0.182
1.0;1;1.0;0.04;0.13;0.0535;0.5;0.0;0.0;0.0;0.71;0.0;0.0;0.06
1.0;0;0.93;0.15200000000000002;0.49;0.154;1.0;0.08800000000000001;0.38;0.153;0.86;0.151;0.65;0.153
0.0;0;0.79;0.1;0.32;0.01;0.75;0.11;0.48;0.03;1.0;0.11;0.48;0.01
0.0;0;0.57;0.09;0.29;0.0325;1.0;0.06;0.26;0.1266;1.0;0.06;0.26;0.098
1.0;0;1.0;0.16;0.52;0.168;1.0;0.06;0.26;0.18899999999999997;1.0;0.11;0.48;0.14800000000000002
1.0;0;1.0;0.01;0.03;0.04;1.0;0.01;0.04;0.07;1.0;0.0;0.0;0.07
1.0;0;1.0;0.14300000000000002;0.46;0.1295;0.75;0.04;0.17;0.158;0.86;0.1;0.43;0.15
1.0;0;0.29;0.06;0.19;0.0;0.0;0.0;0.0;0.0;0.29;0.0;0.0;0.0508
1.0;0;0.71;0.185;0.6;0.13140000000000002;0.5;0.06;0.26;0.1333;0.57;0.12;0.52;0.19469999999999998
0.0;0;1.0;0.055999999999999994;0.18;0.0377;1.0;0.06;0.26;0.03;0.86;0.07;0.3;0.122
1.0;0;1.0;0.16;0.52;0.1686;1.0;0.06;0.26;0.1267;1.0;0.1;0.43;0.113
0.0;0;0.86;0.054000000000000006;0.17;0.057999999999999996;1.0;0.036000000000000004;0.16;0.12;1.0;0.11;0.48;0.115
0.0;0;0.79;0.08800000000000001;0.28;0.1291;1.0;0.06;0.26;0.1297;1.0;0.009000000000000001;0.04;0.192
0.0;0;0.86;0.15;0.48;0.08;0.75;0.08;0.35;0.13;1.0;0.125;0.54;0.15
1.0;0;1.0;0.15;0.48;0.06;1.0;0.07;0.3;0.09630000000000001;1.0;0.07;0.3;0.155
1.0;0;0.86;0.07;0.23;0.03;0.5;0.09;0.39;0.02;1.0;0.13;0.56;0.05
1.0;0;0.79;0.13;0.42;0.1408;1.0;0.02;0.09;0.13699999999999998;1.0;0.06;0.26;0.135
1.0;0;0.64;0.16;0.52;0.12;0.25;0.027999999999999997;0.12;0.12390000000000001;0.29;0.006999999999999999;0.03;0.2
0.0;0;1.0;0.15;0.48;0.0745;1.0;0.06;0.26;0.083;1.0;0.09;0.39;0.0817
1.0;0;0.86;0.11;0.35;0.1186;0.75;0.054000000000000006;0.23;0.1815;0.0;0.017;0.07;0.1553
1.0;1;0.86;0.07;0.23;0.06;1.0;0.02;0.09;0.08;1.0;0.06;0.26;0.06
1.0;0;1.0;0.15;0.48;0.133;1.0;0.05;0.22;0.0;0.86;0.04;0.17;0.18
0.0;1;1.0;0.08;0.26;0.08;1.0;0.03;0.13;0.11;1.0;0.05;0.22;0.12
0.0;1;0.86;0.02;0.06;0.0371;1.0;0.0;0.0;0.07440000000000001;1.0;0.0;0.0;0.063
1.0;0;0.93;0.06;0.19;0.0385;0.5;0.0443;0.19;0.1487;1.0;0.1675;0.73;0.1517
1.0;0;1.0;0.16;0.52;0.0782;1.0;0.06;0.26;0.0547;1.0;0.1;0.43;0.12
1.0;0;0.93;0.1265;0.41;0.11199999999999999;1.0;0.06849999999999999;0.3;0.08;1.0;0.195;0.84;0.171
1.0;0;0.86;0.0;0.0;0.0553;1.0;0.0;0.0;0.047599999999999996;0.14;0.0;0.0;0.0
1.0;1;1.0;0.08;0.26;0.1026;1.0;0.02;0.09;0.11410000000000001;1.0;0.0;0.0;0.17
1.0;0;0.79;0.10300000000000001;0.33;0.092;1.0;0.05;0.22;0.087;1.0;0.145;0.63;0.134
1.0;0;1.0;0.14300000000000002;0.46;0.115;1.0;0.05;0.22;0.152;1.0;0.1;0.43;0.1867
1.0;0;0.57;0.16;0.52;0.07;0.25;0.06;0.26;0.0433;0.57;0.1;0.43;0.1167
1.0;0;0.71;0.17;0.55;0.1625;0.75;0.04;0.17;0.179;0.71;0.1;0.43;0.107
0.0;0;1.0;0.1285;0.41;0.13;1.0;0.0805;0.35;0.152;1.0;0.144;0.62;0.155
1.0;1;0.79;0.06;0.19;0.0252;1.0;0.0;0.0;0.041299999999999996;1.0;0.0;0.0;0.054000000000000006
1.0;0;1.0;0.13;0.42;0.087;1.0;0.05;0.22;0.06570000000000001;1.0;0.1;0.43;0.071
1.0;0;0.57;0.017;0.05;0.0;0.0;0.0;0.0;0.0;0.0;0.0;0.0;0.0
0.0;0;0.93;0.16;0.52;0.12;1.0;0.06;0.26;0.135;1.0;0.1;0.43;0.105
1.0;0;1.0;0.16;0.52;0.061399999999999996;1.0;0.06;0.26;0.11;1.0;0.09;0.39;0.17170000000000002
0.0;0;0.86;0.115;0.37;0.122;0.75;0.061;0.26;0.1494;0.29;0.06;0.26;0.165
0.0;0;0.86;0.16;0.52;0.11;1.0;0.09;0.39;0.1;0.57;0.07;0.3;0.13
1.0;0;1.0;0.13;0.42;0.131;0.75;0.04;0.17;0.1475;0.57;0.0;0.0;0.16670000000000001
1.0;0;0.93;0.13;0.42;0.16;1.0;0.04;0.17;0.12;0.86;0.07;0.3;0.13
1.0;1;1.0;0.081;0.26;0.067;1.0;0.037000000000000005;0.16;0.12;0.86;0.09699999999999999;0.42;0.124
1.0;1;0.5;0.105;0.34;0.1067;0.25;0.0;0.0;0.0;0.0;0.0;0.0;0.0
1.0;1;0.93;0.11;0.35;0.068;1.0;0.06;0.26;0.045700000000000005;1.0;0.04;0.17;0.03
1.0;0;1.0;0.11;0.35;0.075;1.0;0.06;0.26;0.0707;1.0;0.06;0.26;0.05
1.0;0;1.0;0.18;0.58;0.09570000000000001;1.0;0.05;0.22;0.1925;1.0;0.13;0.56;0.1177
1.0;0;1.0;0.15;0.48;0.1461;1.0;0.04;0.17;0.14800000000000002;1.0;0.1;0.43;0.17800000000000002
1.0;1;0.64;0.07200000000000001;0.23;0.037000000000000005;0.25;0.02;0.09;0.0933;0.43;0.0;0.0;0.0
0.0;0;0.93;0.06499999999999999;0.21;0.065;1.0;0.092;0.4;0.069;0.86;0.15;0.65;0.098
1.0;0;0.79;0.04;0.13;0.15;0.5;0.02;0.09;0.2;0.57;0.02;0.09;0.2
1.0;0;0.79;0.16;0.52;0.07;0.75;0.06;0.26;0.07;0.57;0.1;0.43;0.07
0.0;0;1.0;0.15;0.48;0.152;1.0;0.04;0.17;0.085;1.0;0.06;0.26;0.07
0.0;0;0.57;0.12;0.39;0.08;1.0;0.04;0.17;0.09;1.0;0.1;0.43;0.12
1.0;0;0.79;0.138;0.45;0.1137;1.0;0.055;0.24;0.1467;1.0;0.1;0.43;0.129
1.0;0;1.0;0.13;0.42;0.12;1.0;0.03;0.13;0.15;1.0;0.08;0.35;0.06
1.0;0;0.93;0.085;0.27;0.0947;1.0;0.06;0.26;0.1349;0.86;0.08;0.35;0.1293
0.0;0;0.93;0.14;0.45;0.1472;1.0;0.06;0.26;0.10039999999999999;0.86;0.08;0.35;0.10800000000000001
1.0;0;0.79;0.105;0.34;0.11;1.0;0.055;0.24;0.15;1.0;0.065;0.28;0.13
0.0;0;0.86;0.13;0.42;0.1277;1.0;0.04;0.17;0.0925;0.86;0.1;0.43;0.121
1.0;1;1.0;0.029000000000000005;0.09;0.031;1.0;0.025;0.11;0.107;1.0;0.057;0.25;0.035
1.0;1;0.71;0.09;0.29;0.0225;0.0;0.01;0.04;0.0557;0.86;0.03;0.13;0.0695
0.0;0;0.64;0.09;0.29;0.15130000000000002;1.0;0.0;0.0;0.1301;0.86;0.02;0.09;0.2
1.0;0;1.0;0.13;0.42;0.14;1.0;0.08;0.35;0.13;1.0;0.125;0.54;0.1
1.0;1;0.07;0.01;0.03;0.02;0.25;0.0;0.0;0.06;0.43;0.0;0.0;0.0
0.0;0;0.86;0.16;0.52;0.04;0.75;0.12;0.52;0.03;0.86;0.14;0.61;0.01
0.0;0;1.0;0.14;0.45;0.0565;1.0;0.05;0.22;0.1;1.0;0.08;0.35;0.175
0.0;1;0.86;0.05;0.16;0.11;1.0;0.01;0.04;0.06;0.43;0.01;0.04;0.0
1.0;0;0.79;0.135;0.44;0.15;1.0;0.05;0.22;0.14;0.71;0.08;0.35;0.12
1.0;1;0.93;0.11;0.35;0.040999999999999995;1.0;0.01;0.04;0.0533;0.86;0.02;0.09;0.0017000000000000001
1.0;0;0.86;0.15;0.48;0.084;1.0;0.06;0.26;0.04;0.86;0.1;0.43;0.114
1.0;0;0.5;0.09;0.29;0.0;0.25;0.01;0.04;0.0;0.14;0.02;0.09;0.0
1.0;1;0.93;0.04;0.13;0.025;0.0;0.0;0.0;0.0;0.29;0.0;0.0;0.0
1.0;0;1.0;0.045;0.15;0.11699999999999999;1.0;0.03;0.13;0.11;1.0;0.08;0.35;0.07
0.0;0;1.0;0.245;0.79;0.10529999999999999;1.0;0.057999999999999996;0.25;0.1057;1.0;0.087;0.38;0.085
0.0;0;1.0;0.16;0.52;0.09;1.0;0.06;0.26;0.149;1.0;0.1;0.43;0.127
1.0;0;1.0;0.16;0.52;0.09050000000000001;1.0;0.06;0.26;0.1223;1.0;0.1;0.43;0.1533
1.0;0;0.79;0.11;0.35;0.15;0.25;0.03;0.13;0.16;0.86;0.1;0.43;0.1
0.0;0;0.0;0.0;0.0;0.0;0.0;0.0;0.0;0.0;0.0;0.0;0.0;0.0
1.0;1;1.0;0.13;0.42;0.046;1.0;0.02;0.09;0.0024;1.0;0.06;0.26;0.04
0.0;0;0.86;0.15;0.48;0.1065;1.0;0.06;0.26;0.1408;1.0;0.1;0.43;0.1233
1.0;0;1.0;0.158;0.51;0.14;0.5;0.05;0.22;0.1521;0.43;0.052000000000000005;0.23;0.17600000000000002
1.0;1;0.79;0.04;0.13;0.0338;0.0;0.0;0.0;0.0;0.43;0.0;0.0;0.0
1.0;0;0.43;0.15;0.48;0.13;0.5;0.05;0.22;0.09;0.43;0.07;0.3;0.09
0.0;0;0.93;0.18;0.58;0.12;1.0;0.06;0.26;0.15;1.0;0.135;0.58;0.15
0.0;0;0.64;0.08;0.26;0.1;1.0;0.06;0.26;0.139;1.0;0.09699999999999999;0.42;0.13
1.0;1;0.64;0.111;0.36;0.035;0.25;0.0;0.0;0.0;0.0;0.0;0.0;0.0
0.0;0;0.57;0.091;0.29;0.02;1.0;0.05;0.22;0.09;0.57;0.08;0.35;0.0
0.0;0;1.0;0.13;0.42;0.15;1.0;0.06;0.26;0.18;1.0;0.1;0.43;0.14
1.0;0;0.57;0.08;0.26;0.177;0.25;0.02;0.09;0.0;0.0;0.05;0.22;0.0
0.0;0;0.93;0.14;0.45;0.1565;0.75;0.04;0.17;0.12240000000000001;0.71;0.1;0.43;0.092
1.0;0;0.93;0.13;0.42;0.2;0.5;0.01;0.04;0.19;1.0;0.09;0.39;0.16
1.0;0;1.0;0.14;0.45;0.12869999999999998;1.0;0.04;0.17;0.15;1.0;0.1;0.43;0.19
0.0;0;0.79;0.14;0.45;0.1005;1.0;0.06;0.26;0.17079999999999998;0.71;0.062;0.27;0.163
1.0;0;0.5;0.115;0.37;0.09;0.5;0.04;0.17;0.13;0.71;0.04;0.17;0.12
0.0;0;1.0;0.1;0.32;0.13;1.0;0.06;0.26;0.17;0.86;0.1;0.43;0.19
1.0;0;0.29;0.0;0.0;0.0716;1.0;0.0;0.0;0.09630000000000001;0.57;0.0;0.0;0.0
0.0;0;0.07;0.0;0.0;0.0;0.0;0.0;0.0;0.0;0.0;0.0;0.0;0.0
1.0;0;1.0;0.15;0.48;0.1433;1.0;0.19;0.83;0.16899999999999998;1.0;0.08;0.35;0.155
0.0;1;0.93;0.18;0.58;0.05;0.75;0.05;0.22;0.06;1.0;0.105;0.45;0.04
1.0;0;1.0;0.163;0.53;0.146;0.5;0.04;0.17;0.1158;0.57;0.15;0.65;0.1917
1.0;0;1.0;0.11;0.35;0.13;1.0;0.06;0.26;0.19;1.0;0.09;0.39;0.2
0.0;0;0.86;0.15;0.48;0.17;1.0;0.06;0.26;0.1636;0.71;0.1;0.43;0.1985
1.0;0;0.79;0.17;0.55;0.0375;0.0;0.05;0.22;0.18899999999999997;0.29;0.08;0.35;0.1617
1.0;0;0.93;0.13;0.42;0.1462;0.25;0.0;0.0;0.1301;0.71;0.02;0.09;0.195
0.0;0;0.43;0.11;0.35;0.12;0.5;0.02;0.09;0.15;0.86;0.02;0.09;0.2
1.0;0;0.57;0.04;0.13;0.0463;0.5;0.0;0.0;0.0383;0.43;0.0;0.0;0.0
1.0;0;1.0;0.075;0.24;0.155;1.0;0.07;0.3;0.1316;1.0;0.12;0.52;0.19
1.0;0;1.0;0.125;0.4;0.1275;1.0;0.03;0.13;0.128;1.0;0.136;0.59;0.16
0.0;0;1.0;0.09;0.29;0.09;1.0;0.05;0.22;0.13;1.0;0.09;0.39;0.09
1.0;0;0.93;0.11;0.35;0.04;1.0;0.06;0.26;0.06;1.0;0.1;0.43;0.15
0.0;1;0.64;0.16;0.52;0.01;1.0;0.02;0.09;0.02;0.86;0.06;0.26;0.0
1.0;0;0.93;0.06;0.19;0.0833;1.0;0.017;0.07;0.0908;0.86;0.0;0.0;0.0933
0.0;0;0.71;0.15;0.48;0.048;0.0;0.09129999999999999;0.4;0.09;0.86;0.102;0.44;0.06
0.0;0;1.0;0.156;0.5;0.0679;1.0;0.06;0.26;0.0926;1.0;0.08;0.35;0.0783
0.0;0;0.86;0.16;0.52;0.0639;1.0;0.06;0.26;0.06;1.0;0.1;0.43;0.11
1.0;0;0.79;0.11800000000000001;0.38;0.149;0.5;0.04;0.17;0.171;1.0;0.06;0.26;0.19
0.0;1;0.93;0.07;0.23;0.0632;0.75;0.02;0.09;0.07;0.71;0.0;0.0;0.0733
1.0;0;1.0;0.151;0.49;0.111;1.0;0.025;0.11;0.128;1.0;0.018;0.08;0.115
0.0;0;0.71;0.09;0.29;0.12;0.75;0.05;0.22;0.09;1.0;0.075;0.32;0.07
0.0;0;0.86;0.15;0.48;0.1301;1.0;0.04;0.17;0.1133;0.86;0.06;0.26;0.162
0.0;0;0.64;0.056999999999999995;0.18;0.019;0.75;0.03;0.13;0.09300000000000001;0.86;0.077;0.33;0.14300000000000002
0.0;1;0.57;0.032;0.1;0.08;0.75;0.013000000000000001;0.06;0.12;0.43;0.022000000000000002;0.1;0.157
1.0;0;1.0;0.11399999999999999;0.37;0.115;1.0;0.059000000000000004;0.26;0.1424;1.0;0.1;0.43;0.1025
1.0;1;0.93;0.11;0.35;0.044000000000000004;0.75;0.02;0.09;0.08460000000000001;0.86;0.06;0.26;0.08800000000000001
0.0;0;0.86;0.16;0.52;0.0959;1.0;0.06;0.26;0.1166;1.0;0.1;0.43;0.17
1.0;0;0.71;0.1638;0.53;0.0885;1.0;0.06;0.26;0.1176;1.0;0.07200000000000001;0.31;0.09
1.0;0;0.71;0.188;0.61;0.17;0.75;0.04;0.17;0.1;0.57;0.20199999999999999;0.87;0.13699999999999998
1.0;0;0.86;0.16;0.52;0.07;0.75;0.06;0.26;0.08470000000000001;1.0;0.1;0.43;0.0553
1.0;0;0.64;0.06;0.19;0.11800000000000001;0.75;0.05;0.22;0.1173;0.57;0.14;0.61;0.11699999999999999
1.0;0;0.64;0.02;0.06;0.011000000000000001;0.25;0.0;0.0;0.0;0.0;0.0;0.0;0.0
0.0;0;0.5;0.02;0.06;0.04;0.75;0.0;0.0;0.0;0.0;0.0;0.0;0.0
1.0;0;0.93;0.2;0.65;0.10099999999999999;1.0;0.06;0.26;0.11630000000000001;0.86;0.12;0.52;0.127
1.0;1;0.93;0.07;0.23;0.06;1.0;0.01;0.04;0.1;1.0;0.03;0.13;0.11
1.0;1;0.57;0.08449999999999999;0.27;0.071;1.0;0.0635;0.28;0.0;0.43;0.042;0.18;0.0
1.0;1;0.5;0.03;0.1;0.02;0.5;0.02;0.09;0.1;0.71;0.0;0.0;0.05
1.0;0;0.71;0.018000000000000002;0.06;0.0775;1.0;0.0;0.0;0.081;0.86;0.0;0.0;0.111
0.0;1;0.79;0.07;0.23;0.0;0.25;0.0;0.0;0.0;0.57;0.06;0.26;0.0
1.0;0;1.0;0.16;0.52;0.037000000000000005;1.0;0.06;0.26;0.12380000000000001;1.0;0.1;0.43;0.1161
1.0;1;0.5;0.045;0.15;0.04;0.75;0.02;0.09;0.03;0.43;0.0;0.0;0.08
1.0;0;1.0;0.145;0.47;0.155;1.0;0.06;0.26;0.177;1.0;0.09;0.39;0.139
0.0;1;0.86;0.09050000000000001;0.29;0.03;0.5;0.0575;0.25;0.075;1.0;0.09699999999999999;0.42;0.10300000000000001
1.0;0;1.0;0.139;0.45;0.106;1.0;0.040999999999999995;0.18;0.115;1.0;0.13;0.56;0.07
0.0;0;1.0;0.16;0.52;0.12;1.0;0.06;0.26;0.12;1.0;0.1;0.43;0.13
1.0;0;1.0;0.15;0.48;0.06860000000000001;1.0;0.06;0.26;0.0888;1.0;0.1;0.43;0.0368
0.0;0;0.93;0.14300000000000002;0.46;0.146;0.75;0.07;0.3;0.185;1.0;0.08;0.35;0.139
0.0;0;0.93;0.08;0.26;0.047;0.75;0.03;0.13;0.14;1.0;0.08;0.35;0.11800000000000001
1.0;0;0.93;0.15;0.48;0.1516;1.0;0.04;0.17;0.1704;1.0;0.1;0.43;0.15
1.0;1;0.71;0.09;0.29;0.02;0.0;0.0;0.0;0.0334;0.29;0.04;0.17;0.0
1.0;0;0.86;0.165;0.53;0.16949999999999998;1.0;0.04;0.17;0.191;1.0;0.1;0.43;0.198
1.0;0;0.93;0.08;0.26;0.0553;1.0;0.05;0.22;0.038;1.0;0.02;0.09;0.0833
0.0;0;0.64;0.1;0.32;0.10439999999999999;0.75;0.06;0.26;0.18289999999999998;0.71;0.1;0.43;0.175
0.0;0;0.79;0.13;0.42;0.1;0.75;0.08;0.35;0.15;0.71;0.09;0.39;0.16
1.0;1;0.36;0.0;0.0;0.014199999999999999;1.0;0.0;0.0;0.0;0.86;0.0;0.0;0.01
0.0;0;0.71;0.21100000000000002;0.68;0.10490000000000001;0.75;0.04;0.17;0.1;1.0;0.08;0.35;0.17300000000000001
1.0;0;0.86;0.11;0.35;0.02;1.0;0.01;0.04;0.0;0.43;0.01;0.04;0.0
1.0;0;1.0;0.08;0.26;0.10880000000000001;1.0;0.03;0.13;0.1757;0.71;0.1;0.43;0.1349
0.0;1;0.93;0.08;0.26;0.1;0.75;0.03;0.13;0.1;1.0;0.04;0.17;0.1
1.0;0;0.93;0.14;0.45;0.07200000000000001;1.0;0.06;0.26;0.0757;1.0;0.08;0.35;0.0817
1.0;1;0.57;0.038;0.12;0.0767;0.25;0.0;0.0;0.0833;0.43;0.0;0.0;0.025
1.0;0;1.0;0.06;0.19;0.051500000000000004;1.0;0.02;0.09;0.15;0.86;0.01;0.04;0.0433
1.0;1;0.86;0.055999999999999994;0.18;0.046;1.0;0.02;0.09;0.07200000000000001;1.0;0.05500000000000001;0.24;0.05
1.0;1;0.43;0.06699999999999999;0.22;0.053;1.0;0.081;0.35;0.0;0.57;0.12;0.52;0.0
1.0;0;1.0;0.15;0.48;0.053;1.0;0.06;0.26;0.0207;1.0;0.1;0.43;0.04
1.0;1;0.0;0.0;0.0;0.0;0.0;0.0;0.0;0.0;0.0;0.0;0.0;0.0
1.0;0;0.79;0.16;0.52;0.038;0.75;0.06;0.26;0.1454;0.86;0.1;0.43;0.1133
1.0;0;0.79;0.13;0.42;0.0525;1.0;0.06;0.26;0.049100000000000005;1.0;0.1;0.43;0.0933
0.0;1;0.79;0.04;0.13;0.01;1.0;0.08;0.35;0.01;0.86;0.07;0.3;0.02
0.0;0;0.93;0.16;0.52;0.2;1.0;0.08;0.35;0.2;1.0;0.12;0.52;0.2
0.0;0;1.0;0.13549999999999998;0.44;0.11;1.0;0.1155;0.5;0.124;1.0;0.12;0.52;0.128
0.0;0;0.93;0.1405;0.45;0.14400000000000002;1.0;0.0935;0.41;0.075;0.71;0.193;0.84;0.135
0.0;0;0.64;0.1;0.32;0.1;1.0;0.02;0.09;0.12;0.57;0.0;0.0;0.16
0.0;0;0.86;0.138;0.45;0.1675;1.0;0.06;0.26;0.115;1.0;0.08;0.35;0.157
0.0;0;1.0;0.09;0.29;0.07;0.5;0.07;0.3;0.09;0.86;0.115;0.5;0.1
1.0;1;0.86;0.05;0.16;0.0802;0.5;0.04;0.17;0.0877;0.43;0.0;0.0;0.015
1.0;0;0.79;0.16;0.52;0.07;0.5;0.06;0.26;0.0701;1.0;0.1;0.43;0.085
1.0;1;0.79;0.04;0.13;0.0713;1.0;0.01;0.04;0.0;0.43;0.02;0.09;0.0
1.0;0;0.71;0.16;0.52;0.09300000000000001;0.75;0.06;0.26;0.055;1.0;0.1;0.43;0.08800000000000001
