Пол;Не сдал(-а);Посещение до Контрольная работа 1;Баллы до Контрольная работа 1;Количество баллов до Контрольная работа 1;Процент баллов до Контрольная работа 1;Контрольная работа 1;Посещение до Контрольная работа 2;Баллы до Контрольная работа 2;Количество баллов до Контрольная работа 2;Процент баллов до Контрольная работа 2;Контрольная работа 2;Посещение до Контрольная работа 3;Баллы до Контрольная работа 3;Количество баллов до Контрольная работа 3;Процент баллов до Контрольная работа 3;Контрольная работа 3
1.0;1;0.3;0.04800000000000001;3.0;0.3;0.01;0.2;0.025;2.0;0.12;0.0;0.25;0.09300000000000001;5.0;0.26;0.0
0.0;0;0.7;0.16;8.0;1.0;0.091;0.8;0.09;4.0;0.43;0.1304;0.75;0.1;4.0;0.28;0.11
1.0;1;1.0;0.0;0.0;0.0;0.03;0.8;0.0;0.0;0.0;0.0;0.12;0.0;0.0;0.0;0.0
1.0;1;0.9;0.02;2.0;0.12;0.019;1.0;0.085;3.0;0.4;0.017;1.0;0.02;2.0;0.06;0.057
1.0;1;0.5;0.02;1.0;0.12;0.038;0.2;0.0;0.0;0.0;0.0;0.12;0.0;0.0;0.0;0.0
1.0;1;1.0;0.02;2.0;0.12;0.02;0.4;0.0;0.0;0.0;0.023;0.88;0.0;0.0;0.0;0.03
1.0;0;0.7;0.106;7.0;0.66;0.0;0.4;0.115;4.0;0.55;0.076;0.88;0.09;5.0;0.25;0.046
1.0;0;0.8;0.11999999999999998;8.0;0.75;0.19;0.8;0.045;3.0;0.21;0.15;0.75;0.07300000000000001;4.0;0.21;0.165
1.0;0;1.0;0.16;8.0;1.0;0.094;0.8;0.05;3.0;0.24;0.133;0.88;0.08;4.0;0.23;0.087
1.0;1;0.9;0.149;8.0;0.93;0.042199999999999994;0.6;0.035;2.0;0.17;0.08990000000000001;0.38;0.075;5.0;0.21;0.0
1.0;0;1.0;0.14800000000000002;8.0;0.92;0.115;1.0;0.064;4.0;0.3;0.155;1.0;0.11;6.0;0.31;0.115
1.0;0;1.0;0.11800000000000001;6.0;0.74;0.125;0.8;0.06;3.0;0.29;0.16;1.0;0.037000000000000005;2.0;0.1;0.09
1.0;0;1.0;0.13;7.0;0.81;0.14;1.0;0.065;4.0;0.31;0.122;1.0;0.1;5.0;0.28;0.122
1.0;1;0.6;0.06;4.0;0.38;0.0968;0.8;0.019;3.0;0.09;0.0833;0.75;0.01;1.0;0.03;0.06
1.0;0;0.7;0.06;5.0;0.38;0.07;0.0;0.085;4.0;0.4;0.13;0.62;0.09699999999999999;5.0;0.27;0.115
1.0;0;1.0;0.124;8.0;0.78;0.13;1.0;0.057;3.0;0.27;0.16;0.62;0.098;5.0;0.28;0.16
1.0;0;0.4;0.145;8.0;0.91;0.085;0.2;0.06199999999999999;4.0;0.3;0.14;0.38;0.1;6.0;0.28;0.17
1.0;0;1.0;0.07;5.0;0.44;0.03;1.0;0.09;4.0;0.43;0.095;1.0;0.06;4.0;0.17;0.083
0.0;1;1.0;0.085;6.0;0.53;0.064;0.4;0.05;1.0;0.24;0.043;0.5;0.01;1.0;0.03;0.023
1.0;1;1.0;0.0;0.0;0.0;0.015;0.8;0.0;0.0;0.0;0.0;0.38;0.0;0.0;0.0;0.0
1.0;0;1.0;0.095;6.0;0.59;0.115;0.4;0.016;1.0;0.08;0.155;1.0;0.016;1.0;0.05;0.145
1.0;0;1.0;0.16;8.0;1.0;0.16;1.0;0.0;0.0;0.0;0.16399999999999998;1.0;0.17;3.0;0.48;0.19
1.0;1;0.8;0.02;1.0;0.12;0.038;0.8;0.0;0.0;0.0;0.10099999999999999;0.62;0.02;1.0;0.06;0.0
1.0;1;1.0;0.0;0.0;0.0;0.0;0.4;0.05;1.0;0.24;0.023;0.88;0.02;2.0;0.06;0.0
1.0;1;0.7;0.05;5.0;0.31;0.0217;0.8;0.0;0.0;0.0;0.045;0.62;0.0;0.0;0.0;0.0416
1.0;0;0.9;0.045;3.0;0.28;0.1;0.8;0.09;3.0;0.43;0.12;0.75;0.05;4.0;0.14;0.11
1.0;1;0.1;0.0;0.0;0.0;0.0;0.0;0.0;0.0;0.0;0.0;0.0;0.0;0.0;0.0;0.0
1.0;1;0.7;0.0;0.0;0.0;0.02;0.8;0.0;0.0;0.0;0.02;0.5;0.0;0.0;0.0;0.0
1.0;0;0.9;0.124;8.0;0.78;0.083;0.6;0.057999999999999996;3.0;0.28;0.04;0.75;0.09300000000000001;5.0;0.26;0.04
0.0;0;0.6;0.15;8.0;0.94;0.09699999999999999;0.8;0.06;3.0;0.29;0.15539999999999998;0.62;0.1;5.0;0.28;0.07
1.0;0;1.0;0.15;8.0;0.94;0.15;1.0;0.06;3.0;0.29;0.17;1.0;0.04;2.0;0.11;0.16670000000000001
1.0;1;0.7;0.13199999999999998;8.0;0.82;0.06;0.8;0.052000000000000005;3.0;0.25;0.0433;0.88;0.07400000000000001;4.0;0.21;0.0
1.0;0;1.0;0.078;6.0;0.49;0.11199999999999999;1.0;0.08;4.0;0.38;0.138;0.75;0.08;4.0;0.23;0.163
1.0;0;1.0;0.11900000000000001;7.0;0.74;0.14400000000000002;1.0;0.12;4.0;0.57;0.16699999999999998;0.75;0.09;4.0;0.25;0.153
1.0;1;0.9;0.098;6.0;0.61;0.025;0.8;0.046;3.0;0.22;0.041100000000000005;0.75;0.043;3.0;0.12;0.0966
1.0;1;0.5;0.0;0.0;0.0;0.0;0.6;0.0;0.0;0.0;0.0;0.38;0.0;0.0;0.0;0.0
0.0;0;0.8;0.15;8.0;0.94;0.16;0.8;0.06;3.0;0.29;0.15;0.75;0.06;3.0;0.17;0.1183
1.0;0;1.0;0.15500000000000003;8.0;0.97;0.18;1.0;0.071;4.0;0.34;0.16;0.75;0.098;5.0;0.28;0.14
1.0;0;1.0;0.10400000000000001;7.0;0.65;0.087;0.6;0.075;4.0;0.36;0.177;0.62;0.125;6.0;0.35;0.17300000000000001
1.0;0;0.8;0.16;8.0;1.0;0.0683;0.6;0.065;4.0;0.31;0.07780000000000001;0.62;0.1;5.0;0.28;0.0382
0.0;0;1.0;0.15;8.0;0.94;0.11;1.0;0.09;4.0;0.43;0.18;0.5;0.08;4.0;0.23;0.15689999999999998
1.0;0;1.0;0.14;8.0;0.88;0.16;1.0;0.09;4.0;0.43;0.17;0.62;0.07;3.0;0.2;0.16670000000000001
0.0;1;0.0;0.0;0.0;0.0;0.0;0.0;0.0;0.0;0.0;0.0;0.0;0.0;0.0;0.0;0.0
1.0;1;0.7;0.02;2.0;0.12;0.08;0.2;0.0;0.0;0.0;0.0;0.0;0.0;0.0;0.0;0.0
1.0;1;0.4;0.07;4.0;0.44;0.09;0.0;0.06;3.0;0.29;0.0;0.12;0.04;2.0;0.11;0.0
1.0;1;0.6;0.06;3.0;0.38;0.03;0.4;0.0;0.0;0.0;0.04;0.62;0.04;2.0;0.11;0.0017000000000000001
1.0;1;1.0;0.1;7.0;0.62;0.0983;1.0;0.07;4.0;0.33;0.16;0.88;0.05;2.0;0.14;0.08990000000000001
1.0;1;0.4;0.02;2.0;0.12;0.02;0.6;0.0;0.0;0.0;0.05;0.38;0.0;0.0;0.0;0.0
1.0;1;0.5;0.02;2.0;0.12;0.0;0.8;0.0;0.0;0.0;0.12119999999999999;0.75;0.0;0.0;0.0;0.1353
1.0;1;1.0;0.04;4.0;0.25;0.04;1.0;0.0;0.0;0.0;0.1;0.88;0.0;0.0;0.0;0.0
0.0;0;0.3;0.11699999999999999;8.0;0.73;0.09300000000000001;0.2;0.05;1.0;0.24;0.05;0.5;0.03;3.0;0.08;0.077
1.0;0;0.8;0.09;5.0;0.56;0.1383;0.6;0.06;3.0;0.29;0.18;0.88;0.04;2.0;0.11;0.12
1.0;0;0.9;0.14;8.0;0.88;0.16;0.8;0.06;3.0;0.29;0.15;0.62;0.06;3.0;0.17;0.1233
1.0;0;0.8;0.16;8.0;1.0;0.1433;0.6;0.06;3.0;0.29;0.10779999999999999;0.75;0.1;5.0;0.28;0.046
1.0;0;0.7;0.155;8.0;0.97;0.0567;0.8;0.065;4.0;0.31;0.0449;0.5;0.11;6.0;0.31;0.0983
1.0;0;0.9;0.15;8.0;0.94;0.13;0.6;0.09;4.0;0.43;0.16;0.75;0.06;3.0;0.17;0.1783
1.0;0;0.9;0.16;8.0;1.0;0.1099;0.8;0.065;4.0;0.31;0.1371;0.88;0.1;5.0;0.28;0.16329999999999997
1.0;1;0.9;0.06;5.0;0.38;0.08;0.8;0.0;0.0;0.0;0.14;0.62;0.0;0.0;0.0;0.0834
1.0;1;0.7;0.01;1.0;0.06;0.026000000000000002;0.2;0.0;0.0;0.0;0.0;0.25;0.0;0.0;0.0;0.0
1.0;0;1.0;0.13;8.0;0.81;0.08;0.8;0.21;4.0;1.0;0.157;0.88;0.115;6.0;0.33;0.18
0.0;0;1.0;0.111;8.0;0.69;0.145;0.4;0.12;4.0;0.57;0.166;0.88;0.115;6.0;0.33;0.15
1.0;1;0.7;0.0;0.0;0.0;0.0;0.6;0.0;0.0;0.0;0.0;0.62;0.0;0.0;0.0;0.04
1.0;0;0.8;0.11;6.0;0.69;0.14;0.8;0.08;4.0;0.38;0.15;0.75;0.05;3.0;0.14;0.149
1.0;1;0.7;0.1;7.0;0.62;0.1;0.8;0.06;3.0;0.29;0.11;0.62;0.04;2.0;0.11;0.0932
1.0;1;0.7;0.005;1.0;0.03;0.061200000000000004;0.6;0.0;0.0;0.0;0.0;0.75;0.0;0.0;0.0;0.05
1.0;1;0.8;0.09;6.0;0.56;0.19;0.2;0.02;1.0;0.1;0.0;0.25;0.04;2.0;0.11;0.1434
0.0;0;1.0;0.155;8.0;0.97;0.0983;1.0;0.06;3.0;0.29;0.16010000000000002;1.0;0.06;3.0;0.17;0.1467
0.0;1;0.9;0.13;8.0;0.81;0.02;0.8;0.06;3.0;0.29;0.026699999999999998;0.75;0.091;5.0;0.26;0.08
1.0;1;0.9;0.04;4.0;0.25;0.08;0.8;0.04;2.0;0.19;0.06;0.62;0.0;0.0;0.0;0.1183
0.0;0;0.9;0.128;8.0;0.8;0.10099999999999999;0.8;0.1;4.0;0.48;0.1;0.5;0.09;6.0;0.25;0.152
1.0;0;1.0;0.09;7.0;0.56;0.1418;0.6;0.06;3.0;0.29;0.13;1.0;0.06;4.0;0.17;0.19
1.0;1;1.0;0.14;8.0;0.88;0.1;0.8;0.06;3.0;0.29;0.1;0.75;0.06;3.0;0.17;0.0966
1.0;0;0.8;0.121;8.0;0.76;0.1003;0.4;0.023;2.0;0.11;0.0933;0.88;0.078;5.0;0.22;0.06
1.0;0;1.0;0.15;8.0;0.94;0.14;1.0;0.06;3.0;0.29;0.14;1.0;0.09;5.0;0.25;0.09
1.0;0;1.0;0.12500000000000003;8.0;0.78;0.0849;0.4;0.027000000000000003;2.0;0.13;0.1467;1.0;0.0824;5.0;0.23;0.1366
1.0;1;0.3;0.02;1.0;0.12;0.0353;0.4;0.0;0.0;0.0;0.0;0.38;0.0;0.0;0.0;0.0
1.0;0;1.0;0.14;8.0;0.88;0.19;1.0;0.13;4.0;0.62;0.0;0.62;0.1;5.0;0.28;0.1334
0.0;0;1.0;0.11;6.0;0.69;0.133;1.0;0.08;2.0;0.38;0.14300000000000002;0.88;0.04;3.0;0.11;0.063
0.0;1;0.8;0.09;5.0;0.56;0.09;0.4;0.05;3.0;0.24;0.0;0.38;0.057;3.0;0.16;0.0
1.0;0;0.8;0.06;5.0;0.38;0.15;0.8;0.06;3.0;0.29;0.0;0.5;0.08;4.0;0.23;0.19
0.0;1;0.3;0.14;8.0;0.88;0.0;0.2;0.04;1.0;0.19;0.07;0.62;0.075;4.0;0.21;0.04
1.0;0;0.8;0.13;8.0;0.81;0.15;0.6;0.08;4.0;0.38;0.17;1.0;0.07;4.0;0.2;0.1666
0.0;1;0.0;0.1175;7.0;0.73;0.0;0.6;0.03;2.0;0.14;0.03;0.62;0.049;3.0;0.14;0.0
0.0;0;0.6;0.16;8.0;1.0;0.0;0.8;0.065;4.0;0.31;0.0467;0.88;0.1;5.0;0.28;0.0967
1.0;1;0.9;0.1301;8.0;0.81;0.0766;0.8;0.055;3.0;0.26;0.0484;0.5;0.065;5.0;0.18;0.03
1.0;0;1.0;0.16;8.0;1.0;0.1466;1.0;0.08;4.0;0.38;0.18239999999999998;1.0;0.1;5.0;0.28;0.1583
1.0;0;1.0;0.13;8.0;0.81;0.17;1.0;0.04;2.0;0.19;0.17;1.0;0.1;5.0;0.28;0.1416
1.0;0;1.0;0.1;6.0;0.62;0.13;0.8;0.06;3.0;0.29;0.15;0.88;0.095;5.0;0.27;0.125
0.0;1;0.4;0.0;0.0;0.0;0.04;0.4;0.0;0.0;0.0;0.08;0.62;0.057;3.0;0.16;0.0
0.0;0;1.0;0.11;6.0;0.69;0.15;0.6;0.08;4.0;0.38;0.16;0.62;0.1;5.0;0.28;0.1833
1.0;0;0.8;0.11900000000000001;7.0;0.74;0.111;0.8;0.07;4.0;0.33;0.012;0.62;0.08;5.0;0.23;0.15
0.0;0;0.8;0.10800000000000001;6.0;0.68;0.138;1.0;0.065;4.0;0.31;0.11;0.75;0.03;3.0;0.08;0.142
1.0;0;0.9;0.10800000000000001;8.0;0.68;0.113;0.2;0.085;4.0;0.4;0.147;0.5;0.03;3.0;0.08;0.17
0.0;1;1.0;0.14;8.0;0.88;0.15;0.6;0.05;3.0;0.24;0.12;0.5;0.04;2.0;0.11;0.0633
0.0;0;0.8;0.15;8.0;0.94;0.12;0.6;0.05;3.0;0.24;0.12;1.0;0.08;4.0;0.23;0.0716
0.0;0;1.0;0.15;8.0;0.94;0.14;1.0;0.07;4.0;0.33;0.15;1.0;0.08;4.0;0.23;0.17329999999999998
1.0;1;0.4;0.12;6.0;0.75;0.13;0.6;0.03;1.0;0.14;0.12;0.5;0.09;5.0;0.25;0.0862
1.0;1;1.0;0.08199999999999999;6.0;0.51;0.026000000000000002;0.2;0.035;2.0;0.17;0.033;0.38;0.01;1.0;0.03;0.057
1.0;0;1.0;0.08900000000000001;7.0;0.56;0.06570000000000001;0.8;0.059000000000000004;3.0;0.28;0.13;0.88;0.094;5.0;0.27;0.1399
1.0;0;0.9;0.16;8.0;1.0;0.1678;0.4;0.07;4.0;0.33;0.1592;0.88;0.1;5.0;0.28;0.04
0.0;0;1.0;0.083;6.0;0.52;0.11699999999999999;0.2;0.08;2.0;0.38;0.13;0.75;0.04;3.0;0.11;0.11699999999999999
1.0;0;1.0;0.13699999999999998;8.0;0.86;0.145;1.0;0.095;4.0;0.45;0.18;1.0;0.135;6.0;0.38;0.157
1.0;0;0.9;0.16;8.0;1.0;0.134;0.8;0.03;2.0;0.14;0.134;0.75;0.0;0.0;0.0;0.08
1.0;0;1.0;0.077;5.0;0.48;0.061;0.8;0.08;4.0;0.38;0.10099999999999999;0.62;0.04;3.0;0.11;0.107
0.0;0;0.8;0.16;8.0;1.0;0.159;0.8;0.04;2.0;0.19;0.187;0.75;0.12;3.0;0.34;0.0817
0.0;0;0.9;0.14;8.0;0.88;0.0699;0.8;0.04;3.0;0.19;0.08039999999999999;0.75;0.07;4.0;0.2;0.0733
1.0;1;1.0;0.015;1.0;0.09;0.027999999999999997;1.0;0.015;2.0;0.07;0.023;1.0;0.02;2.0;0.06;0.01
1.0;0;1.0;0.12300000000000001;8.0;0.77;0.131;1.0;0.14;4.0;0.67;0.12;1.0;0.135;6.0;0.38;0.12300000000000001
1.0;0;0.9;0.1;7.0;0.62;0.12;0.8;0.08;4.0;0.38;0.16;0.5;0.06;3.0;0.17;0.0733
1.0;1;0.8;0.076;6.0;0.48;0.08199999999999999;0.6;0.0;0.0;0.0;0.09699999999999999;0.5;0.0;0.0;0.0;0.0
0.0;1;0.8;0.0;0.0;0.0;0.034;0.4;0.03;2.0;0.14;0.05;0.75;0.035;2.0;0.1;0.0
1.0;1;0.9;0.098;7.0;0.61;0.0732;0.8;0.045;3.0;0.21;0.0478;0.75;0.039;2.0;0.11;0.0533
1.0;0;1.0;0.105;8.0;0.66;0.09;0.4;0.055;3.0;0.26;0.05;0.62;0.045;2.0;0.13;0.1
0.0;0;1.0;0.15;8.0;0.94;0.17;1.0;0.09;4.0;0.43;0.18;1.0;0.11;5.0;0.31;0.1666
0.0;0;1.0;0.11;7.0;0.69;0.1606;0.8;0.06;3.0;0.29;0.16;1.0;0.1;5.0;0.28;0.0849
1.0;1;1.0;0.068;6.0;0.42;0.09699999999999999;0.2;0.055;4.0;0.26;0.076;0.25;0.055;3.0;0.16;0.047
0.0;0;0.9;0.136;8.0;0.85;0.03;0.8;0.04;3.0;0.19;0.08410000000000001;0.75;0.0725;5.0;0.21;0.0833
0.0;0;0.9;0.11;7.0;0.69;0.11;0.4;0.06;3.0;0.29;0.14;0.5;0.05;3.0;0.14;0.14
1.0;0;1.0;0.14;8.0;0.88;0.17;1.0;0.07;4.0;0.33;0.12;0.88;0.08;4.0;0.23;0.1533
1.0;1;0.2;0.0;0.0;0.0;0.0;0.0;0.0;0.0;0.0;0.0;0.0;0.0;0.0;0.0;0.0
1.0;1;0.8;0.04;2.0;0.25;0.0;0.4;0.0;0.0;0.0;0.0;0.12;0.0;0.0;0.0;0.01
0.0;0;1.0;0.1515;8.0;0.95;0.07490000000000001;1.0;0.055;3.0;0.26;0.1074;1.0;0.1;5.0;0.28;0.09
1.0;1;0.7;0.13;7.0;0.81;0.1137;0.4;0.045;3.0;0.21;0.0733;0.62;0.06;3.0;0.17;0.035
1.0;0;1.0;0.08;5.0;0.5;0.131;0.8;0.09;3.0;0.43;0.11199999999999999;0.75;0.077;2.0;0.22;0.11
0.0;1;0.5;0.0;0.0;0.0;0.006999999999999999;0.8;0.0;0.0;0.0;0.028300000000000002;0.62;0.0;0.0;0.0;0.025
1.0;0;0.8;0.06;4.0;0.38;0.16;0.8;0.06;3.0;0.29;0.14;0.88;0.06;3.0;0.17;0.0935
0.0;0;0.9;0.13;8.0;0.81;0.14;0.6;0.06;3.0;0.29;0.2;0.62;0.04;2.0;0.11;0.0933
1.0;0;1.0;0.139;8.0;0.87;0.021;1.0;0.16;4.0;0.76;0.04;0.75;0.15;6.0;0.42;0.05
1.0;0;1.0;0.133;8.0;0.83;0.129;1.0;0.15;4.0;0.71;0.161;0.75;0.12;6.0;0.34;0.188
0.0;0;1.0;0.145;8.0;0.91;0.158;0.8;0.135;4.0;0.64;0.159;0.62;0.14;6.0;0.4;0.17300000000000001
1.0;0;0.7;0.11800000000000001;7.0;0.74;0.11;0.4;0.095;4.0;0.45;0.135;1.0;0.08;6.0;0.23;0.174
1.0;1;0.6;0.12;6.0;0.75;0.124;0.6;0.0;0.0;0.0;0.0;0.12;0.0;0.0;0.0;0.0
1.0;1;0.8;0.13;7.0;0.81;0.08;0.2;0.06;3.0;0.29;0.0;0.12;0.01;1.0;0.03;0.09
0.0;0;1.0;0.13;8.0;0.81;0.18;1.0;0.09;4.0;0.43;0.18;1.0;0.09;4.0;0.25;0.1616
1.0;0;0.3;0.10800000000000001;7.0;0.68;0.0;0.4;0.09;4.0;0.43;0.07200000000000001;0.75;0.04;3.0;0.11;0.185
0.0;0;0.9;0.105;7.0;0.66;0.1161;0.8;0.013000000000000001;2.0;0.06;0.0916;0.75;0.08;5.0;0.23;0.08
1.0;1;0.6;0.05;3.0;0.31;0.085;0.4;0.02;2.0;0.1;0.0;0.38;0.06;4.0;0.17;0.0
0.0;0;0.9;0.12;7.0;0.75;0.16940000000000002;0.8;0.07;4.0;0.33;0.14;0.88;0.09;4.0;0.25;0.1566
0.0;0;0.8;0.115;6.0;0.72;0.025;1.0;0.06;3.0;0.29;0.09449999999999999;1.0;0.14;6.0;0.4;0.0725
0.0;0;1.0;0.16;8.0;1.0;0.165;0.8;0.06;3.0;0.29;0.175;0.88;0.1;5.0;0.28;0.14
0.0;1;0.8;0.139;8.0;0.87;0.135;0.4;0.1;4.0;0.48;0.047;0.62;0.06;4.0;0.17;0.0
0.0;0;1.0;0.057999999999999996;4.0;0.36;0.136;0.6;0.125;4.0;0.6;0.08800000000000001;0.88;0.065;5.0;0.18;0.105
1.0;1;1.0;0.142;8.0;0.89;0.095;0.2;0.045;3.0;0.21;0.0;0.12;0.025;3.0;0.07;0.078
1.0;1;1.0;0.08900000000000001;5.0;0.56;0.07400000000000001;0.8;0.035;3.0;0.17;0.11;0.88;0.03;2.0;0.08;0.073
0.0;1;0.8;0.04;3.0;0.25;0.0;0.4;0.04;3.0;0.19;0.039;0.62;0.055;4.0;0.16;0.0
1.0;0;1.0;0.15;8.0;0.94;0.182;1.0;0.06;3.0;0.29;0.198;0.5;0.1;5.0;0.28;0.2
1.0;0;0.9;0.135;8.0;0.84;0.147;1.0;0.07;2.0;0.33;0.11599999999999999;0.75;0.075;5.0;0.21;0.106
1.0;0;1.0;0.14;8.0;0.88;0.14300000000000002;1.0;0.115;4.0;0.55;0.127;1.0;0.09;5.0;0.25;0.12
0.0;0;0.9;0.14600000000000002;8.0;0.91;0.049;0.8;0.026000000000000002;3.0;0.12;0.193;0.5;0.063;4.0;0.18;0.13
0.0;1;0.5;0.035;4.0;0.22;0.0;0.4;0.045;2.0;0.21;0.07;0.5;0.0;0.0;0.0;0.0
1.0;1;0.0;0.0;0.0;0.0;0.0;0.0;0.0;0.0;0.0;0.0;0.0;0.0;0.0;0.0;0.0
0.0;0;0.9;0.1;6.0;0.62;0.07;0.8;0.12;4.0;0.57;0.08900000000000001;0.75;0.04;2.0;0.11;0.10300000000000001
0.0;0;0.7;0.10800000000000001;7.0;0.68;0.114;1.0;0.0;0.0;0.0;0.13699999999999998;0.88;0.02;2.0;0.06;0.127
0.0;1;0.6;0.04;2.0;0.25;0.0;0.2;0.0;0.0;0.0;0.0;0.12;0.0;0.0;0.0;0.0
1.0;0;0.5;0.08;4.0;0.5;0.168;0.2;0.055;4.0;0.26;0.153;0.25;0.04;3.0;0.11;0.09300000000000001
1.0;0;0.8;0.16;8.0;1.0;0.1349;1.0;0.06;3.0;0.29;0.13019999999999998;1.0;0.11;6.0;0.31;0.0832
1.0;0;0.7;0.128;8.0;0.8;0.05;0.4;0.037000000000000005;3.0;0.18;0.13;0.62;0.099;5.0;0.28;0.155
0.0;1;0.8;0.078;5.0;0.49;0.0;0.4;0.02;1.0;0.1;0.057;0.38;0.01;1.0;0.03;0.0
0.0;0;1.0;0.135;8.0;0.84;0.084;1.0;0.052000000000000005;3.0;0.25;0.124;0.75;0.044000000000000004;3.0;0.12;0.102
0.0;1;0.0;0.0;0.0;0.0;0.0;0.0;0.0;0.0;0.0;0.0;0.0;0.0;0.0;0.0;0.0
0.0;1;0.9;0.027000000000000003;2.0;0.17;0.033;0.8;0.01;1.0;0.05;0.08;0.88;0.0;0.0;0.0;0.087
1.0;1;0.9;0.04;4.0;0.25;0.1;0.6;0.02;1.0;0.1;0.12;0.75;0.02;1.0;0.06;0.056600000000000004
0.0;1;0.0;0.0;0.0;0.0;0.0;0.0;0.0;0.0;0.0;0.0;0.0;0.0;0.0;0.0;0.0
1.0;1;0.9;0.09449999999999999;5.0;0.59;0.0;0.6;0.05;3.0;0.24;0.107;0.62;0.035;2.0;0.1;0.0
0.0;1;0.9;0.07400000000000001;6.0;0.46;0.0932;0.8;0.0;0.0;0.0;0.135;0.75;0.051;1.0;0.14;0.13
0.0;1;0.8;0.0;0.0;0.0;0.0017000000000000001;0.4;0.0;0.0;0.0;0.085;1.0;0.0;0.0;0.0;0.02
0.0;0;1.0;0.16;8.0;1.0;0.06509999999999999;0.8;0.06;3.0;0.29;0.1045;0.75;0.1;5.0;0.28;0.1533
1.0;0;0.7;0.14;8.0;0.88;0.16;0.4;0.06;3.0;0.29;0.16;0.88;0.04;2.0;0.11;0.15
1.0;0;1.0;0.1225;7.0;0.77;0.17800000000000002;0.8;0.048;3.0;0.23;0.16699999999999998;0.25;0.07;4.0;0.2;0.083
1.0;0;0.8;0.084;5.0;0.52;0.079;0.8;0.055;3.0;0.26;0.162;0.25;0.02;1.0;0.06;0.06
1.0;0;0.8;0.1;6.0;0.62;0.07;0.2;0.059000000000000004;3.0;0.28;0.1653;0.12;0.092;5.0;0.26;0.09300000000000001
1.0;0;0.8;0.1252;8.0;0.78;0.0782;0.4;0.0614;4.0;0.29;0.1199;0.38;0.0438;4.0;0.12;0.0966
1.0;1;0.8;0.083;6.0;0.52;0.040999999999999995;1.0;0.049;3.0;0.23;0.033;0.5;0.09;5.0;0.25;0.113
0.0;0;1.0;0.14;8.0;0.88;0.1;0.8;0.06;3.0;0.29;0.12;1.0;0.1;5.0;0.28;0.1166
0.0;0;1.0;0.14;7.0;0.88;0.027200000000000002;1.0;0.06;3.0;0.29;0.1393;1.0;0.1;4.0;0.28;0.0667
1.0;0;0.7;0.14;7.0;0.88;0.133;0.4;0.03;2.0;0.14;0.18899999999999997;0.62;0.0;0.0;0.0;0.19899999999999998
1.0;0;0.8;0.14;7.0;0.88;0.15;1.0;0.06;3.0;0.29;0.172;0.75;0.25;4.0;0.71;0.1
1.0;1;0.2;0.0;0.0;0.0;0.0;0.0;0.0;0.0;0.0;0.0;0.0;0.0;0.0;0.0;0.0
0.0;0;1.0;0.11900000000000001;8.0;0.74;0.07719999999999999;1.0;0.069;4.0;0.33;0.1861;1.0;0.094;5.0;0.27;0.1467
1.0;0;1.0;0.11;7.0;0.69;0.15;0.8;0.06;3.0;0.29;0.12;1.0;0.06;3.0;0.17;0.175
0.0;1;0.4;0.114;7.0;0.71;0.01;0.2;0.05600000000000001;4.0;0.27;0.045;0.5;0.035;2.0;0.1;0.0
1.0;1;0.4;0.075;5.0;0.47;0.0;0.0;0.012;1.0;0.06;0.10800000000000001;0.25;0.005;1.0;0.01;0.0
0.0;0;0.7;0.12;7.0;0.75;0.142;0.4;0.065;4.0;0.31;0.1;0.38;0.06;4.0;0.17;0.14
1.0;0;0.9;0.14;8.0;0.88;0.14;0.2;0.06;3.0;0.29;0.15;0.62;0.06;3.0;0.17;0.1233
1.0;0;1.0;0.135;8.0;0.84;0.1265;0.8;0.075;4.0;0.36;0.19579999999999997;0.75;0.111;6.0;0.31;0.16
1.0;0;0.9;0.1;7.0;0.62;0.177;0.6;0.06;3.0;0.29;0.12;0.12;0.0;0.0;0.0;0.145
1.0;0;0.7;0.16;8.0;1.0;0.0541;0.8;0.06;3.0;0.29;0.1438;0.75;0.135;6.0;0.38;0.13
1.0;0;0.6;0.079;5.0;0.49;0.122;0.8;0.02;3.0;0.1;0.115;0.88;0.065;5.0;0.18;0.07200000000000001
1.0;1;0.6;0.0;0.0;0.0;0.0466;0.8;0.02;2.0;0.1;0.1834;0.75;0.0915;4.0;0.26;0.1119
1.0;0;0.9;0.12;8.0;0.75;0.125;0.8;0.066;4.0;0.31;0.1;0.75;0.085;5.0;0.24;0.125
1.0;0;0.7;0.16;8.0;1.0;0.174;0.8;0.06;3.0;0.29;0.15;0.5;0.1;5.0;0.28;0.19
1.0;0;0.9;0.145;8.0;0.91;0.127;0.8;0.055999999999999994;3.0;0.27;0.127;0.75;0.1;5.0;0.28;0.092
1.0;0;0.9;0.16;8.0;1.0;0.156;1.0;0.06;3.0;0.29;0.126;0.88;0.08;4.0;0.23;0.12
1.0;0;0.7;0.14;7.0;0.88;0.185;0.6;0.015;1.0;0.07;0.19899999999999998;0.5;0.02;1.0;0.06;0.184
1.0;1;0.2;0.16;8.0;1.0;0.0866;0.2;0.06;3.0;0.29;0.0666;0.62;0.04;2.0;0.11;0.0716
1.0;0;1.0;0.131;8.0;0.82;0.085;1.0;0.055999999999999994;3.0;0.27;0.075;1.0;0.10800000000000001;6.0;0.31;0.11
1.0;0;0.9;0.16;8.0;1.0;0.18100000000000002;0.8;0.04;2.0;0.19;0.17300000000000001;0.88;0.17;3.0;0.48;0.184
1.0;0;0.7;0.16;8.0;1.0;0.025699999999999997;0.8;0.06;3.0;0.29;0.07;0.5;0.105;6.0;0.3;0.1232
0.0;0;0.7;0.132;8.0;0.82;0.0;0.4;0.053000000000000005;3.0;0.25;0.17;0.75;0.096;5.0;0.27;0.055
1.0;0;0.8;0.145;8.0;0.91;0.155;1.0;0.071;4.0;0.34;0.165;0.88;0.114;6.0;0.32;0.17
1.0;0;0.9;0.121;7.0;0.76;0.1371;1.0;0.057999999999999996;3.0;0.28;0.1461;0.62;0.075;4.0;0.21;0.185
0.0;0;0.7;0.14;7.0;0.88;0.0632;0.6;0.06;3.0;0.29;0.0766;0.62;0.1;4.0;0.28;0.1199
1.0;0;1.0;0.14;8.0;0.88;0.152;1.0;0.054000000000000006;3.0;0.26;0.147;0.62;0.099;5.0;0.28;0.16
1.0;1;0.6;0.09200000000000001;5.0;0.58;0.09699999999999999;1.0;0.02;3.0;0.1;0.09;0.12;0.065;4.0;0.18;0.065
0.0;0;1.0;0.14049999999999999;8.0;0.88;0.1011;1.0;0.055;3.0;0.26;0.0971;0.88;0.087;5.0;0.25;0.09
0.0;0;1.0;0.1555;8.0;0.97;0.0499;0.8;0.07;4.0;0.33;0.05;0.88;0.1;5.0;0.28;0.06
1.0;0;0.9;0.16;8.0;1.0;0.0366;0.8;0.05;3.0;0.24;0.1208;0.75;0.087;5.0;0.25;0.0733
0.0;0;1.0;0.131;8.0;0.82;0.1082;1.0;0.056999999999999995;3.0;0.27;0.1672;0.88;0.087;5.0;0.25;0.08
1.0;0;0.8;0.16;8.0;1.0;0.11380000000000001;0.8;0.0733;4.0;0.35;0.1318;0.88;0.3533;7.0;1.0;0.0633
1.0;0;0.7;0.06;4.0;0.38;0.14;0.6;0.06;3.0;0.29;0.13;0.38;0.075;4.0;0.21;0.145
0.0;0;0.9;0.145;8.0;0.91;0.0358;0.4;0.02;2.0;0.1;0.1592;0.75;0.085;5.0;0.24;0.09
1.0;0;0.7;0.137;8.0;0.86;0.15;0.4;0.055;3.0;0.26;0.151;0.5;0.095;5.0;0.27;0.07
1.0;0;0.9;0.16;8.0;1.0;0.0416;1.0;0.0;0.0;0.0;0.15;1.0;0.0;0.0;0.0;0.07400000000000001
0.0;0;0.8;0.16;8.0;1.0;0.16210000000000002;1.0;0.06;3.0;0.29;0.1116;0.75;0.1;4.0;0.28;0.1066
0.0;0;0.9;0.036000000000000004;3.0;0.22;0.075;0.8;0.1;4.0;0.48;0.09300000000000001;0.75;0.03;2.0;0.08;0.067
1.0;1;0.6;0.0;0.0;0.0;0.002;0.6;0.0;0.0;0.0;0.0;0.5;0.0;0.0;0.0;0.02
1.0;1;0.3;0.0;0.0;0.0;0.065;0.4;0.0;0.0;0.0;0.0;0.62;0.0;0.0;0.0;0.07
1.0;1;0.7;0.14;7.0;0.88;0.1438;0.8;0.0;0.0;0.0;0.136;0.38;0.0;0.0;0.0;0.085
0.0;0;0.7;0.16;8.0;1.0;0.146;0.8;0.04;2.0;0.19;0.183;0.75;0.23;6.0;0.65;0.069
0.0;0;1.0;0.16;8.0;1.0;0.1311;1.0;0.0;0.0;0.0;0.151;0.5;0.0;0.0;0.0;0.08
1.0;0;1.0;0.14;7.0;0.88;0.0616;0.6;0.0;0.0;0.0;0.142;0.75;0.0;0.0;0.0;0.07
1.0;1;0.1;0.0;0.0;0.0;0.0;0.0;0.0;0.0;0.0;0.0;0.0;0.0;0.0;0.0;0.0
1.0;1;0.7;0.16;8.0;1.0;0.0;0.8;0.02;1.0;0.1;0.0;0.12;0.0;0.0;0.0;0.0
1.0;1;0.7;0.10800000000000001;8.0;0.68;0.0633;0.8;0.01;2.0;0.05;0.054900000000000004;0.75;0.015;2.0;0.04;0.09
1.0;0;1.0;0.14;7.0;0.88;0.109;1.0;0.0;0.0;0.0;0.171;0.88;0.0;0.0;0.0;0.095
0.0;0;0.9;0.086;6.0;0.54;0.037000000000000005;0.8;0.125;4.0;0.6;0.138;0.62;0.075;5.0;0.21;0.14300000000000002
0.0;0;1.0;0.158;8.0;0.99;0.0799;1.0;0.0;0.0;0.0;0.125;0.88;0.02;1.0;0.06;0.099
0.0;0;0.8;0.12;6.0;0.75;0.14300000000000002;1.0;0.01;1.0;0.05;0.19;0.5;0.16;6.0;0.45;0.09699999999999999
0.0;0;0.5;0.16;8.0;1.0;0.0983;0.2;0.0;0.0;0.0;0.13699999999999998;0.12;0.0;0.0;0.0;0.096
1.0;1;0.9;0.0;0.0;0.0;0.03;1.0;0.0;0.0;0.0;0.114;0.88;0.0;0.0;0.0;0.069
1.0;0;0.9;0.13699999999999998;8.0;0.86;0.121;0.8;0.15;4.0;0.71;0.175;0.88;0.09;5.0;0.25;0.177
0.0;0;1.0;0.14100000000000001;8.0;0.88;0.08;0.8;0.057;3.0;0.27;0.14;0.88;0.098;5.0;0.28;0.12
1.0;0;1.0;0.084;5.0;0.52;0.113;0.4;0.05;2.0;0.24;0.057999999999999996;0.5;0.045;3.0;0.13;0.077
1.0;0;1.0;0.158;8.0;0.99;0.16;1.0;0.09;4.0;0.43;0.15;1.0;0.10099999999999999;6.0;0.29;0.155
1.0;1;0.8;0.057999999999999996;4.0;0.36;0.0;0.6;0.045;3.0;0.21;0.061;0.5;0.04;3.0;0.11;0.032
0.0;0;1.0;0.12;7.0;0.75;0.11;1.0;0.12;4.0;0.57;0.134;0.75;0.075;4.0;0.21;0.13
1.0;1;0.7;0.0;0.0;0.0;0.0;0.6;0.0;0.0;0.0;0.02;0.75;0.0;0.0;0.0;0.0
1.0;1;0.2;0.0;0.0;0.0;0.0;0.8;0.0;0.0;0.0;0.0;0.62;0.0;0.0;0.0;0.0
1.0;1;0.9;0.005;1.0;0.03;0.03;0.4;0.04;2.0;0.19;0.040999999999999995;0.5;0.01;1.0;0.03;0.03
1.0;1;0.3;0.0;0.0;0.0;0.021;0.4;0.0;0.0;0.0;0.0;0.25;0.0;0.0;0.0;0.023
0.0;1;1.0;0.062;5.0;0.39;0.107;1.0;0.05;2.0;0.24;0.12;0.75;0.0;0.0;0.0;0.09
1.0;1;0.7;0.065;5.0;0.41;0.047;0.6;0.0;0.0;0.0;0.11;0.75;0.025;2.0;0.07;0.099
0.0;1;0.0;0.0;0.0;0.0;0.0;0.0;0.0;0.0;0.0;0.0;0.0;0.0;0.0;0.0;0.0
1.0;0;0.9;0.128;8.0;0.8;0.136;1.0;0.11;4.0;0.52;0.12300000000000001;0.62;0.045;3.0;0.13;0.157
0.0;0;1.0;0.12450000000000001;8.0;0.78;0.0582;1.0;0.047;3.0;0.22;0.0866;1.0;0.099;5.0;0.28;0.0467
1.0;0;0.6;0.14;7.0;0.88;0.165;0.6;0.06;3.0;0.29;0.19;0.38;0.1;5.0;0.28;0.1099
1.0;0;0.7;0.13449999999999998;8.0;0.84;0.10220000000000001;0.2;0.013000000000000001;2.0;0.06;0.1137;0.38;0.053;4.0;0.15;0.08
0.0;0;0.9;0.14700000000000002;8.0;0.92;0.157;0.8;0.068;4.0;0.32;0.125;0.75;0.096;5.0;0.27;0.133
1.0;0;0.8;0.16;8.0;1.0;0.177;1.0;0.02;1.0;0.1;0.174;0.75;0.19;4.0;0.54;0.19
1.0;0;1.0;0.134;8.0;0.84;0.179;0.4;0.16;4.0;0.76;0.14;0.62;0.05;3.0;0.14;0.13699999999999998
1.0;0;0.7;0.14;7.0;0.88;0.18100000000000002;0.8;0.0;0.0;0.0;0.19;0.75;0.055;3.0;0.16;0.094
0.0;1;1.0;0.128;8.0;0.8;0.0691;1.0;0.037000000000000005;3.0;0.18;0.0366;0.88;0.08;5.0;0.23;0.01
1.0;0;0.5;0.125;7.0;0.78;0.0946;0.2;0.06;3.0;0.29;0.09230000000000001;0.62;0.08;3.0;0.23;0.1199
1.0;0;0.7;0.09300000000000001;6.0;0.58;0.127;0.6;0.12;4.0;0.57;0.11199999999999999;1.0;0.06;4.0;0.17;0.147
1.0;0;0.9;0.13699999999999998;8.0;0.86;0.179;0.6;0.11;4.0;0.52;0.14300000000000002;0.38;0.095;5.0;0.27;0.12300000000000001
1.0;0;0.9;0.129;8.0;0.81;0.11800000000000001;0.2;0.07;4.0;0.33;0.165;0.38;0.025;1.0;0.07;0.14
1.0;0;0.7;0.16;8.0;1.0;0.1326;0.8;0.0;0.0;0.0;0.17800000000000002;0.75;0.0;0.0;0.0;0.134
1.0;0;0.9;0.10800000000000001;8.0;0.68;0.077;0.8;0.08;4.0;0.38;0.096;0.5;0.03;2.0;0.08;0.155
0.0;0;1.0;0.14;7.0;0.88;0.14859999999999998;1.0;0.0;0.0;0.0;0.158;0.88;0.0;0.0;0.0;0.196
1.0;0;0.9;0.115;8.0;0.72;0.1;0.6;0.1;4.0;0.48;0.078;0.38;0.075;5.0;0.21;0.14300000000000002
1.0;0;0.7;0.08800000000000001;5.0;0.55;0.0;0.4;0.09;4.0;0.43;0.133;0.38;0.07;4.0;0.2;0.16699999999999998
1.0;1;0.9;0.065;4.0;0.41;0.0;0.6;0.07;4.0;0.33;0.067;0.62;0.065;5.0;0.18;0.14
0.0;1;0.7;0.115;6.0;0.72;0.0666;0.8;0.06;3.0;0.29;0.1033;0.5;0.06;3.0;0.17;0.0567
1.0;1;1.0;0.068;6.0;0.42;0.0;0.6;0.06;4.0;0.29;0.055999999999999994;0.38;0.06;5.0;0.17;0.11699999999999999
1.0;0;0.7;0.129;8.0;0.81;0.121;0.8;0.14;4.0;0.67;0.16;0.62;0.09;6.0;0.25;0.17
0.0;0;1.0;0.1425;8.0;0.89;0.0661;0.8;0.057999999999999996;3.0;0.28;0.08990000000000001;1.0;0.095;5.0;0.27;0.09
1.0;0;1.0;0.15;8.0;0.94;0.12;1.0;0.04;2.0;0.19;0.11;0.75;0.09;5.0;0.25;0.105
1.0;0;0.8;0.1;6.0;0.62;0.11;0.4;0.09;2.0;0.43;0.13;0.75;0.1;5.0;0.28;0.04
0.0;1;0.8;0.04;4.0;0.25;0.06;0.8;0.0;0.0;0.0;0.04;0.38;0.0;0.0;0.0;0.0
1.0;0;0.6;0.14;7.0;0.88;0.132;0.6;0.02;2.0;0.1;0.162;0.75;0.11;4.0;0.31;0.08
0.0;0;1.0;0.15;8.0;0.94;0.06509999999999999;0.8;0.06;3.0;0.29;0.1283;0.62;0.1;4.0;0.28;0.0766
0.0;0;0.9;0.16;8.0;1.0;0.1298;1.0;0.08;4.0;0.38;0.1553;1.0;0.13;6.0;0.37;0.15
0.0;0;0.9;0.11;7.0;0.69;0.16;0.6;0.06;3.0;0.29;0.12;0.38;0.06;3.0;0.17;0.1
1.0;1;0.9;0.0;0.0;0.0;0.0;0.8;0.0;0.0;0.0;0.0;0.38;0.0;0.0;0.0;0.0
1.0;0;1.0;0.1;7.0;0.62;0.12;0.4;0.0;0.0;0.0;0.13;0.62;0.0767;4.0;0.22;0.1183
1.0;0;0.9;0.14;8.0;0.88;0.16;0.6;0.04;2.0;0.19;0.17;0.62;0.07;4.0;0.2;0.105
1.0;0;1.0;0.15;8.0;0.94;0.14;0.8;0.08;4.0;0.38;0.17;0.62;0.09;5.0;0.25;0.14
1.0;0;0.9;0.14;8.0;0.88;0.15;0.4;0.07;4.0;0.33;0.17;0.5;0.09;5.0;0.25;0.14
1.0;0;1.0;0.15;8.0;0.94;0.18;1.0;0.06;3.0;0.29;0.19;1.0;0.115;6.0;0.33;0.18
0.0;0;1.0;0.15;8.0;0.94;0.13;0.6;0.06;3.0;0.29;0.13;0.88;0.1;5.0;0.28;0.095
1.0;1;0.2;0.02;2.0;0.12;0.0;0.0;0.0;0.0;0.0;0.0;0.0;0.0;0.0;0.0;0.0
1.0;1;0.0;0.0;0.0;0.0;0.0;0.0;0.0;0.0;0.0;0.0;0.0;0.0;0.0;0.0;0.0
1.0;0;0.6;0.12;6.0;0.75;0.183;1.0;0.01;1.0;0.05;0.192;0.62;0.01;1.0;0.03;0.1
1.0;0;1.0;0.13;8.0;0.81;0.17;1.0;0.06;3.0;0.29;0.2;0.88;0.085;5.0;0.24;0.125
0.0;1;0.7;0.1;6.0;0.62;0.06;1.0;0.06;3.0;0.29;0.08;1.0;0.08;4.0;0.23;0.0767
1.0;1;0.4;0.04;4.0;0.25;0.11;1.0;0.04;2.0;0.19;0.16;0.62;0.0;0.0;0.0;0.0
1.0;0;0.8;0.08;6.0;0.5;0.0;0.6;0.06;3.0;0.29;0.18;0.75;0.095;5.0;0.27;0.195
1.0;0;1.0;0.13;7.0;0.81;0.2;1.0;0.06;3.0;0.29;0.19;0.88;0.06;4.0;0.17;0.125
1.0;0;1.0;0.13;8.0;0.81;0.14;1.0;0.06;3.0;0.29;0.17;0.75;0.125;7.0;0.35;0.055
1.0;1;0.9;0.06;6.0;0.38;0.09;0.6;0.0;0.0;0.0;0.0;0.25;0.0;0.0;0.0;0.0
0.0;0;0.9;0.14;8.0;0.88;0.14;0.8;0.07;4.0;0.33;0.18;0.75;0.105;6.0;0.3;0.15
1.0;0;0.6;0.14;8.0;0.88;0.1;0.4;0.07;4.0;0.33;0.14;0.25;0.105;6.0;0.3;0.035
0.0;0;0.9;0.14600000000000002;8.0;0.91;0.073;0.8;0.063;4.0;0.3;0.087;0.75;0.092;5.0;0.26;0.183
1.0;0;1.0;0.12;8.0;0.75;0.14;1.0;0.06;3.0;0.29;0.16;0.62;0.065;4.0;0.18;0.15
0.0;0;1.0;0.13;8.0;0.81;0.14;1.0;0.06;3.0;0.29;0.15;1.0;0.125;6.0;0.35;0.115
1.0;1;0.9;0.1;7.0;0.62;0.16;1.0;0.0;0.0;0.0;0.13;0.88;0.05;3.0;0.14;0.0
1.0;0;0.9;0.09;5.0;0.56;0.16;0.8;0.07;4.0;0.33;0.16;0.25;0.1;6.0;0.28;0.01
1.0;1;0.0;0.14;7.0;0.88;0.0;0.0;0.0;0.0;0.0;0.0;0.12;0.0;0.0;0.0;0.0
1.0;0;0.9;0.07100000000000001;5.0;0.44;0.102;0.4;0.0;0.0;0.0;0.098;0.88;0.054000000000000006;3.0;0.15;0.11800000000000001
0.0;0;1.0;0.11699999999999999;7.0;0.73;0.125;0.8;0.105;4.0;0.5;0.133;1.0;0.07;5.0;0.2;0.107
1.0;0;0.9;0.11;7.0;0.69;0.16;0.4;0.06;3.0;0.29;0.2;0.75;0.07;4.0;0.2;0.075
0.0;0;1.0;0.10899999999999999;7.0;0.68;0.13;1.0;0.065;4.0;0.31;0.147;1.0;0.11800000000000001;6.0;0.33;0.157
1.0;0;1.0;0.14300000000000002;8.0;0.89;0.15;1.0;0.086;4.0;0.41;0.107;0.88;0.1;5.0;0.28;0.161
1.0;1;1.0;0.04;2.0;0.25;0.057999999999999996;0.6;0.0;0.0;0.0;0.03;0.38;0.0;0.0;0.0;0.0
0.0;0;1.0;0.131;8.0;0.82;0.11;0.8;0.062;4.0;0.3;0.145;0.88;0.098;5.0;0.28;0.09699999999999999
1.0;0;1.0;0.14;8.0;0.88;0.09;0.8;0.11;4.0;0.52;0.14;0.88;0.09;5.0;0.25;0.15
1.0;0;1.0;0.14;8.0;0.88;0.14;1.0;0.06;3.0;0.29;0.0;0.75;0.095;5.0;0.27;0.125
1.0;0;0.9;0.08;6.0;0.5;0.13;1.0;0.095;4.0;0.45;0.13;0.62;0.055;4.0;0.16;0.09
1.0;0;0.7;0.12300000000000001;8.0;0.77;0.17300000000000001;1.0;0.12;4.0;0.57;0.162;1.0;0.095;5.0;0.27;0.105
0.0;0;0.8;0.14;7.0;0.88;0.0926;0.8;0.0;0.0;0.0;0.165;0.88;0.02;1.0;0.06;0.179
0.0;0;1.0;0.15;8.0;0.94;0.11;0.6;0.1;4.0;0.48;0.17;0.62;0.105;6.0;0.3;0.11
1.0;1;0.4;0.12;6.0;0.75;0.0;0.4;0.04;2.0;0.19;0.1;0.5;0.07;4.0;0.2;0.0
0.0;0;0.7;0.14200000000000002;8.0;0.89;0.0383;0.8;0.079;4.0;0.38;0.09449999999999999;0.88;0.079;5.0;0.22;0.1333
1.0;0;0.6;0.127;8.0;0.79;0.0;0.4;0.0704;4.0;0.34;0.0955;0.25;0.08439999999999999;6.0;0.24;0.1366
1.0;0;0.9;0.159;8.0;0.99;0.1167;0.8;0.095;4.0;0.45;0.1243;0.75;0.10400000000000001;6.0;0.29;0.1033
1.0;0;1.0;0.099;7.0;0.62;0.0983;1.0;0.07;4.0;0.33;0.1333;0.88;0.099;5.0;0.28;0.1265
1.0;0;0.9;0.16;8.0;1.0;0.14880000000000002;0.4;0.0;0.0;0.0;0.16899999999999998;0.75;0.0;0.0;0.0;0.09
1.0;1;0.9;0.0908;6.0;0.57;0.0967;0.8;0.04479999999999999;4.0;0.21;0.051;0.38;0.023;2.0;0.07;0.0166
1.0;0;0.9;0.14;7.0;0.88;0.177;0.8;0.05;3.0;0.24;0.168;0.75;0.0;0.0;0.0;0.17
0.0;0;0.9;0.132;7.0;0.82;0.1249;0.8;0.06;3.0;0.29;0.147;0.88;0.145;6.0;0.41;0.0967
0.0;0;0.9;0.128;8.0;0.8;0.1;0.8;0.079;4.0;0.38;0.1162;0.5;0.084;5.0;0.24;0.1216
1.0;0;0.9;0.141;8.0;0.88;0.1325;0.8;0.08;4.0;0.38;0.17329999999999998;0.75;0.0848;6.0;0.24;0.1349
0.0;0;0.9;0.16;8.0;1.0;0.0866;1.0;0.06;3.0;0.29;0.10550000000000001;0.75;0.12;6.0;0.34;0.1366
0.0;1;0.9;0.121;8.0;0.76;0.024;0.4;0.055999999999999994;3.0;0.27;0.0633;0.62;0.047;5.0;0.13;0.0567
1.0;0;0.9;0.14;8.0;0.88;0.17;0.0;0.08;4.0;0.38;0.15;0.25;0.087;4.0;0.25;0.0
0.0;0;1.0;0.14;7.0;0.88;0.10880000000000001;1.0;0.06;3.0;0.29;0.14550000000000002;0.88;0.1;5.0;0.28;0.1399
1.0;0;0.6;0.14;7.0;0.88;0.12210000000000001;0.4;0.0;0.0;0.0;0.161;0.38;0.0;0.0;0.0;0.087
0.0;0;1.0;0.159;8.0;0.99;0.1543;1.0;0.09;4.0;0.43;0.1572;1.0;0.13;7.0;0.37;0.0933
1.0;0;0.5;0.158;8.0;0.99;0.1605;0.4;0.0;0.0;0.0;0.179;0.62;0.0;0.0;0.0;0.0
0.0;0;1.0;0.159;8.0;0.99;0.1563;1.0;0.09;4.0;0.43;0.1367;0.88;0.129;7.0;0.37;0.17329999999999998
1.0;0;1.0;0.149;8.0;0.93;0.14429999999999998;1.0;0.09;4.0;0.43;0.14550000000000002;0.75;0.105;5.0;0.3;0.1567
1.0;1;0.5;0.02;2.0;0.12;0.05;0.2;0.02;1.0;0.1;0.0;0.0;0.0;0.0;0.0;0.0
1.0;1;0.3;0.0;0.0;0.0;0.017;0.2;0.0;0.0;0.0;0.027000000000000003;0.25;0.0;0.0;0.0;0.0
0.0;0;1.0;0.133;8.0;0.83;0.075;0.6;0.053;3.0;0.25;0.135;1.0;0.09699999999999999;5.0;0.27;0.11
1.0;1;0.7;0.022000000000000002;2.0;0.14;0.02;0.2;0.0;0.0;0.0;0.0;0.25;0.0;0.0;0.0;0.0
1.0;1;0.9;0.132;8.0;0.82;0.02;0.8;0.01;2.0;0.05;0.1;0.75;0.045;4.0;0.13;0.0733
1.0;0;0.8;0.158;8.0;0.99;0.1108;1.0;0.0;0.0;0.0;0.17300000000000001;0.75;0.0;0.0;0.0;0.1
1.0;1;0.0;0.0;0.0;0.0;0.0;0.0;0.0;0.0;0.0;0.0;0.0;0.0;0.0;0.0;0.0
0.0;0;0.9;0.16;8.0;1.0;0.1392;0.8;0.06;3.0;0.29;0.1492;0.75;0.1;5.0;0.28;0.1166
1.0;1;0.0;0.0;0.0;0.0;0.0;0.0;0.0;0.0;0.0;0.0;0.12;0.0;0.0;0.0;0.01
0.0;0;0.7;0.06499999999999999;6.0;0.41;0.083;0.6;0.006;1.0;0.03;0.128;0.88;0.099;6.0;0.28;0.13
0.0;1;0.1;0.0;0.0;0.0;0.02;0.4;0.06;3.0;0.29;0.0;0.12;0.0;0.0;0.0;0.0
1.0;0;1.0;0.0522;5.0;0.33;0.1472;1.0;0.049;3.0;0.23;0.1833;0.88;0.075;4.0;0.21;0.0834
1.0;0;0.9;0.136;8.0;0.85;0.146;1.0;0.048;3.0;0.23;0.147;0.88;0.11969999999999999;6.0;0.34;0.17300000000000001
1.0;0;1.0;0.11900000000000001;8.0;0.74;0.1783;1.0;0.098;4.0;0.47;0.1788;0.88;0.11;6.0;0.31;0.1467
1.0;0;1.0;0.1292;8.0;0.81;0.0758;1.0;0.07;4.0;0.33;0.11449999999999999;1.0;0.094;6.0;0.27;0.0666
0.0;0;0.9;0.10200000000000001;8.0;0.64;0.1521;0.8;0.032;2.0;0.15;0.1356;0.75;0.098;6.0;0.28;0.18
0.0;1;0.6;0.04;2.0;0.25;0.0883;0.8;0.02;1.0;0.1;0.16329999999999997;0.38;0.02;1.0;0.06;0.0983
1.0;0;1.0;0.16;8.0;1.0;0.0783;1.0;0.06;3.0;0.29;0.0766;1.0;0.125;6.0;0.35;0.1099
1.0;0;1.0;0.139;8.0;0.87;0.11349999999999999;1.0;0.08;4.0;0.38;0.1612;0.75;0.09;5.0;0.25;0.1566
1.0;0;1.0;0.15;8.0;0.94;0.055;1.0;0.07;4.0;0.33;0.0978;1.0;0.11;6.0;0.31;0.125
1.0;0;0.7;0.134;8.0;0.84;0.105;0.4;0.057;3.0;0.27;0.138;0.75;0.08;4.0;0.23;0.2
0.0;0;1.0;0.13;8.0;0.81;0.1439;1.0;0.06;3.0;0.29;0.15789999999999998;0.88;0.09;5.0;0.25;0.18
1.0;1;0.4;0.044000000000000004;5.0;0.28;0.066;0.4;0.023;3.0;0.11;0.0;0.0;0.04;3.0;0.11;0.0
0.0;0;1.0;0.12;7.0;0.75;0.0789;0.8;0.10859999999999999;4.0;0.52;0.1775;0.62;0.05;3.0;0.14;0.175
1.0;0;1.0;0.0742;6.0;0.46;0.06570000000000001;1.0;0.051399999999999994;3.0;0.24;0.1325;1.0;0.053;4.0;0.15;0.10490000000000001
1.0;1;0.9;0.0616;5.0;0.38;0.1012;0.8;0.0176;2.0;0.08;0.0833;0.38;0.0548;4.0;0.16;0.0666
1.0;0;0.7;0.14120000000000002;8.0;0.88;0.15539999999999998;0.6;0.099;4.0;0.47;0.1834;0.38;0.0834;5.0;0.24;0.1266
1.0;1;1.0;0.12299999999999998;7.0;0.77;0.09;0.8;0.052000000000000005;3.0;0.25;0.085;1.0;0.053000000000000005;3.0;0.15;0.09
1.0;0;0.9;0.113;6.0;0.71;0.1442;0.8;0.08900000000000001;4.0;0.42;0.18030000000000002;0.75;0.0924;6.0;0.26;0.1399
1.0;1;0.4;0.084;7.0;0.52;0.07400000000000001;0.6;0.006;1.0;0.03;0.127;0.38;0.02;1.0;0.06;0.0
1.0;0;0.7;0.139;8.0;0.87;0.0955;0.6;0.067;4.0;0.32;0.155;0.75;0.07400000000000001;4.0;0.21;0.1366
0.0;0;1.0;0.132;8.0;0.82;0.085;1.0;0.055999999999999994;3.0;0.27;0.045;1.0;0.078;4.0;0.22;0.06
1.0;1;0.8;0.01;1.0;0.06;0.0697;0.8;0.0282;2.0;0.13;0.0;0.12;0.0;0.0;0.0;0.02
1.0;1;0.4;0.106;7.0;0.66;0.014499999999999999;0.4;0.079;4.0;0.38;0.0362;0.25;0.06380000000000001;5.0;0.18;0.056600000000000004
1.0;0;0.9;0.147;8.0;0.92;0.1128;0.4;0.06;3.0;0.29;0.1466;0.5;0.1;5.0;0.28;0.1583
0.0;0;0.9;0.08;7.0;0.5;0.0655;0.6;0.06;3.0;0.29;0.1559;0.62;0.07;4.0;0.2;0.12990000000000002
1.0;1;1.0;0.026000000000000002;2.0;0.16;0.0567;1.0;0.0;0.0;0.0;0.0;0.5;0.0736;4.0;0.21;0.029900000000000003
0.0;0;1.0;0.158;8.0;0.99;0.08460000000000001;1.0;0.0;0.0;0.0;0.14400000000000002;0.88;0.0;0.0;0.0;0.147
1.0;0;0.7;0.084;6.0;0.52;0.1067;0.2;0.0694;4.0;0.33;0.1378;0.25;0.0688;5.0;0.19;0.125
1.0;0;0.5;0.1042;8.0;0.65;0.1195;0.6;0.0794;4.0;0.38;0.12;0.25;0.0754;5.0;0.21;0.1199
1.0;0;1.0;0.10020000000000001;7.0;0.63;0.0633;0.8;0.048;3.0;0.23;0.14550000000000002;0.62;0.0688;5.0;0.19;0.19829999999999998
1.0;0;0.6;0.16;8.0;1.0;0.0875;0.8;0.1489;4.0;0.71;0.0733;0.75;0.1525;6.0;0.43;0.18
1.0;0;0.9;0.12;6.0;0.75;0.0875;0.8;0.12890000000000001;3.0;0.61;0.1;0.88;0.1641;7.0;0.46;0.1449
0.0;0;0.9;0.078;5.0;0.49;0.092;0.8;0.09;3.0;0.43;0.11699999999999999;0.5;0.09;6.0;0.25;0.09
1.0;1;0.7;0.12;6.0;0.75;0.0;0.8;0.0;0.0;0.0;0.07;0.62;0.13;3.0;0.37;0.0
1.0;0;0.9;0.12;6.0;0.75;0.0867;0.8;0.10099999999999999;3.0;0.48;0.07;0.75;0.1305;6.0;0.37;0.1833
1.0;0;0.8;0.16;8.0;1.0;0.036699999999999997;0.4;0.06;3.0;0.29;0.0978;0.62;0.1;5.0;0.28;0.11
0.0;0;0.8;0.12;6.0;0.75;0.086;1.0;0.0644;1.0;0.31;0.08;0.88;0.0842;4.0;0.24;0.18170000000000003
0.0;0;0.8;0.11;7.0;0.69;0.14;0.4;0.07;4.0;0.33;0.17;0.88;0.06;3.0;0.17;0.1534
1.0;0;1.0;0.13699999999999998;8.0;0.86;0.0742;1.0;0.051;3.0;0.24;0.1642;0.62;0.057999999999999996;3.0;0.16;0.1356
0.0;0;1.0;0.16;8.0;1.0;0.0967;1.0;0.07;4.0;0.33;0.17679999999999998;0.88;0.125;6.0;0.35;0.1833
1.0;0;0.7;0.12;6.0;0.75;0.0625;0.8;0.0433;1.0;0.21;0.095;0.62;0.12240000000000001;4.0;0.35;0.0
1.0;1;0.2;0.02;1.0;0.12;0.0;0.0;0.0;0.0;0.0;0.0;0.0;0.0;0.0;0.0;0.0
0.0;0;1.0;0.16;8.0;1.0;0.1338;1.0;0.0;0.0;0.0;0.165;0.75;0.0;0.0;0.0;0.09
0.0;0;0.9;0.12;6.0;0.75;0.0527;0.8;0.0287;1.0;0.14;0.1;0.75;0.0802;3.0;0.23;0.16670000000000001
1.0;0;0.9;0.12;6.0;0.75;0.0767;0.6;0.0683;2.0;0.33;0.09;0.5;0.11539999999999999;4.0;0.33;0.1366
1.0;0;0.9;0.06;3.0;0.38;0.0733;1.0;0.096;2.0;0.46;0.1;0.88;0.1266;2.0;0.36;0.2
0.0;0;0.9;0.16;8.0;1.0;0.0974;0.8;0.065;4.0;0.31;0.0666;0.75;0.105;6.0;0.3;0.0633
1.0;0;0.8;0.1;5.0;0.62;0.0675;0.6;0.1;1.0;0.48;0.1;0.62;0.0644;2.0;0.18;0.1534
1.0;0;0.8;0.06;3.0;0.38;0.06;1.0;0.0633;1.0;0.3;0.0833;0.88;0.0745;3.0;0.21;0.1666
1.0;1;0.2;0.042;4.0;0.26;0.078;0.6;0.003;1.0;0.01;0.121;0.25;0.05;3.0;0.14;0.0
1.0;0;0.9;0.12;6.0;0.75;0.1;1.0;0.0538;1.0;0.26;0.06;0.88;0.0902;4.0;0.26;0.1399
0.0;0;1.0;0.12;6.0;0.75;0.0616;1.0;0.0867;1.0;0.41;0.0933;0.88;0.0883;3.0;0.25;0.13
1.0;0;0.9;0.08;4.0;0.5;0.0833;0.6;0.0975;2.0;0.46;0.1;0.75;0.2;6.0;0.57;0.19329999999999997
1.0;0;0.9;0.12;6.0;0.75;0.0;0.8;0.035;1.0;0.17;0.06;0.75;0.0695;4.0;0.2;0.08
1.0;1;0.9;0.12;6.0;0.75;0.0;0.2;0.0;0.0;0.0;0.0;0.38;0.01;1.0;0.03;0.0
0.0;0;0.9;0.12;6.0;0.75;0.0842;0.8;0.0433;1.0;0.21;0.1;0.62;0.12029999999999999;3.0;0.34;0.1451
1.0;0;0.7;0.06;5.0;0.38;0.13;0.8;0.07;4.0;0.33;0.16;0.25;0.09699999999999999;5.0;0.27;0.085
1.0;0;1.0;0.04;3.0;0.25;0.0942;1.0;0.06;3.0;0.29;0.1242;0.5;0.1183;5.0;0.33;0.1133
1.0;0;0.7;0.08;4.0;0.5;0.06;0.8;0.0938;2.0;0.45;0.0667;0.5;0.1017;2.0;0.29;0.15460000000000002
0.0;0;0.7;0.0867;7.0;0.54;0.122;0.8;0.048;3.0;0.23;0.142;0.62;0.098;5.0;0.28;0.153
1.0;0;0.9;0.13799999999999998;8.0;0.86;0.08800000000000001;1.0;0.069;4.0;0.33;0.17800000000000002;0.75;0.08;4.0;0.23;0.127
1.0;1;0.6;0.08;4.0;0.5;0.0;0.8;0.0;0.0;0.0;0.0;0.38;0.051699999999999996;2.0;0.15;0.0
0.0;0;0.7;0.16;8.0;1.0;0.1258;0.8;0.0;0.0;0.0;0.17;1.0;0.0;0.0;0.0;0.17
0.0;0;0.8;0.16;8.0;1.0;0.1407;0.6;0.0;0.0;0.0;0.174;0.88;0.0167;1.0;0.05;0.077
0.0;0;1.0;0.12;6.0;0.75;0.06;1.0;0.09720000000000001;1.0;0.46;0.0867;1.0;0.09949999999999999;4.0;0.28;0.185
1.0;0;0.9;0.12;6.0;0.75;0.08;1.0;0.046799999999999994;1.0;0.22;0.06;1.0;0.0733;4.0;0.21;0.135
1.0;0;0.8;0.15;8.0;0.94;0.14150000000000001;1.0;0.06;3.0;0.29;0.1833;1.0;0.105;5.0;0.3;0.10830000000000001
1.0;0;0.8;0.08;4.0;0.5;0.09;0.4;0.0738;1.0;0.35;0.1;0.75;0.17;4.0;0.48;0.19329999999999997
1.0;1;0.8;0.05;5.0;0.31;0.06280000000000001;0.2;0.04;2.0;0.19;0.08779999999999999;0.62;0.14;6.0;0.4;0.1133
1.0;0;0.9;0.12;6.0;0.75;0.02;0.8;0.0417;1.0;0.2;0.09;0.75;0.05779999999999999;3.0;0.16;0.1366
1.0;0;0.8;0.145;8.0;0.91;0.1072;0.8;0.06;3.0;0.29;0.1014;0.75;0.1;5.0;0.28;0.135
1.0;1;0.7;0.06;5.0;0.38;0.09;0.4;0.03;2.0;0.14;0.15;0.25;0.0;0.0;0.0;0.0
0.0;0;1.0;0.16;8.0;1.0;0.185;0.8;0.05;1.0;0.24;0.19899999999999998;0.88;0.03;1.0;0.08;0.16
1.0;1;0.3;0.0;0.0;0.0;0.0;0.0;0.0;0.0;0.0;0.0;0.0;0.0;0.0;0.0;0.0
1.0;0;0.8;0.12;6.0;0.75;0.095;0.6;0.11720000000000001;2.0;0.56;0.09;0.38;0.128;3.0;0.36;0.1833
0.0;1;1.0;0.125;8.0;0.78;0.03;0.6;0.054000000000000006;4.0;0.26;0.045;0.88;0.054000000000000006;3.0;0.15;0.02
0.0;0;0.9;0.14;8.0;0.88;0.16;1.0;0.06;3.0;0.29;0.16;0.75;0.098;5.0;0.28;0.1
0.0;0;0.9;0.12;6.0;0.75;0.06;0.8;0.0915;4.0;0.44;0.0667;1.0;0.1328;5.0;0.38;0.165
1.0;0;0.9;0.141;8.0;0.88;0.0582;0.8;0.047;4.0;0.22;0.1225;0.75;0.068;4.0;0.19;0.1133
0.0;0;0.9;0.12;6.0;0.75;0.07;0.8;0.0572;1.0;0.27;0.0867;0.88;0.1775;6.0;0.5;0.15990000000000001
1.0;0;0.8;0.135;8.0;0.84;0.13;1.0;0.06;1.0;0.29;0.127;1.0;0.08;5.0;0.23;0.13
1.0;0;0.7;0.11;7.0;0.69;0.14;0.8;0.08;4.0;0.38;0.17;0.5;0.05;2.0;0.14;0.1
1.0;0;0.8;0.12;6.0;0.75;0.1505;0.4;0.0;0.0;0.0;0.185;0.38;0.0;0.0;0.0;0.09
0.0;0;1.0;0.15;8.0;0.94;0.1394;1.0;0.06;3.0;0.29;0.1537;0.88;0.08;4.0;0.23;0.19
0.0;0;0.9;0.09899999999999999;8.0;0.62;0.12050000000000001;0.8;0.045;3.0;0.21;0.1945;0.5;0.036000000000000004;2.0;0.1;0.2
0.0;0;0.9;0.13;8.0;0.81;0.11;0.4;0.13;4.0;0.62;0.14;1.0;0.12;5.0;0.34;0.09
1.0;1;0.3;0.14;7.0;0.88;0.0;0.6;0.08;4.0;0.38;0.0;0.12;0.01;1.0;0.03;0.0
1.0;0;1.0;0.16;8.0;1.0;0.12710000000000002;1.0;0.05;1.0;0.24;0.184;0.75;0.0;0.0;0.0;0.184
0.0;0;0.9;0.12;7.0;0.75;0.051699999999999996;0.8;0.06;3.0;0.29;0.1318;0.75;0.1;5.0;0.28;0.1232
1.0;0;0.3;0.14;8.0;0.88;0.0968;0.8;0.07;4.0;0.33;0.1366;0.75;0.1;5.0;0.28;0.085
1.0;0;1.0;0.113;7.0;0.71;0.14;0.4;0.0;0.0;0.0;0.098;1.0;0.05;3.0;0.14;0.037000000000000005
1.0;0;1.0;0.10800000000000001;7.0;0.68;0.092;1.0;0.06;2.0;0.29;0.08800000000000001;0.88;0.01;1.0;0.03;0.127
0.0;0;0.8;0.09;6.0;0.56;0.1407;1.0;0.06;3.0;0.29;0.10769999999999999;0.75;0.09;5.0;0.25;0.0767
1.0;1;0.8;0.05;4.0;0.31;0.0783;1.0;0.04;2.0;0.19;0.056600000000000004;0.5;0.05;3.0;0.14;0.06
0.0;0;0.9;0.14;7.0;0.88;0.1258;0.8;0.0;0.0;0.0;0.159;0.62;0.0;0.0;0.0;0.129
1.0;0;0.9;0.16;8.0;1.0;0.1533;0.8;0.0;0.0;0.0;0.157;0.75;0.0;0.0;0.0;0.2
0.0;0;0.5;0.158;8.0;0.99;0.027200000000000002;0.2;0.08800000000000001;4.0;0.42;0.0967;0.38;0.05539999999999999;4.0;0.16;0.185
0.0;0;0.9;0.061;4.0;0.38;0.092;0.8;0.1;4.0;0.48;0.09699999999999999;0.75;0.07;5.0;0.2;0.13
0.0;0;0.6;0.10160000000000002;8.0;0.64;0.1247;0.2;0.0;0.0;0.0;0.0933;0.38;0.0192;1.0;0.05;0.1216
1.0;1;0.5;0.01;1.0;0.06;0.0;0.2;0.0;0.0;0.0;0.0;0.0;0.0;0.0;0.0;0.0
1.0;0;0.9;0.124;8.0;0.78;0.151;0.8;0.065;4.0;0.31;0.122;1.0;0.07;4.0;0.2;0.092
1.0;0;0.9;0.08800000000000001;8.0;0.55;0.1304;0.4;0.0504;4.0;0.24;0.11560000000000001;0.75;0.05540000000000001;4.0;0.16;0.1616
1.0;0;1.0;0.11599999999999999;7.0;0.72;0.153;1.0;0.068;4.0;0.32;0.17300000000000001;1.0;0.076;4.0;0.22;0.14
0.0;0;0.9;0.086;6.0;0.54;0.1016;0.8;0.0;0.0;0.0;0.1775;0.5;0.039;2.0;0.11;0.19
0.0;0;1.0;0.14800000000000002;8.0;0.92;0.1164;1.0;0.08;4.0;0.38;0.1328;0.75;0.109;6.0;0.31;0.1399
1.0;0;0.8;0.095;6.0;0.59;0.13;1.0;0.06;1.0;0.29;0.132;0.88;0.03;2.0;0.08;0.087
1.0;1;0.3;0.01;1.0;0.06;0.0;0.2;0.0;0.0;0.0;0.0;0.5;0.0;0.0;0.0;0.0313
1.0;0;1.0;0.16;8.0;1.0;0.095;1.0;0.06;3.0;0.29;0.1311;0.88;0.1;5.0;0.28;0.1133
0.0;0;0.9;0.1;6.0;0.62;0.092;0.8;0.065;4.0;0.31;0.075;0.75;0.09;5.0;0.25;0.145
0.0;0;1.0;0.159;8.0;0.99;0.08039999999999999;1.0;0.08900000000000001;4.0;0.42;0.1128;0.75;0.11;6.0;0.31;0.1451
1.0;0;0.9;0.115;6.0;0.72;0.134;0.8;0.06;2.0;0.29;0.16699999999999998;0.75;0.07;4.0;0.2;0.087
1.0;0;1.0;0.14800000000000002;8.0;0.92;0.168;1.0;0.069;4.0;0.33;0.1501;0.75;0.0924;5.0;0.26;0.1082
0.0;0;0.7;0.11599999999999999;7.0;0.72;0.0242;0.2;0.08;4.0;0.38;0.11109999999999999;0.62;0.11;6.0;0.31;0.1067
1.0;0;1.0;0.115;6.0;0.72;0.086;1.0;0.035;2.0;0.17;0.1;0.5;0.07;5.0;0.2;0.03
1.0;0;0.9;0.14120000000000002;8.0;0.88;0.1313;0.8;0.08900000000000001;4.0;0.42;0.195;0.5;0.11;6.0;0.31;0.19
1.0;0;0.7;0.12;7.0;0.75;0.16329999999999997;0.8;0.059000000000000004;3.0;0.28;0.1328;1.0;0.124;6.0;0.35;0.0467
0.0;0;0.3;0.137;8.0;0.86;0.0682;0.8;0.07;4.0;0.33;0.0733;0.38;0.0774;5.0;0.22;0.1333
1.0;0;0.7;0.14;7.0;0.88;0.16;0.8;0.04;2.0;0.19;0.19399999999999998;0.88;0.11;2.0;0.31;0.19899999999999998
1.0;1;0.6;0.09600000000000002;6.0;0.6;0.0;0.2;0.01;1.0;0.05;0.0;0.0;0.0;0.0;0.0;0.0
1.0;1;0.7;0.0;0.0;0.0;0.07;0.8;0.0;0.0;0.0;0.1945;0.75;0.0;0.0;0.0;0.1433
1.0;0;0.7;0.16;8.0;1.0;0.0941;0.8;0.06;3.0;0.29;0.1427;0.62;0.08;4.0;0.23;0.0933
1.0;1;0.7;0.059000000000000004;3.0;0.37;0.142;0.4;0.01;1.0;0.05;0.10400000000000001;0.5;0.01;1.0;0.03;0.11699999999999999
0.0;1;0.8;0.048;5.0;0.3;0.096;0.8;0.0;0.0;0.0;0.1099;0.75;0.0;0.0;0.0;0.14
1.0;1;0.0;0.0;0.0;0.0;0.08470000000000001;0.0;0.0;0.0;0.0;0.07;0.38;0.02;1.0;0.06;0.0567
1.0;0;0.0;0.13;8.0;0.81;0.0;0.0;0.055;3.0;0.26;0.0;0.12;0.1;5.0;0.28;0.067
0.0;0;1.0;0.13;8.0;0.81;0.105;1.0;0.115;4.0;0.55;0.145;0.75;0.1;5.0;0.28;0.1
1.0;0;0.7;0.1142;8.0;0.71;0.1514;0.6;0.077;4.0;0.37;0.1618;0.5;0.05540000000000001;4.0;0.16;0.1283
0.0;1;0.8;0.045;3.0;0.28;0.085;0.8;0.0;0.0;0.0;0.1278;0.75;0.0;0.0;0.0;0.1333
0.0;0;1.0;0.07;6.0;0.44;0.06280000000000001;1.0;0.06;3.0;0.29;0.1358;0.75;0.1198;6.0;0.34;0.1016
0.0;0;0.9;0.139;8.0;0.87;0.1316;0.8;0.098;4.0;0.47;0.1439;0.75;0.09;5.0;0.25;0.05
0.0;0;1.0;0.09;6.0;0.56;0.0932;1.0;0.06;3.0;0.29;0.13720000000000002;0.88;0.07;4.0;0.2;0.15
1.0;0;0.9;0.12500000000000003;8.0;0.78;0.0999;0.8;0.07;4.0;0.33;0.1234;0.75;0.084;5.0;0.24;0.0767
1.0;0;1.0;0.125;8.0;0.78;0.085;1.0;0.054000000000000006;3.0;0.26;0.12;1.0;0.098;5.0;0.28;0.08
0.0;0;1.0;0.13;8.0;0.81;0.14;1.0;0.053000000000000005;3.0;0.25;0.165;0.88;0.096;5.0;0.27;0.16
1.0;0;0.6;0.115;7.0;0.72;0.09;0.2;0.06;4.0;0.29;0.065;0.62;0.09299999999999999;6.0;0.26;0.1
1.0;1;1.0;0.08;6.0;0.5;0.07200000000000001;1.0;0.055;3.0;0.26;0.07400000000000001;0.75;0.065;5.0;0.18;0.017
1.0;0;0.7;0.145;8.0;0.91;0.146;0.8;0.145;4.0;0.69;0.14;1.0;0.1;5.0;0.28;0.127
1.0;1;0.8;0.071;5.0;0.44;0.11;0.8;0.0;0.0;0.0;0.0;0.12;0.0;0.0;0.0;0.0
1.0;1;0.9;0.048;4.0;0.3;0.0475;0.8;0.018000000000000002;1.0;0.09;0.0717;0.62;0.02;2.0;0.06;0.0
1.0;1;0.7;0.06;3.0;0.38;0.172;0.8;0.0;0.0;0.0;0.183;0.5;0.0;0.0;0.0;0.184
1.0;0;1.0;0.12299999999999998;7.0;0.77;0.12;1.0;0.066;4.0;0.31;0.1387;0.88;0.01;1.0;0.03;0.165
1.0;0;0.7;0.1;6.0;0.62;0.16;0.8;0.10099999999999999;4.0;0.48;0.18;0.88;0.079;4.0;0.22;0.105
1.0;0;0.8;0.14;7.0;0.88;0.17300000000000001;1.0;0.04;2.0;0.19;0.18899999999999997;0.75;0.0;0.0;0.0;0.059000000000000004
1.0;0;0.7;0.06;5.0;0.38;0.051699999999999996;0.4;0.04;2.0;0.19;0.10890000000000001;0.62;0.125;6.0;0.35;0.12
1.0;0;1.0;0.121;8.0;0.76;0.065;1.0;0.06;4.0;0.29;0.055;1.0;0.079;5.0;0.22;0.08
1.0;0;0.6;0.135;8.0;0.84;0.18;0.6;0.063;4.0;0.3;0.17;0.5;0.10099999999999999;6.0;0.29;0.165
1.0;1;0.0;0.0;0.0;0.0;0.0;0.0;0.0;0.0;0.0;0.0;0.0;0.0;0.0;0.0;0.0
1.0;1;0.6;0.09699999999999999;6.0;0.61;0.0;0.6;0.027999999999999997;3.0;0.13;0.19399999999999998;0.75;0.05;5.0;0.14;0.053
1.0;1;0.3;0.083;5.0;0.52;0.142;0.4;0.008;1.0;0.04;0.063;0.0;0.0;0.0;0.0;0.0
1.0;1;0.8;0.06;4.0;0.38;0.06;0.8;0.02;1.0;0.1;0.1;0.62;0.057;3.0;0.16;0.09
1.0;0;1.0;0.128;8.0;0.8;0.165;1.0;0.05199999999999999;4.0;0.25;0.155;0.5;0.092;5.0;0.26;0.12
1.0;0;0.7;0.10099999999999999;8.0;0.63;0.105;0.2;0.05800000000000001;4.0;0.28;0.135;0.38;0.098;6.0;0.28;0.11
0.0;0;0.9;0.10800000000000001;6.0;0.68;0.171;0.8;0.11;4.0;0.52;0.18100000000000002;0.75;0.105;6.0;0.3;0.175
1.0;0;1.0;0.11599999999999999;8.0;0.72;0.105;1.0;0.054000000000000006;3.0;0.26;0.15;0.88;0.054000000000000006;3.0;0.15;0.15
0.0;1;0.5;0.12;8.0;0.75;0.0366;0.8;0.06;3.0;0.29;0.0733;0.5;0.07;4.0;0.2;0.0466
1.0;1;0.9;0.0;0.0;0.0;0.045;0.6;0.06;3.0;0.29;0.0833;0.38;0.105;3.0;0.3;0.12990000000000002
0.0;0;0.9;0.16;8.0;1.0;0.133;0.8;0.04;2.0;0.19;0.145;0.88;0.1;5.0;0.28;0.085
1.0;0;0.8;0.16;8.0;1.0;0.1182;0.6;0.07;4.0;0.33;0.171;0.88;0.1;5.0;0.28;0.2
0.0;0;0.8;0.126;7.0;0.79;0.095;0.8;0.067;4.0;0.32;0.131;0.75;0.085;5.0;0.24;0.12
1.0;1;0.3;0.015;2.0;0.09;0.102;0.2;0.023;1.0;0.11;0.0;0.62;0.0;0.0;0.0;0.0
1.0;1;0.8;0.015;1.0;0.09;0.0;0.2;0.0;0.0;0.0;0.0;0.0;0.0;0.0;0.0;0.0
1.0;1;0.7;0.0;0.0;0.0;0.01;0.4;0.0;0.0;0.0;0.0;0.0;0.0;0.0;0.0;0.0
1.0;1;0.0;0.0;0.0;0.0;0.0;0.0;0.0;0.0;0.0;0.0;0.0;0.0;0.0;0.0;0.0
1.0;0;0.8;0.14;7.0;0.88;0.09699999999999999;1.0;0.005;1.0;0.02;0.13;0.62;0.06;1.0;0.17;0.132
0.0;1;0.4;0.011000000000000001;2.0;0.07;0.025;0.8;0.043;3.0;0.2;0.075;0.25;0.0;0.0;0.0;0.0
1.0;1;0.3;0.03;2.0;0.19;0.1;0.4;0.02;1.0;0.1;0.16;1.0;0.0;0.0;0.0;0.0483
1.0;0;0.9;0.107;8.0;0.67;0.11;0.2;0.025;2.0;0.12;0.115;0.62;0.0;0.0;0.0;0.14
1.0;0;1.0;0.12;8.0;0.75;0.1;0.6;0.059000000000000004;4.0;0.28;0.095;0.88;0.09399999999999999;5.0;0.27;0.02
1.0;0;0.3;0.11100000000000002;7.0;0.69;0.105;0.4;0.055999999999999994;3.0;0.27;0.105;0.75;0.039;3.0;0.11;0.1
1.0;0;0.5;0.09300000000000001;7.0;0.58;0.09;0.0;0.052000000000000005;3.0;0.25;0.085;0.62;0.096;5.0;0.27;0.04
1.0;1;1.0;0.04;4.0;0.25;0.002;0.8;0.03;1.0;0.14;0.1;1.0;0.01;1.0;0.03;0.073
1.0;0;1.0;0.146;8.0;0.91;0.17;1.0;0.055999999999999994;3.0;0.27;0.175;1.0;0.128;6.0;0.36;0.18
1.0;0;0.9;0.14200000000000002;8.0;0.89;0.13;0.8;0.054000000000000006;3.0;0.26;0.13;0.75;0.096;5.0;0.27;0.125
1.0;1;0.9;0.06;4.0;0.38;0.015;0.8;0.0;0.0;0.0;0.0617;0.88;0.0;0.0;0.0;0.0017000000000000001
1.0;1;0.4;0.125;8.0;0.78;0.0;0.6;0.02;1.0;0.1;0.04;0.5;0.059000000000000004;3.0;0.17;0.12
1.0;0;0.9;0.07;4.0;0.44;0.07780000000000001;0.6;0.07;2.0;0.33;0.1;0.5;0.1367;4.0;0.39;0.19
1.0;0;0.9;0.133;8.0;0.83;0.10099999999999999;0.8;0.059000000000000004;3.0;0.28;0.16699999999999998;0.88;0.078;4.0;0.22;0.073
1.0;0;0.6;0.11220000000000001;8.0;0.7;0.0321;0.6;0.1;4.0;0.48;0.1392;0.88;0.063;5.0;0.18;0.12990000000000002
1.0;0;0.8;0.14500000000000002;8.0;0.91;0.18899999999999997;0.6;0.018000000000000002;1.0;0.09;0.19;0.62;0.08;4.0;0.23;0.0
0.0;0;0.6;0.103;7.0;0.64;0.127;0.8;0.061;4.0;0.29;0.14400000000000002;0.75;0.1;5.0;0.28;0.114
1.0;0;0.8;0.14900000000000002;8.0;0.93;0.0;0.4;0.057;3.0;0.27;0.14400000000000002;0.62;0.1;5.0;0.28;0.08800000000000001
1.0;0;0.8;0.134;8.0;0.84;0.124;1.0;0.059000000000000004;3.0;0.28;0.16;0.62;0.078;5.0;0.22;0.125
1.0;0;0.9;0.149;8.0;0.93;0.188;0.8;0.06;3.0;0.29;0.195;0.88;0.098;5.0;0.28;0.19
0.0;1;0.4;0.015;1.0;0.09;0.08800000000000001;0.6;0.0;0.0;0.0;0.11699999999999999;0.0;0.0;0.0;0.0;0.0
1.0;0;0.9;0.1365;8.0;0.85;0.134;0.8;0.026000000000000002;3.0;0.12;0.139;0.88;0.05;5.0;0.14;0.075
1.0;1;1.0;0.0475;3.0;0.3;0.027000000000000003;1.0;0.055999999999999994;3.0;0.27;0.04;0.88;0.06;4.0;0.17;0.04
1.0;1;1.0;0.01;1.0;0.06;0.037000000000000005;0.4;0.0;0.0;0.0;0.0;0.0;0.0;0.0;0.0;0.0
1.0;1;1.0;0.03;2.0;0.19;0.0859;0.6;0.0;0.0;0.0;0.0;0.12;0.0;0.0;0.0;0.0
0.0;0;0.9;0.138;8.0;0.86;0.1174;0.8;0.018000000000000002;1.0;0.09;0.1211;0.75;0.067;2.0;0.19;0.1533
1.0;1;0.0;0.0;0.0;0.0;0.0;0.0;0.0;0.0;0.0;0.0;0.0;0.0;0.0;0.0;0.0
0.0;0;1.0;0.045;5.0;0.28;0.12300000000000001;1.0;0.055;3.0;0.26;0.08;0.88;0.065;5.0;0.18;0.163
1.0;0;1.0;0.06;3.0;0.38;0.0554;1.0;0.105;2.0;0.5;0.0933;0.88;0.024900000000000002;1.0;0.07;0.19329999999999997
0.0;1;0.5;0.01;1.0;0.06;0.0;0.2;0.0;0.0;0.0;0.0;0.0;0.0;0.0;0.0;0.0
0.0;0;1.0;0.09;5.0;0.56;0.10800000000000001;1.0;0.06;2.0;0.29;0.12;0.75;0.01;1.0;0.03;0.157
1.0;1;0.3;0.0;0.0;0.0;0.0;0.2;0.0;0.0;0.0;0.0;0.0;0.0;0.0;0.0;0.0
0.0;0;1.0;0.125;7.0;0.78;0.18;1.0;0.09;4.0;0.43;0.163;1.0;0.12;6.0;0.34;0.18
0.0;0;1.0;0.11;8.0;0.69;0.09300000000000001;1.0;0.055;2.0;0.26;0.127;0.88;0.06;3.0;0.17;0.09
0.0;0;0.7;0.1;5.0;0.62;0.147;1.0;0.06;3.0;0.29;0.15;0.88;0.09;5.0;0.25;0.17670000000000002
1.0;0;0.6;0.1265;7.0;0.79;0.152;1.0;0.059000000000000004;3.0;0.28;0.145;0.5;0.085;5.0;0.24;0.067
1.0;0;0.9;0.1002;8.0;0.63;0.0417;0.8;0.07;4.0;0.33;0.11800000000000001;0.75;0.0774;5.0;0.22;0.1616
1.0;0;0.9;0.16;8.0;1.0;0.1727;0.8;0.065;4.0;0.31;0.17550000000000002;0.75;0.1;5.0;0.28;0.1566
0.0;1;0.7;0.1165;7.0;0.73;0.06;0.8;0.03;2.0;0.14;0.08900000000000001;0.75;0.085;5.0;0.24;0.08
1.0;0;0.7;0.11;6.0;0.69;0.0908;0.4;0.065;4.0;0.31;0.16829999999999998;0.62;0.1;5.0;0.28;0.1433
1.0;0;0.9;0.16;8.0;1.0;0.17329999999999998;0.8;0.065;4.0;0.31;0.1867;1.0;0.1;5.0;0.28;0.0915
1.0;0;0.9;0.12300000000000001;7.0;0.77;0.17600000000000002;0.8;0.06;3.0;0.29;0.175;0.88;0.1;5.0;0.28;0.19399999999999998
1.0;1;0.5;0.105;6.0;0.66;0.0;0.2;0.0;0.0;0.0;0.0;0.0;0.0;0.0;0.0;0.0
0.0;0;1.0;0.16;8.0;1.0;0.08;1.0;0.1537;4.0;0.73;0.09;0.75;0.2;7.0;0.57;0.12
1.0;1;0.0;0.0;0.0;0.0;0.0;0.0;0.0;0.0;0.0;0.0;0.0;0.0;0.0;0.0;0.0
0.0;1;1.0;0.046;5.0;0.29;0.07;0.4;0.06;2.0;0.29;0.083;0.5;0.04;2.0;0.11;0.083
0.0;0;1.0;0.1575;8.0;0.98;0.113;0.8;0.059000000000000004;3.0;0.28;0.142;0.5;0.043;3.0;0.12;0.1
0.0;0;0.9;0.11;7.0;0.69;0.083;0.6;0.045;3.0;0.21;0.142;0.5;0.075;5.0;0.21;0.067
0.0;0;1.0;0.16;8.0;1.0;0.172;1.0;0.07;4.0;0.33;0.1421;1.0;0.12;6.0;0.34;0.1666
1.0;0;1.0;0.105;6.0;0.66;0.17300000000000001;0.8;0.105;4.0;0.5;0.152;0.62;0.07;4.0;0.2;0.16699999999999998
1.0;0;0.9;0.153;8.0;0.96;0.161;0.8;0.052000000000000005;3.0;0.25;0.185;1.0;0.053;3.0;0.15;0.045
0.0;1;1.0;0.03;3.0;0.19;0.04;1.0;0.06;3.0;0.29;0.07;0.88;0.099;5.0;0.28;0.07
0.0;0;1.0;0.066;5.0;0.41;0.15;1.0;0.12;4.0;0.57;0.122;1.0;0.1;6.0;0.28;0.16
1.0;1;0.9;0.105;8.0;0.66;0.094;0.8;0.02;3.0;0.1;0.10300000000000001;0.75;0.035;5.0;0.1;0.1
1.0;0;0.5;0.09;5.0;0.56;0.0416;0.4;0.02;1.0;0.1;0.1483;0.75;0.1;5.0;0.28;0.1333
1.0;1;0.5;0.1005;6.0;0.63;0.052000000000000005;0.2;0.02;3.0;0.1;0.107;0.38;0.025;5.0;0.07;0.0
1.0;0;0.8;0.14;8.0;0.88;0.13;1.0;0.06;3.0;0.29;0.14;1.0;0.07;4.0;0.2;0.0999
1.0;0;1.0;0.15600000000000003;8.0;0.98;0.175;0.6;0.06;3.0;0.29;0.19399999999999998;0.88;0.1;5.0;0.28;0.17
0.0;1;0.5;0.025;2.0;0.16;0.083;0.6;0.025;2.0;0.12;0.081;0.88;0.035;3.0;0.1;0.067
1.0;0;0.8;0.07;5.0;0.44;0.12300000000000001;1.0;0.05;2.0;0.24;0.18100000000000002;0.75;0.04;3.0;0.11;0.13
0.0;0;0.9;0.106;7.0;0.66;0.132;0.8;0.05;4.0;0.24;0.09300000000000001;0.75;0.085;6.0;0.24;0.13699999999999998
0.0;0;0.9;0.08;5.0;0.5;0.095;0.8;0.055;4.0;0.26;0.071;0.75;0.075;5.0;0.21;0.09
1.0;1;1.0;0.095;7.0;0.59;0.038;0.6;0.05;2.0;0.24;0.04;0.5;0.02;1.0;0.06;0.02
1.0;0;1.0;0.16;8.0;1.0;0.156;1.0;0.06;3.0;0.29;0.1628;0.62;0.07;4.0;0.2;0.18
0.0;0;1.0;0.14300000000000002;8.0;0.89;0.125;0.2;0.05600000000000001;4.0;0.27;0.1;1.0;0.095;5.0;0.27;0.135
1.0;1;0.3;0.0;0.0;0.0;0.049;0.6;0.0;0.0;0.0;0.0;0.25;0.0;0.0;0.0;0.0
1.0;1;0.9;0.015;2.0;0.09;0.013300000000000001;0.8;0.006;1.0;0.03;0.02;0.75;0.0;0.0;0.0;0.03
1.0;1;0.9;0.045;3.0;0.28;0.11199999999999999;0.6;0.08;2.0;0.38;0.07;0.38;0.06;4.0;0.17;0.0
1.0;0;1.0;0.06;5.0;0.38;0.11199999999999999;1.0;0.056999999999999995;3.0;0.27;0.087;0.88;0.095;5.0;0.27;0.10300000000000001
1.0;1;0.6;0.0575;3.0;0.36;0.11699999999999999;0.8;0.025;3.0;0.12;0.0;0.0;0.01;1.0;0.03;0.033
1.0;0;0.6;0.083;6.0;0.52;0.1024;0.2;0.048;3.0;0.23;0.16579999999999998;0.75;0.0698;5.0;0.2;0.1483
1.0;1;0.7;0.04;3.0;0.25;0.04;0.8;0.055999999999999994;3.0;0.27;0.022000000000000002;0.5;0.052000000000000005;5.0;0.15;0.067
0.0;1;0.3;0.033;2.0;0.21;0.0;0.4;0.0;0.0;0.0;0.0;0.25;0.05;3.0;0.14;0.0
0.0;1;0.3;0.0;0.0;0.0;0.0;0.6;0.0;0.0;0.0;0.0;0.38;0.0;0.0;0.0;0.0
1.0;0;1.0;0.13;8.0;0.81;0.11699999999999999;1.0;0.055999999999999994;3.0;0.27;0.11;0.75;0.078;4.0;0.22;0.09
1.0;0;1.0;0.15600000000000003;8.0;0.98;0.147;1.0;0.057;3.0;0.27;0.163;0.88;0.13;6.0;0.37;0.127
1.0;0;1.0;0.11699999999999999;6.0;0.73;0.13699999999999998;1.0;0.059000000000000004;3.0;0.28;0.19399999999999998;0.75;0.08;4.0;0.23;0.11900000000000001
0.0;0;0.7;0.13;8.0;0.81;0.09050000000000001;0.8;0.08;4.0;0.38;0.11109999999999999;0.75;0.0874;6.0;0.25;0.1396
1.0;1;0.4;0.0;0.0;0.0;0.0;0.0;0.0;0.0;0.0;0.0;0.0;0.0;0.0;0.0;0.0
1.0;1;0.8;0.07;5.0;0.44;0.073;0.4;0.0;0.0;0.0;0.0;0.38;0.04;2.0;0.11;0.07
1.0;0;0.9;0.16;8.0;1.0;0.1072;0.8;0.07;4.0;0.33;0.1144;0.62;0.08;4.0;0.23;0.055
0.0;0;0.9;0.09359999999999999;7.0;0.58;0.1618;0.4;0.05;3.0;0.24;0.1617;0.75;0.079;5.0;0.22;0.1061
1.0;0;1.0;0.155;8.0;0.97;0.13;1.0;0.057999999999999996;3.0;0.28;0.2;1.0;0.13;6.0;0.37;0.17300000000000001
1.0;1;0.7;0.04;2.0;0.25;0.075;0.6;0.015;1.0;0.07;0.125;0.5;0.0;0.0;0.0;0.0
1.0;0;1.0;0.15;8.0;0.94;0.0983;1.0;0.14;4.0;0.67;0.1;0.88;0.23829999999999998;7.0;0.67;0.1883
0.0;0;0.8;0.151;8.0;0.94;0.17;0.6;0.054000000000000006;3.0;0.26;0.14400000000000002;0.75;0.073;4.0;0.21;0.09
1.0;1;0.7;0.14800000000000002;8.0;0.92;0.0;0.2;0.0;0.0;0.0;0.124;0.25;0.065;4.0;0.18;0.0
0.0;0;1.0;0.16;8.0;1.0;0.0688;0.8;0.06;3.0;0.29;0.0984;0.75;0.132;6.0;0.37;0.0916
1.0;1;0.9;0.117;7.0;0.73;0.0;0.8;0.048;3.0;0.23;0.07200000000000001;0.75;0.02;1.0;0.06;0.03
1.0;1;0.8;0.018;3.0;0.11;0.03;0.4;0.0;0.0;0.0;0.092;0.5;0.02;1.0;0.06;0.145
0.0;1;1.0;0.076;6.0;0.48;0.087;1.0;0.06;4.0;0.29;0.11;0.75;0.095;6.0;0.27;0.01
0.0;0;1.0;0.128;8.0;0.8;0.07;1.0;0.135;4.0;0.64;0.12;0.75;0.105;6.0;0.3;0.047
0.0;1;1.0;0.04;2.0;0.25;0.132;1.0;0.0;0.0;0.0;0.0;0.5;0.0;0.0;0.0;0.0
1.0;0;0.7;0.16;8.0;1.0;0.2;0.8;0.06;3.0;0.29;0.2;0.62;0.1;5.0;0.28;0.17
1.0;1;1.0;0.013999999999999999;2.0;0.09;0.025;0.8;0.0;0.0;0.0;0.077;1.0;0.03;3.0;0.08;0.02
1.0;1;0.1;0.0;0.0;0.0;0.01;0.0;0.0;0.0;0.0;0.0;0.0;0.0;0.0;0.0;0.0
1.0;0;0.8;0.139;8.0;0.87;0.1101;1.0;0.1;4.0;0.48;0.1164;0.75;0.105;6.0;0.3;0.095
1.0;0;0.8;0.16;8.0;1.0;0.2;1.0;0.06;3.0;0.29;0.2;0.75;0.1;5.0;0.28;0.2
0.0;0;1.0;0.14400000000000002;8.0;0.9;0.147;1.0;0.055;3.0;0.26;0.175;0.75;0.09300000000000001;5.0;0.26;0.12
1.0;0;0.6;0.08;7.0;0.5;0.0917;0.8;0.1;2.0;0.48;0.07;0.38;0.0967;1.0;0.27;0.08
1.0;1;0.8;0.147;8.0;0.92;0.036000000000000004;1.0;0.04;2.0;0.19;0.109;0.75;0.0;0.0;0.0;0.09
1.0;0;1.0;0.14;7.0;0.88;0.0447;1.0;0.06;3.0;0.29;0.1092;0.75;0.1;5.0;0.28;0.0966
1.0;0;1.0;0.145;8.0;0.91;0.2;1.0;0.155;4.0;0.74;0.187;0.75;0.09;5.0;0.25;0.12300000000000001
1.0;1;0.2;0.0;0.0;0.0;0.098;1.0;0.03;2.0;0.14;0.115;0.12;0.0;0.0;0.0;0.0
1.0;1;0.2;0.015;2.0;0.09;0.0;0.0;0.0;0.0;0.0;0.0;0.0;0.0;0.0;0.0;0.0
1.0;0;0.7;0.11;8.0;0.69;0.131;0.4;0.05;3.0;0.24;0.183;0.5;0.03;2.0;0.08;0.12300000000000001
0.0;0;0.4;0.14;7.0;0.88;0.08900000000000001;0.4;0.04;2.0;0.19;0.11;0.38;0.0;0.0;0.0;0.0
0.0;1;0.9;0.059000000000000004;3.0;0.37;0.027000000000000003;0.6;0.005;1.0;0.02;0.06;0.38;0.045;3.0;0.13;0.087
1.0;0;1.0;0.05;5.0;0.31;0.071;1.0;0.1;3.0;0.48;0.12300000000000001;0.75;0.09;5.0;0.25;0.09699999999999999
1.0;0;0.7;0.075;5.0;0.47;0.095;0.2;0.025;2.0;0.12;0.07;0.62;0.07;4.0;0.2;0.14
1.0;0;0.9;0.12;6.0;0.75;0.09699999999999999;0.6;0.04;2.0;0.19;0.14300000000000002;0.62;0.0;0.0;0.0;0.134
0.0;0;0.9;0.106;7.0;0.66;0.11;0.4;0.125;4.0;0.6;0.099;0.75;0.05;4.0;0.14;0.12300000000000001
1.0;0;0.9;0.07;4.0;0.44;0.09720000000000001;1.0;0.1;2.0;0.48;0.0933;0.88;0.1416;6.0;0.4;0.19
0.0;0;1.0;0.15500000000000003;8.0;0.97;0.115;1.0;0.07;4.0;0.33;0.125;1.0;0.083;5.0;0.23;0.09
1.0;0;1.0;0.125;7.0;0.78;0.122;1.0;0.11;4.0;0.52;0.115;0.88;0.205;6.0;0.58;0.062
0.0;0;1.0;0.16;8.0;1.0;0.1167;0.8;0.06;3.0;0.29;0.07;0.75;0.1;5.0;0.28;0.03
1.0;0;1.0;0.125;7.0;0.78;0.147;1.0;0.075;4.0;0.36;0.166;0.62;0.06;4.0;0.17;0.16699999999999998
0.0;0;0.9;0.16;8.0;1.0;0.0916;0.8;0.06;3.0;0.29;0.1567;0.88;0.1;5.0;0.28;0.1067
0.0;1;0.5;0.0;0.0;0.0;0.0;0.4;0.0;0.0;0.0;0.0167;0.12;0.0;0.0;0.0;0.0
0.0;0;0.8;0.076;5.0;0.48;0.096;0.6;0.03;2.0;0.14;0.098;0.88;0.075;5.0;0.21;0.08
1.0;0;0.6;0.14;7.0;0.88;0.14800000000000002;0.0;0.04;2.0;0.19;0.0;0.0;0.0;0.0;0.0;0.069
1.0;0;1.0;0.06;3.0;0.38;0.08779999999999999;1.0;0.1;2.0;0.48;0.08;1.0;0.2;6.0;0.57;0.1516
0.0;0;1.0;0.14;7.0;0.88;0.068;1.0;0.04;2.0;0.19;0.121;0.88;0.0;0.0;0.0;0.07
0.0;1;1.0;0.13799999999999998;8.0;0.86;0.03;0.8;0.059000000000000004;4.0;0.28;0.09;0.75;0.075;5.0;0.21;0.06
0.0;1;1.0;0.10200000000000001;7.0;0.64;0.01;0.8;0.006;1.0;0.03;0.065;0.62;0.055999999999999994;3.0;0.16;0.025
1.0;0;0.9;0.16;8.0;1.0;0.06;0.8;0.06;3.0;0.29;0.1067;1.0;0.1;5.0;0.28;0.0833
1.0;0;0.9;0.16;8.0;1.0;0.128;0.8;0.04;2.0;0.19;0.16699999999999998;0.88;0.0;0.0;0.0;0.07400000000000001
0.0;0;1.0;0.16;8.0;1.0;0.0667;1.0;0.06;3.0;0.29;0.0862;0.88;0.1;5.0;0.28;0.16829999999999998
1.0;0;0.4;0.14;7.0;0.88;0.069;0.6;0.04;2.0;0.19;0.14800000000000002;0.75;0.0;0.0;0.0;0.16399999999999998
0.0;0;1.0;0.16;8.0;1.0;0.0967;0.8;0.06;3.0;0.29;0.1233;0.62;0.08;4.0;0.23;0.04
1.0;0;0.8;0.16;8.0;1.0;0.154;0.8;0.04;2.0;0.19;0.145;0.25;0.0;0.0;0.0;0.07400000000000001
0.0;0;0.9;0.114;8.0;0.71;0.098;0.6;0.035;4.0;0.17;0.087;0.5;0.16;6.0;0.45;0.045
0.0;0;0.7;0.1;6.0;0.62;0.15;0.2;0.06;3.0;0.29;0.15;0.25;0.076;4.0;0.22;0.15
1.0;0;1.0;0.16;8.0;1.0;0.177;1.0;0.04;2.0;0.19;0.174;0.75;0.0;0.0;0.0;0.1
0.0;1;0.8;0.01;1.0;0.06;0.0866;0.2;0.0;0.0;0.0;0.0233;0.75;0.0;0.0;0.0;0.03
0.0;1;0.6;0.047;3.0;0.29;0.044000000000000004;0.8;0.06;4.0;0.29;0.05;0.75;0.05;3.0;0.14;0.05
0.0;0;1.0;0.16;8.0;1.0;0.121;0.6;0.04;2.0;0.19;0.192;0.88;0.0;0.0;0.0;0.1
0.0;0;0.9;0.16;8.0;1.0;0.105;0.8;0.06;3.0;0.29;0.09;0.88;0.1;5.0;0.28;0.0765
1.0;0;0.9;0.15;8.0;0.94;0.19;0.8;0.11;2.0;0.52;0.15;0.75;0.07;3.0;0.2;0.13
1.0;0;1.0;0.16;8.0;1.0;0.07;0.8;0.1417;4.0;0.67;0.06;0.38;0.1122;4.0;0.32;0.0
0.0;0;0.7;0.10360000000000001;8.0;0.65;0.0416;0.6;0.077;4.0;0.37;0.1233;0.62;0.083;5.0;0.23;0.1013
0.0;0;0.9;0.08;5.0;0.5;0.1;0.8;0.06;3.0;0.29;0.15;0.75;0.096;5.0;0.27;0.11
1.0;0;0.7;0.07;4.0;0.44;0.1105;0.8;0.05;3.0;0.24;0.16010000000000002;0.62;0.08;4.0;0.23;0.1632
1.0;0;1.0;0.16;8.0;1.0;0.15;1.0;0.08;3.0;0.38;0.18899999999999997;0.88;0.0;0.0;0.0;0.2
1.0;0;1.0;0.14700000000000002;8.0;0.92;0.115;1.0;0.069;4.0;0.33;0.163;0.75;0.1;5.0;0.28;0.122
1.0;0;0.9;0.07;4.0;0.44;0.0983;0.8;0.1;2.0;0.48;0.09;0.75;0.075;2.0;0.21;0.1867
1.0;1;0.8;0.0;0.0;0.0;0.0;0.0;0.0;0.0;0.0;0.0;0.25;0.0;0.0;0.0;0.0
1.0;0;0.7;0.14;7.0;0.88;0.139;0.2;0.06;3.0;0.29;0.16899999999999998;0.38;0.0;0.0;0.0;0.1133
1.0;0;0.9;0.16;8.0;1.0;0.17300000000000001;0.8;0.06;3.0;0.29;0.195;0.75;0.0;0.0;0.0;0.0833
0.0;0;0.9;0.075;5.0;0.47;0.122;0.8;0.02;1.0;0.1;0.12;0.5;0.01;1.0;0.03;0.12
0.0;0;0.4;0.16;8.0;1.0;0.18100000000000002;1.0;0.06;3.0;0.29;0.2;0.88;0.0;0.0;0.0;0.09
1.0;0;0.9;0.11320000000000001;7.0;0.71;0.09880000000000001;0.8;0.067;4.0;0.32;0.0812;0.75;0.079;5.0;0.22;0.1566
1.0;0;0.8;0.09;6.0;0.56;0.07;0.6;0.13;4.0;0.62;0.15;0.62;0.1;3.0;0.28;0.07
1.0;0;0.2;0.15;8.0;0.94;0.0418;0.6;0.06;3.0;0.29;0.13699999999999998;0.62;0.1;5.0;0.28;0.0583
1.0;0;0.9;0.155;8.0;0.97;0.124;0.8;0.06;3.0;0.29;0.184;0.75;0.0;0.0;0.0;0.085
1.0;0;0.7;0.14;8.0;0.88;0.14;0.6;0.09;4.0;0.43;0.17;0.5;0.07200000000000001;4.0;0.2;0.065
1.0;1;0.7;0.14;7.0;0.88;0.0916;0.8;0.04;2.0;0.19;0.0449;0.38;0.0;0.0;0.0;0.0
0.0;0;0.5;0.08;5.0;0.5;0.1308;0.2;0.02;1.0;0.1;0.0;0.25;0.1483;5.0;0.42;0.1234
0.0;1;0.8;0.109;8.0;0.68;0.0536;0.6;0.018000000000000002;2.0;0.09;0.1067;0.75;0.04;2.0;0.11;0.0683
0.0;0;0.9;0.12;7.0;0.75;0.13;0.4;0.09;3.0;0.43;0.16;0.5;0.1;5.0;0.28;0.09
1.0;0;0.9;0.16;8.0;1.0;0.086;0.8;0.06;3.0;0.29;0.0867;0.88;0.1;5.0;0.28;0.0866
1.0;0;0.8;0.13;8.0;0.81;0.15;0.6;0.05;2.0;0.24;0.115;0.62;0.085;5.0;0.24;0.19
1.0;0;0.9;0.14;7.0;0.88;0.06;0.8;0.06;3.0;0.29;0.16670000000000001;0.75;0.0;0.0;0.0;0.132
0.0;1;0.1;0.0212;2.0;0.13;0.0;0.0;0.0;0.0;0.0;0.0;0.25;0.009000000000000001;1.0;0.03;0.0
0.0;0;1.0;0.149;8.0;0.93;0.095;1.0;0.07600000000000001;4.0;0.36;0.095;1.0;0.10400000000000001;6.0;0.29;0.06
0.0;0;0.9;0.1;5.0;0.62;0.139;0.8;0.06;3.0;0.29;0.172;0.5;0.0;0.0;0.0;0.1
1.0;0;0.9;0.14;7.0;0.88;0.162;0.8;0.06;3.0;0.29;0.2;0.88;0.0;0.0;0.0;0.2
1.0;0;1.0;0.13899999999999998;8.0;0.87;0.105;0.8;0.063;4.0;0.3;0.095;1.0;0.099;6.0;0.28;0.135
1.0;0;0.9;0.095;6.0;0.59;0.1;1.0;0.1475;4.0;0.7;0.1;0.88;0.2;6.0;0.57;0.2
1.0;0;0.7;0.06;4.0;0.38;0.1377;0.2;0.04;3.0;0.19;0.15410000000000001;0.62;0.09;5.0;0.25;0.1549
1.0;1;0.7;0.06;3.0;0.38;0.0;0.2;0.0;0.0;0.0;0.0;0.25;0.0;0.0;0.0;0.0
0.0;0;0.9;0.1333;8.0;0.83;0.09539999999999998;0.4;0.08900000000000001;4.0;0.42;0.09939999999999999;0.5;0.1;5.0;0.28;0.1563
1.0;1;0.7;0.06;4.0;0.38;0.05;0.8;0.06;3.0;0.29;0.0783;0.75;0.11;5.0;0.31;0.1133
1.0;0;0.7;0.14;7.0;0.88;0.10099999999999999;0.2;0.02;1.0;0.1;0.166;0.62;0.0;0.0;0.0;0.08
0.0;0;1.0;0.07;5.0;0.44;0.0783;0.4;0.04;2.0;0.19;0.1293;0.75;0.1258;4.0;0.36;0.0866
0.0;0;1.0;0.1;7.0;0.62;0.1267;1.0;0.06;3.0;0.29;0.1433;0.75;0.07;4.0;0.2;0.1366
1.0;0;0.8;0.1475;8.0;0.92;0.0653;1.0;0.06;3.0;0.29;0.0867;1.0;0.1;5.0;0.28;0.0667
1.0;0;1.0;0.12;6.0;0.75;0.111;1.0;0.02;1.0;0.1;0.16399999999999998;0.88;0.0;0.0;0.0;0.084
1.0;1;0.2;0.0;0.0;0.0;0.0;0.0;0.0;0.0;0.0;0.0;0.0;0.0;0.0;0.0;0.0
1.0;1;0.0;0.0;0.0;0.0;0.0;0.2;0.0;0.0;0.0;0.0;0.0;0.0;0.0;0.0;0.0
1.0;0;1.0;0.16;8.0;1.0;0.136;1.0;0.06;3.0;0.29;0.16899999999999998;1.0;0.0;0.0;0.0;0.16
1.0;0;0.9;0.155;8.0;0.97;0.122;0.8;0.06;3.0;0.29;0.163;0.75;0.0;0.0;0.0;0.14
0.0;0;0.8;0.07;4.0;0.44;0.0611;0.8;0.09;2.0;0.43;0.0;0.5;0.02;1.0;0.06;0.1582
0.0;0;1.0;0.14;7.0;0.88;0.075;1.0;0.06;3.0;0.29;0.13;0.75;0.0;0.0;0.0;0.08900000000000001
1.0;0;0.9;0.16;8.0;1.0;0.09230000000000001;0.6;0.06;3.0;0.29;0.07;0.62;0.1;5.0;0.28;0.0966
1.0;0;0.9;0.14300000000000002;8.0;0.89;0.17809999999999998;0.4;0.07;4.0;0.33;0.1967;0.38;0.1;5.0;0.28;0.19
0.0;1;0.6;0.03;2.0;0.19;0.059000000000000004;0.2;0.05;3.0;0.24;0.1003;0.12;0.03;2.0;0.08;0.0
0.0;0;0.9;0.16;8.0;1.0;0.1377;0.8;0.06;3.0;0.29;0.0917;0.5;0.1;5.0;0.28;0.12990000000000002
1.0;0;1.0;0.16;8.0;1.0;0.0895;1.0;0.06;3.0;0.29;0.10550000000000001;0.75;0.1;5.0;0.28;0.1316
1.0;1;0.3;0.015;1.0;0.09;0.0;0.0;0.0;0.0;0.0;0.0;0.0;0.0;0.0;0.0;0.0
1.0;1;0.6;0.04;2.0;0.25;0.0;0.6;0.0;0.0;0.0;0.0;0.38;0.02;1.0;0.06;0.1199
0.0;0;1.0;0.16;8.0;1.0;0.0984;1.0;0.06;3.0;0.29;0.1467;0.75;0.1;5.0;0.28;0.1066
0.0;1;1.0;0.098;7.0;0.61;0.065;1.0;0.01;1.0;0.05;0.061;1.0;0.04;3.0;0.11;0.067
1.0;0;0.9;0.141;8.0;0.88;0.161;1.0;0.18899999999999997;4.0;0.9;0.109;1.0;0.12;6.0;0.34;0.087
1.0;0;1.0;0.09;6.0;0.56;0.154;0.6;0.13;4.0;0.62;0.17600000000000002;1.0;0.075;4.0;0.21;0.157
1.0;1;0.5;0.06;4.0;0.38;0.0814;0.6;0.04;2.0;0.19;0.0;0.38;0.04;2.0;0.11;0.11
1.0;1;0.8;0.05;3.0;0.31;0.0;1.0;0.03;2.0;0.14;0.08;0.62;0.04;2.0;0.11;0.0984
1.0;0;1.0;0.14400000000000002;8.0;0.9;0.135;0.8;0.059;4.0;0.28;0.135;0.88;0.055;3.0;0.16;0.14
1.0;0;0.6;0.16;8.0;1.0;0.1338;0.8;0.06;3.0;0.29;0.1483;0.38;0.1;5.0;0.28;0.1333
1.0;0;1.0;0.15;8.0;0.94;0.08789999999999999;1.0;0.06;3.0;0.29;0.08800000000000001;0.88;0.1;5.0;0.28;0.015
1.0;0;1.0;0.16;8.0;1.0;0.1222;1.0;0.07;4.0;0.33;0.12960000000000002;0.75;0.1;5.0;0.28;0.0766
1.0;0;0.9;0.16;8.0;1.0;0.0383;0.8;0.06;3.0;0.29;0.0867;0.62;0.1;5.0;0.28;0.0733
0.0;0;1.0;0.145;8.0;0.91;0.11800000000000001;0.8;0.09;2.0;0.43;0.132;0.62;0.065;5.0;0.18;0.163
1.0;1;0.8;0.0;0.0;0.0;0.08789999999999999;1.0;0.0;0.0;0.0;0.1033;1.0;0.0;0.0;0.0;0.1366
1.0;0;0.8;0.05;3.0;0.31;0.0554;0.6;0.11;2.0;0.52;0.1;0.75;0.1183;2.0;0.33;0.1783
0.0;0;0.3;0.12100000000000001;7.0;0.76;0.12789999999999999;0.2;0.078;4.0;0.37;0.157;0.38;0.0848;6.0;0.24;0.1419
0.0;0;0.9;0.096;7.0;0.6;0.128;0.8;0.065;4.0;0.31;0.1;0.75;0.055;3.0;0.16;0.063
0.0;0;1.0;0.12;8.0;0.75;0.10880000000000001;1.0;0.04;2.0;0.19;0.1066;0.62;0.06;4.0;0.17;0.1366
1.0;0;0.5;0.02;1.0;0.12;0.0983;0.2;0.1;2.0;0.48;0.1;0.38;0.08;1.0;0.23;0.1466
0.0;0;0.9;0.10300000000000001;6.0;0.64;0.14;0.8;0.14;4.0;0.67;0.12;0.75;0.06;4.0;0.17;0.17300000000000001
1.0;0;0.6;0.01;1.0;0.06;0.1867;1.0;0.04;2.0;0.19;0.19829999999999998;0.5;0.0;0.0;0.0;0.18
1.0;0;0.9;0.11;7.0;0.69;0.075;0.8;0.06;3.0;0.29;0.139;0.88;0.1;6.0;0.28;0.04
1.0;0;0.9;0.0742;7.0;0.46;0.0708;0.4;0.069;4.0;0.33;0.0699;0.75;0.09700000000000002;6.0;0.27;0.07
0.0;1;0.0;0.0;0.0;0.0;0.0;0.0;0.0;0.0;0.0;0.0;0.0;0.0;0.0;0.0;0.0
1.0;1;0.6;0.0;0.0;0.0;0.0;0.6;0.0;0.0;0.0;0.0;0.25;0.0;0.0;0.0;0.0
1.0;0;0.8;0.09720000000000001;7.0;0.61;0.1338;1.0;0.08900000000000001;4.0;0.42;0.1495;1.0;0.11;6.0;0.31;0.1566
1.0;1;0.0;0.0;0.0;0.0;0.0;0.0;0.0;0.0;0.0;0.0;0.62;0.0;0.0;0.0;0.0
0.0;0;1.0;0.07;4.0;0.44;0.0805;0.8;0.085;2.0;0.4;0.1;0.38;0.11;2.0;0.31;0.195
0.0;0;1.0;0.111;8.0;0.69;0.03;0.6;0.059000000000000004;3.0;0.28;0.06280000000000001;0.75;0.1;5.0;0.28;0.1
1.0;0;0.8;0.135;8.0;0.84;0.1388;0.6;0.06;3.0;0.29;0.107;0.38;0.1;5.0;0.28;0.095
1.0;0;1.0;0.149;8.0;0.93;0.14550000000000002;1.0;0.07;4.0;0.33;0.11;0.88;0.09699999999999999;5.0;0.27;0.05
1.0;0;1.0;0.12300000000000001;8.0;0.77;0.1555;1.0;0.07;4.0;0.33;0.1561;0.88;0.0768;5.0;0.22;0.1482
1.0;0;1.0;0.137;8.0;0.86;0.1844;0.6;0.08;4.0;0.38;0.1867;0.88;0.099;5.0;0.28;0.1332
1.0;0;1.0;0.10980000000000001;8.0;0.69;0.10490000000000001;1.0;0.076;4.0;0.36;0.0817;0.88;0.091;5.0;0.26;0.0317
0.0;0;0.7;0.06;6.0;0.38;0.08410000000000001;0.2;0.02;1.0;0.1;0.1216;0.75;0.161;5.0;0.46;0.1233
1.0;1;0.0;0.0;0.0;0.0;0.0;0.0;0.0;0.0;0.0;0.0;0.0;0.0;0.0;0.0;0.03
1.0;1;0.8;0.14;7.0;0.88;0.0416;0.2;0.06;3.0;0.29;0.07;0.38;0.06;3.0;0.17;0.0
0.0;0;1.0;0.154;8.0;0.96;0.1341;1.0;0.09;4.0;0.43;0.132;1.0;0.11;6.0;0.31;0.18
1.0;1;0.5;0.047;3.0;0.29;0.0;0.8;0.008;1.0;0.04;0.067;0.62;0.04;3.0;0.11;0.0
1.0;0;0.5;0.09699999999999999;6.0;0.61;0.1;0.4;0.042;3.0;0.2;0.142;0.38;0.03;2.0;0.08;0.0
1.0;1;0.6;0.01;1.0;0.06;0.037000000000000005;0.4;0.0;0.0;0.0;0.069;0.12;0.07;5.0;0.2;0.0
1.0;1;0.0;0.0;0.0;0.0;0.0;0.0;0.0;0.0;0.0;0.0;0.0;0.0;0.0;0.0;0.0
1.0;1;0.8;0.06;3.0;0.38;0.0366;0.2;0.02;1.0;0.1;0.0333;0.25;0.1;5.0;0.28;0.0
1.0;0;1.0;0.06;3.0;0.38;0.0983;1.0;0.096;2.0;0.46;0.08;0.75;0.11449999999999999;2.0;0.32;0.18
1.0;0;1.0;0.1545;8.0;0.97;0.0707;1.0;0.06;3.0;0.29;0.0839;1.0;0.1;5.0;0.28;0.0933
0.0;0;1.0;0.15100000000000002;8.0;0.94;0.1;1.0;0.07;4.0;0.33;0.13;1.0;0.077;4.0;0.22;0.085
1.0;0;0.7;0.16;8.0;1.0;0.1617;0.2;0.07;4.0;0.33;0.1338;0.38;0.1;5.0;0.28;0.0533
0.0;0;0.9;0.157;8.0;0.98;0.14;0.8;0.057;3.0;0.27;0.14;0.75;0.1;5.0;0.28;0.16
1.0;0;1.0;0.16;8.0;1.0;0.168;1.0;0.059000000000000004;3.0;0.28;0.2;1.0;0.099;5.0;0.28;0.147
1.0;1;0.1;0.018000000000000002;1.0;0.11;0.0;0.4;0.0;0.0;0.0;0.04;0.25;0.0;0.0;0.0;0.0
1.0;0;1.0;0.1012;8.0;0.63;0.0928;1.0;0.07;4.0;0.33;0.09720000000000001;0.75;0.08900000000000001;5.0;0.25;0.1533
1.0;1;0.8;0.115;6.0;0.72;0.1104;0.8;0.025;2.0;0.12;0.0;0.5;0.0;0.0;0.0;0.01
1.0;0;0.4;0.16;8.0;1.0;0.1024;0.0;0.06;3.0;0.29;0.095;0.38;0.1;5.0;0.28;0.0499
0.0;0;0.9;0.145;8.0;0.91;0.14880000000000002;0.8;0.05;3.0;0.24;0.0875;0.75;0.075;4.0;0.21;0.0833
1.0;1;0.7;0.02;1.0;0.12;0.0546;0.4;0.0;0.0;0.0;0.0755;0.62;0.0;0.0;0.0;0.06
0.0;0;1.0;0.14800000000000002;8.0;0.92;0.0724;1.0;0.05;3.0;0.24;0.11789999999999999;1.0;0.09699999999999999;5.0;0.27;0.0733
1.0;0;1.0;0.158;8.0;0.99;0.06;1.0;0.035;3.0;0.17;0.0545;1.0;0.095;5.0;0.27;0.0317
1.0;0;0.9;0.16;8.0;1.0;0.182;0.8;0.055999999999999994;3.0;0.27;0.188;0.75;0.08;5.0;0.23;0.19699999999999998
1.0;0;0.9;0.142;8.0;0.89;0.12;0.8;0.057999999999999996;3.0;0.28;0.158;0.5;0.08;5.0;0.23;0.14300000000000002
0.0;0;0.9;0.1595;8.0;1.0;0.10460000000000001;0.8;0.059000000000000004;3.0;0.28;0.1278;0.75;0.1;5.0;0.28;0.0433
1.0;1;0.5;0.0;0.0;0.0;0.0025;0.4;0.0;0.0;0.0;0.028300000000000002;0.5;0.0;0.0;0.0;0.045
1.0;0;0.4;0.13;7.0;0.81;0.1371;0.6;0.06;3.0;0.29;0.09119999999999999;0.5;0.1;5.0;0.28;0.0449
1.0;1;0.6;0.015;1.0;0.09;0.038;0.8;0.0;0.0;0.0;0.0;0.0;0.0;0.0;0.0;0.037000000000000005
1.0;0;0.9;0.09700000000000002;7.0;0.61;0.09359999999999999;0.8;0.068;4.0;0.32;0.1558;0.5;0.07640000000000001;5.0;0.22;0.12990000000000002
1.0;1;1.0;0.10400000000000001;6.0;0.65;0.124;0.6;0.02;2.0;0.1;0.062;0.75;0.02;2.0;0.06;0.12
0.0;1;0.9;0.09;7.0;0.56;0.043;1.0;0.045;2.0;0.21;0.0;0.25;0.07;5.0;0.2;0.09699999999999999
1.0;0;0.8;0.145;8.0;0.91;0.0768;0.6;0.06;3.0;0.29;0.0667;1.0;0.098;5.0;0.28;0.065
1.0;0;0.5;0.15;8.0;0.94;0.1;0.8;0.06;3.0;0.29;0.0933;0.5;0.1;5.0;0.28;0.029900000000000003
0.0;0;1.0;0.136;8.0;0.85;0.075;1.0;0.15;4.0;0.71;0.09300000000000001;0.88;0.1;6.0;0.28;0.0
0.0;0;1.0;0.149;8.0;0.93;0.10830000000000001;0.8;0.079;4.0;0.38;0.1528;0.88;0.095;5.0;0.27;0.12
0.0;0;0.9;0.148;8.0;0.92;0.11199999999999999;0.8;0.053;3.0;0.25;0.147;0.75;0.035;2.0;0.1;0.11
1.0;0;0.7;0.16;8.0;1.0;0.1495;0.6;0.06;3.0;0.29;0.1303;0.5;0.1;5.0;0.28;0.09
0.0;0;0.9;0.127;7.0;0.79;0.091;0.8;0.028999999999999998;3.0;0.14;0.153;0.75;0.05;4.0;0.14;0.078
0.0;0;0.9;0.105;7.0;0.66;0.073;1.0;0.13;4.0;0.62;0.09300000000000001;0.88;0.11;6.0;0.31;0.047
0.0;0;0.9;0.139;8.0;0.87;0.055999999999999994;0.8;0.08;4.0;0.38;0.1215;0.62;0.1;6.0;0.28;0.1033
0.0;0;1.0;0.153;8.0;0.96;0.0767;1.0;0.065;4.0;0.31;0.1612;0.75;0.098;5.0;0.28;0.0633
0.0;1;0.9;0.132;8.0;0.82;0.005;0.8;0.045;3.0;0.21;0.041100000000000005;0.75;0.09;5.0;0.25;0.04
1.0;0;0.5;0.16;8.0;1.0;0.1216;0.2;0.06;3.0;0.29;0.095;0.5;0.08;4.0;0.23;0.1
1.0;1;0.2;0.0;0.0;0.0;0.0;0.0;0.0;0.0;0.0;0.0;0.0;0.0;0.0;0.0;0.0
1.0;0;0.9;0.16;8.0;1.0;0.09269999999999999;1.0;0.06;3.0;0.29;0.08779999999999999;0.88;0.1;5.0;0.28;0.1433
1.0;1;0.3;0.0;0.0;0.0;0.0;0.2;0.0;0.0;0.0;0.0;0.25;0.0;0.0;0.0;0.0
1.0;1;0.0;0.0;0.0;0.0;0.0;0.0;0.0;0.0;0.0;0.0;0.0;0.0;0.0;0.0;0.0
0.0;1;0.8;0.135;8.0;0.84;0.0;0.4;0.0;0.0;0.0;0.14;0.0;0.0;0.0;0.0;0.0
1.0;0;0.5;0.09;5.0;0.56;0.076;0.8;0.027999999999999997;3.0;0.13;0.138;0.5;0.02;3.0;0.06;0.11800000000000001
0.0;1;0.6;0.015;1.0;0.09;0.083;0.4;0.045;2.0;0.21;0.115;0.5;0.0;0.0;0.0;0.027000000000000003
1.0;0;0.4;0.16;8.0;1.0;0.0733;0.2;0.06;3.0;0.29;0.08109999999999999;0.0;0.1;5.0;0.28;0.1
0.0;0;1.0;0.11199999999999999;7.0;0.7;0.09230000000000001;1.0;0.069;4.0;0.33;0.13949999999999999;1.0;0.094;5.0;0.27;0.1266
1.0;1;0.8;0.02;1.0;0.12;0.027000000000000003;0.2;0.0;0.0;0.0;0.0;0.0;0.0;0.0;0.0;0.0
1.0;0;0.8;0.13;8.0;0.81;0.085;1.0;0.059000000000000004;4.0;0.28;0.115;0.75;0.099;6.0;0.28;0.16
1.0;1;0.7;0.045;4.0;0.28;0.057;1.0;0.0;0.0;0.0;0.077;0.88;0.025;1.0;0.07;0.06
1.0;0;1.0;0.16;8.0;1.0;0.1716;1.0;0.06;3.0;0.29;0.1555;1.0;0.1;5.0;0.28;0.1566
0.0;0;1.0;0.1515;8.0;0.95;0.0725;0.8;0.06;3.0;0.29;0.0932;0.62;0.1;5.0;0.28;0.07
1.0;0;1.0;0.14400000000000002;8.0;0.9;0.09;1.0;0.06199999999999999;4.0;0.3;0.135;1.0;0.04;3.0;0.11;0.1
1.0;1;0.1;0.085;6.0;0.53;0.03;0.4;0.057999999999999996;3.0;0.28;0.0;0.25;0.057999999999999996;3.0;0.16;0.09
1.0;1;0.0;0.0;0.0;0.0;0.027000000000000003;0.2;0.0;0.0;0.0;0.013300000000000001;0.62;0.0;0.0;0.0;0.01
0.0;0;0.7;0.115;7.0;0.72;0.107;0.8;0.045;2.0;0.21;0.105;0.5;0.075;5.0;0.21;0.065
0.0;0;0.6;0.135;8.0;0.84;0.154;1.0;0.095;4.0;0.45;0.155;0.75;0.075;5.0;0.21;0.107
1.0;0;1.0;0.1595;8.0;1.0;0.1638;1.0;0.057999999999999996;3.0;0.28;0.1412;0.88;0.098;5.0;0.28;0.1
1.0;0;0.8;0.135;7.0;0.84;0.0933;0.8;0.06;3.0;0.29;0.145;0.62;0.1;5.0;0.28;0.10830000000000001
0.0;0;0.9;0.138;8.0;0.86;0.138;0.8;0.065;2.0;0.31;0.11699999999999999;0.88;0.05;3.0;0.14;0.157
1.0;0;1.0;0.11;6.0;0.69;0.0864;1.0;0.06;3.0;0.29;0.0955;0.75;0.1;5.0;0.28;0.1226
1.0;0;1.0;0.09;5.0;0.56;0.07440000000000001;1.0;0.12;4.0;0.57;0.1;1.0;0.1493;5.0;0.42;0.0932
0.0;0;1.0;0.105;7.0;0.66;0.08199999999999999;1.0;0.08;4.0;0.38;0.12;0.88;0.065;4.0;0.18;0.05
0.0;0;0.9;0.155;8.0;0.97;0.17300000000000001;1.0;0.105;4.0;0.5;0.151;0.75;0.1;5.0;0.28;0.17
1.0;1;0.0;0.0;0.0;0.0;0.0;0.4;0.04;2.0;0.19;0.11;0.38;0.037000000000000005;2.0;0.1;0.085
1.0;0;1.0;0.135;7.0;0.84;0.161;1.0;0.07;4.0;0.33;0.183;0.62;0.06;4.0;0.17;0.12300000000000001
1.0;0;1.0;0.14;7.0;0.88;0.18600000000000003;1.0;0.17;4.0;0.81;0.19;0.88;0.07;4.0;0.2;0.12300000000000001
1.0;0;0.8;0.09;6.0;0.56;0.0666;1.0;0.12;4.0;0.57;0.0533;1.0;0.06390000000000001;4.0;0.18;0.0888
1.0;0;0.9;0.159;8.0;0.99;0.1121;0.8;0.06;3.0;0.29;0.1466;0.75;0.1;5.0;0.28;0.0799
0.0;0;1.0;0.109;7.0;0.68;0.0617;1.0;0.037000000000000005;3.0;0.18;0.1636;0.75;0.045;3.0;0.13;0.1383
1.0;0;1.0;0.07;4.0;0.44;0.1;1.0;0.12;4.0;0.57;0.1;1.0;0.2;6.0;0.57;0.18
1.0;1;0.8;0.035;2.0;0.22;0.08800000000000001;0.8;0.01;1.0;0.05;0.122;0.75;0.075;5.0;0.21;0.067
1.0;0;1.0;0.06;3.0;0.38;0.0928;1.0;0.1;2.0;0.48;0.1;1.0;0.1096;2.0;0.31;0.19329999999999997
0.0;0;0.9;0.12;6.0;0.75;0.1672;0.8;0.06;3.0;0.29;0.1616;0.75;0.1;5.0;0.28;0.16329999999999997
0.0;0;1.0;0.16;8.0;1.0;0.1788;1.0;0.06;3.0;0.29;0.183;0.88;0.1;5.0;0.28;0.1766
0.0;0;0.9;0.14;7.0;0.88;0.1363;0.4;0.065;4.0;0.31;0.1313;0.75;0.1;5.0;0.28;0.1499
1.0;0;1.0;0.138;8.0;0.86;0.092;1.0;0.085;1.0;0.4;0.113;1.0;0.08;4.0;0.23;0.09699999999999999
0.0;1;1.0;0.12349999999999998;8.0;0.77;0.07429999999999999;1.0;0.037000000000000005;3.0;0.18;0.0599;0.88;0.054000000000000006;3.0;0.15;0.0467
0.0;0;0.9;0.06;4.0;0.38;0.08;0.6;0.06;3.0;0.29;0.135;0.38;0.01;1.0;0.03;0.157
1.0;0;0.7;0.06;3.0;0.38;0.1;0.8;0.11;2.0;0.52;0.1;0.75;0.1183;2.0;0.33;0.19
0.0;0;0.9;0.045;3.0;0.28;0.128;0.8;0.03;3.0;0.14;0.027000000000000003;0.75;0.06;4.0;0.17;0.132
0.0;1;0.9;0.13849999999999998;8.0;0.87;0.0067;0.8;0.046;3.0;0.22;0.11320000000000001;0.75;0.047;3.0;0.13;0.02
1.0;0;1.0;0.16;8.0;1.0;0.1598;1.0;0.06;3.0;0.29;0.1375;1.0;0.1;5.0;0.28;0.1199
1.0;0;0.7;0.02;1.0;0.12;0.0726;0.8;0.0975;2.0;0.46;0.1;0.62;0.09449999999999999;1.0;0.27;0.17
0.0;0;0.8;0.114;6.0;0.71;0.154;0.8;0.057999999999999996;3.0;0.28;0.17300000000000001;0.5;0.02;1.0;0.06;0.10300000000000001
1.0;0;0.8;0.102;6.0;0.64;0.1032;0.8;0.057999999999999996;3.0;0.28;0.1432;0.38;0.0;0.0;0.0;0.14
0.0;0;1.0;0.12;6.0;0.75;0.15710000000000002;0.6;0.02;1.0;0.1;0.1838;1.0;0.1;5.0;0.28;0.19
1.0;1;0.0;0.0;0.0;0.0;0.0;0.0;0.0;0.0;0.0;0.0;0.0;0.0;0.0;0.0;0.0
1.0;1;0.7;0.083;5.0;0.52;0.039;0.8;0.027999999999999997;3.0;0.13;0.03;0.62;0.065;4.0;0.18;0.0
1.0;1;0.0;0.0;0.0;0.0;0.0;0.0;0.0;0.0;0.0;0.0;0.0;0.0;0.0;0.0;0.0
1.0;0;0.7;0.125;7.0;0.78;0.14300000000000002;0.4;0.026000000000000002;3.0;0.12;0.145;0.5;0.03;3.0;0.08;0.102
1.0;0;1.0;0.1;6.0;0.62;0.11599999999999999;1.0;0.026000000000000002;3.0;0.12;0.14800000000000002;0.62;0.07;4.0;0.2;0.0
0.0;0;0.9;0.107;8.0;0.67;0.1265;0.8;0.055;3.0;0.26;0.1305;0.75;0.09;5.0;0.25;0.16
0.0;0;1.0;0.11800000000000001;7.0;0.74;0.127;1.0;0.125;4.0;0.6;0.12;1.0;0.095;6.0;0.27;0.19
1.0;0;0.9;0.1525;8.0;0.95;0.136;0.2;0.01;1.0;0.05;0.13699999999999998;0.62;0.01;1.0;0.03;0.09300000000000001
1.0;0;0.8;0.15;8.0;0.94;0.16329999999999997;1.0;0.06;3.0;0.29;0.1705;0.88;0.1;5.0;0.28;0.2
1.0;0;0.9;0.08;4.0;0.5;0.11;0.4;0.0;0.0;0.0;0.1332;0.75;0.1;5.0;0.28;0.1417
1.0;1;0.5;0.01;1.0;0.06;0.045;0.8;0.04;3.0;0.19;0.057999999999999996;0.88;0.075;5.0;0.21;0.09300000000000001
0.0;0;1.0;0.1475;8.0;0.92;0.1131;1.0;0.057999999999999996;3.0;0.28;0.1343;0.75;0.1;5.0;0.28;0.0833
1.0;0;0.5;0.06;3.0;0.38;0.1531;0.4;0.02;1.0;0.1;0.1653;0.5;0.05;3.0;0.14;0.1746
1.0;0;1.0;0.155;8.0;0.97;0.026699999999999998;1.0;0.053;3.0;0.25;0.0678;1.0;0.095;5.0;0.27;0.035
1.0;0;1.0;0.13;7.0;0.81;0.147;1.0;0.059000000000000004;3.0;0.28;0.14;1.0;0.09300000000000001;5.0;0.26;0.077
0.0;1;0.5;0.01;1.0;0.06;0.0783;0.6;0.0;0.0;0.0;0.0533;0.62;0.0;0.0;0.0;0.06
1.0;1;0.2;0.0;0.0;0.0;0.0;0.0;0.0;0.0;0.0;0.0;0.0;0.0;0.0;0.0;0.0
1.0;1;0.9;0.0;0.0;0.0;0.0125;0.8;0.0;0.0;0.0;0.013300000000000001;0.38;0.0;0.0;0.0;0.0
1.0;0;0.7;0.13;7.0;0.81;0.1508;0.8;0.06;3.0;0.29;0.1517;0.75;0.1;5.0;0.28;0.12560000000000002
1.0;1;0.3;0.02;1.0;0.12;0.085;0.6;0.04;2.0;0.19;0.048799999999999996;0.25;0.02;1.0;0.06;0.086
1.0;0;1.0;0.1375;8.0;0.86;0.1183;0.8;0.06;3.0;0.29;0.1128;0.88;0.08;4.0;0.23;0.0617
1.0;0;1.0;0.13399999999999998;8.0;0.84;0.07;1.0;0.059000000000000004;4.0;0.28;0.065;1.0;0.10099999999999999;6.0;0.29;0.04
1.0;1;0.1;0.0;0.0;0.0;0.07;0.4;0.0;0.0;0.0;0.0;0.0;0.0;0.0;0.0;0.0
1.0;0;0.8;0.16;8.0;1.0;0.0666;1.0;0.05;3.0;0.24;0.084;1.0;0.1;5.0;0.28;0.13
1.0;0;1.0;0.16;8.0;1.0;0.16879999999999998;1.0;0.0983;4.0;0.47;0.1929;1.0;0.1;5.0;0.28;0.2
0.0;0;0.9;0.133;8.0;0.83;0.0733;0.8;0.057999999999999996;3.0;0.28;0.1267;0.75;0.11800000000000001;6.0;0.33;0.1266
0.0;0;0.9;0.137;8.0;0.86;0.0683;0.8;0.049;3.0;0.23;0.1233;0.75;0.078;5.0;0.22;0.06
1.0;0;0.8;0.08;5.0;0.5;0.13;0.2;0.13;4.0;0.62;0.17;0.25;0.1;2.0;0.28;0.0
1.0;1;0.4;0.0;0.0;0.0;0.0;0.0;0.0;0.0;0.0;0.0;0.0;0.0;0.0;0.0;0.0
0.0;0;1.0;0.135;7.0;0.84;0.029500000000000002;0.8;0.06;3.0;0.29;0.1458;0.75;0.06;3.0;0.17;0.1466
1.0;1;0.2;0.0;0.0;0.0;0.0;0.0;0.0;0.0;0.0;0.0;0.0;0.0;0.0;0.0;0.0
0.0;1;0.9;0.068;5.0;0.42;0.075;1.0;0.019;1.0;0.09;0.13;0.75;0.0764;3.0;0.22;0.0949
1.0;0;0.9;0.14;7.0;0.88;0.1353;0.6;0.065;4.0;0.31;0.1333;0.62;0.1;5.0;0.28;0.2
0.0;1;0.9;0.052000000000000005;5.0;0.32;0.01;1.0;0.019;1.0;0.09;0.1067;0.75;0.0;0.0;0.0;0.09
1.0;0;0.7;0.02;1.0;0.12;0.1281;0.8;0.0;0.0;0.0;0.1;0.75;0.05;3.0;0.14;0.14300000000000002
0.0;0;0.7;0.138;7.0;0.86;0.1103;0.8;0.065;4.0;0.31;0.1612;0.75;0.1;5.0;0.28;0.1333
1.0;1;0.7;0.0;0.0;0.0;0.0;0.8;0.0;0.0;0.0;0.025;0.38;0.0;0.0;0.0;0.029900000000000003
1.0;1;0.6;0.0;0.0;0.0;0.0;0.2;0.0;0.0;0.0;0.0892;0.75;0.06;3.0;0.17;0.0916
1.0;0;0.8;0.02;1.0;0.12;0.08460000000000001;1.0;0.04;2.0;0.19;0.14;0.5;0.1;5.0;0.28;0.1
0.0;0;0.8;0.06;3.0;0.38;0.1449;0.4;0.02;1.0;0.1;0.1833;0.75;0.09;5.0;0.25;0.2
1.0;0;1.0;0.15600000000000003;8.0;0.98;0.1193;1.0;0.054000000000000006;3.0;0.26;0.08439999999999999;0.88;0.095;5.0;0.27;0.1184
1.0;1;0.5;0.0;0.0;0.0;0.02;0.4;0.0;0.0;0.0;0.0;0.25;0.0;0.0;0.0;0.0
0.0;0;0.9;0.10300000000000001;6.0;0.64;0.1638;1.0;0.064;4.0;0.3;0.129;0.75;0.069;4.0;0.2;0.1783
1.0;0;1.0;0.067;4.0;0.42;0.1208;1.0;0.03;2.0;0.14;0.15539999999999998;0.62;0.1;5.0;0.28;0.1467
0.0;0;1.0;0.16;8.0;1.0;0.18;1.0;0.06;3.0;0.29;0.16829999999999998;1.0;0.1;5.0;0.28;0.184
1.0;1;0.9;0.0;0.0;0.0;0.0028000000000000004;0.6;0.0;0.0;0.0;0.0;0.75;0.01;1.0;0.03;0.01
1.0;0;1.0;0.153;8.0;0.96;0.12050000000000001;1.0;0.055;3.0;0.26;0.10830000000000001;1.0;0.1;5.0;0.28;0.1467
1.0;0;0.7;0.12;6.0;0.75;0.1723;0.8;0.06;3.0;0.29;0.19;0.75;0.1;5.0;0.28;0.1916
1.0;0;0.9;0.16;8.0;1.0;0.15;0.8;0.06;3.0;0.29;0.1593;0.75;0.1;5.0;0.28;0.19
1.0;0;1.0;0.16;8.0;1.0;0.0993;1.0;0.06;3.0;0.29;0.1278;0.62;0.1;5.0;0.28;0.1483
1.0;1;1.0;0.0;0.0;0.0;0.0225;1.0;0.0;0.0;0.0;0.015;0.88;0.0;0.0;0.0;0.0333
1.0;1;1.0;0.11;6.0;0.69;0.03;1.0;0.03;2.0;0.14;0.0333;0.62;0.0;0.0;0.0;0.0666
1.0;1;0.9;0.095;6.0;0.59;0.035;0.2;0.06;3.0;0.29;0.05;0.62;0.1;5.0;0.28;0.01
0.0;1;0.4;0.13;7.0;0.81;0.1316;0.6;0.06;3.0;0.29;0.0678;0.5;0.04;2.0;0.11;0.0
0.0;1;0.9;0.04;3.0;0.25;0.11;0.8;0.0;0.0;0.0;0.17679999999999998;0.38;0.0767;1.0;0.22;0.0733
1.0;0;1.0;0.14;7.0;0.88;0.1268;1.0;0.065;4.0;0.31;0.1183;1.0;0.1;5.0;0.28;0.1783
1.0;0;0.7;0.12;6.0;0.75;0.10400000000000001;0.4;0.06;3.0;0.29;0.1285;0.75;0.1;5.0;0.28;0.0593
1.0;0;0.6;0.14;7.0;0.88;0.0821;1.0;0.06;3.0;0.29;0.0645;0.88;0.1;5.0;0.28;0.12
1.0;1;0.5;0.005;1.0;0.03;0.0;0.2;0.0;0.0;0.0;0.0;0.38;0.0;0.0;0.0;0.0
1.0;1;0.3;0.0;0.0;0.0;0.0;0.2;0.0;0.0;0.0;0.0;0.0;0.0;0.0;0.0;0.0
1.0;0;0.7;0.155;8.0;0.97;0.09380000000000001;0.4;0.047;3.0;0.22;0.1202;0.5;0.047;3.0;0.13;0.08
0.0;1;0.5;0.14;7.0;0.88;0.0833;0.2;0.02;1.0;0.1;0.1099;0.25;0.1;5.0;0.28;0.0
1.0;0;1.0;0.14;7.0;0.88;0.0949;0.8;0.06;3.0;0.29;0.1157;1.0;0.1;5.0;0.28;0.1333
1.0;0;0.6;0.125;7.0;0.78;0.0582;0.2;0.06;3.0;0.29;0.11320000000000001;0.12;0.1001;6.0;0.28;0.1333
0.0;0;0.9;0.16;8.0;1.0;0.1463;0.8;0.12;4.0;0.57;0.13;0.75;0.1;5.0;0.28;0.1016
0.0;0;1.0;0.14;8.0;0.88;0.1259;1.0;0.06;3.0;0.29;0.1445;0.88;0.1;5.0;0.28;0.1833
0.0;0;1.0;0.14400000000000002;8.0;0.9;0.0966;0.8;0.044000000000000004;3.0;0.21;0.1631;0.75;0.095;5.0;0.27;0.1499
1.0;1;0.8;0.04;2.0;0.25;0.026699999999999998;0.4;0.0;0.0;0.0;0.02;0.5;0.0;0.0;0.0;0.05
0.0;0;0.9;0.12;6.0;0.75;0.1507;0.2;0.06;3.0;0.29;0.10400000000000001;0.5;0.04;2.0;0.11;0.02
1.0;0;0.9;0.1575;8.0;0.98;0.122;0.8;0.052000000000000005;3.0;0.25;0.1542;0.75;0.098;5.0;0.28;0.0833
0.0;1;1.0;0.06899999999999999;6.0;0.43;0.09269999999999999;0.8;0.0;0.0;0.0;0.1458;0.62;0.01;1.0;0.03;0.1166
1.0;1;0.5;0.032;2.0;0.2;0.0;0.4;0.0;0.0;0.0;0.0;0.12;0.0;0.0;0.0;0.0
1.0;1;0.5;0.135;7.0;0.84;0.061399999999999996;0.6;0.06;3.0;0.29;0.155;0.25;0.06;3.0;0.17;0.0
1.0;1;0.8;0.035;3.0;0.22;0.01;0.2;0.02;1.0;0.1;0.0;0.38;0.02;1.0;0.06;0.03
0.0;0;1.0;0.16;8.0;1.0;0.13140000000000002;1.0;0.06;3.0;0.29;0.1499;1.0;0.1;5.0;0.28;0.1466
1.0;0;1.0;0.126;8.0;0.79;0.1241;1.0;0.047;3.0;0.22;0.0611;0.75;0.09;5.0;0.25;0.0
1.0;0;0.9;0.12;6.0;0.75;0.14029999999999998;0.8;0.06;3.0;0.29;0.1666;0.88;0.09;5.0;0.25;0.175
0.0;0;1.0;0.16;8.0;1.0;0.1101;1.0;0.06;3.0;0.29;0.1613;0.88;0.1;5.0;0.28;0.1833
1.0;0;1.0;0.14;7.0;0.88;0.138;1.0;0.06;3.0;0.29;0.16570000000000001;0.88;0.1;5.0;0.28;0.16670000000000001
1.0;0;1.0;0.16;8.0;1.0;0.16;1.0;0.06;3.0;0.29;0.15839999999999999;1.0;0.1;5.0;0.28;0.17329999999999998
1.0;0;1.0;0.1;5.0;0.62;0.0567;0.8;0.06;3.0;0.29;0.16;0.88;0.08;4.0;0.23;0.1133
0.0;0;0.7;0.12;6.0;0.75;0.16;0.8;0.06;3.0;0.29;0.15;1.0;0.1;5.0;0.28;0.1233
1.0;1;0.4;0.08;4.0;0.5;0.0;0.2;0.0;0.0;0.0;0.1283;0.12;0.02;1.0;0.06;0.0
1.0;0;1.0;0.16;8.0;1.0;0.1449;1.0;0.06;3.0;0.29;0.1461;1.0;0.1;5.0;0.28;0.1501
1.0;0;0.8;0.16;8.0;1.0;0.1332;1.0;0.06;3.0;0.29;0.13949999999999999;0.88;0.1;5.0;0.28;0.1833
0.0;0;0.6;0.127;7.0;0.79;0.095;0.2;0.059000000000000004;4.0;0.28;0.095;0.75;0.098;6.0;0.28;0.125
1.0;0;0.7;0.14;7.0;0.88;0.17370000000000002;0.8;0.04;2.0;0.19;0.1967;0.38;0.1;5.0;0.28;0.1967
1.0;0;0.9;0.10220000000000001;8.0;0.64;0.1643;0.8;0.049;3.0;0.23;0.1482;0.62;0.083;5.0;0.23;0.1499
0.0;0;1.0;0.136;8.0;0.85;0.115;0.8;0.055999999999999994;3.0;0.27;0.145;1.0;0.1;6.0;0.28;0.08
1.0;0;0.8;0.14200000000000002;8.0;0.89;0.1225;0.2;0.027999999999999997;3.0;0.13;0.14300000000000002;0.5;0.02;4.0;0.06;0.11699999999999999
0.0;0;0.9;0.16;8.0;1.0;0.2;0.8;0.06;3.0;0.29;0.2;0.75;0.1;5.0;0.28;0.2
0.0;0;0.7;0.07;5.0;0.44;0.085;0.8;0.035;2.0;0.17;0.086;1.0;0.075;4.0;0.21;0.09699999999999999
0.0;0;1.0;0.16;8.0;1.0;0.1317;1.0;0.06;3.0;0.29;0.1816;0.75;0.08;4.0;0.23;0.1666
1.0;0;1.0;0.087;5.0;0.54;0.1595;1.0;0.009000000000000001;1.0;0.04;0.0708;0.75;0.18400000000000002;6.0;0.52;0.0
1.0;0;0.7;0.016;2.0;0.1;0.0;0.8;0.04;2.0;0.19;0.155;0.75;0.085;5.0;0.24;0.133
0.0;1;0.9;0.10400000000000001;7.0;0.65;0.0649;0.6;0.047;3.0;0.22;0.0516;0.62;0.071;4.0;0.2;0.0617
0.0;0;0.9;0.1036;8.0;0.65;0.0333;0.8;0.07339999999999999;4.0;0.35;0.0978;0.75;0.1024;6.0;0.29;0.14
1.0;0;0.9;0.124;8.0;0.78;0.11199999999999999;0.8;0.038;3.0;0.18;0.16699999999999998;0.5;0.055;4.0;0.16;0.15
1.0;0;0.8;0.16;8.0;1.0;0.08990000000000001;0.6;0.065;4.0;0.31;0.1133;0.88;0.1;5.0;0.28;0.1167
0.0;0;0.9;0.133;8.0;0.83;0.16;0.8;0.059000000000000004;3.0;0.28;0.16699999999999998;0.88;0.08800000000000001;5.0;0.25;0.09300000000000001
1.0;0;1.0;0.157;8.0;0.98;0.08;0.8;0.075;4.0;0.36;0.1656;0.75;0.11900000000000001;6.0;0.34;0.0932
1.0;0;0.9;0.136;7.0;0.85;0.15;0.8;0.057999999999999996;3.0;0.28;0.177;0.75;0.1;5.0;0.28;0.18
1.0;0;1.0;0.14800000000000002;8.0;0.92;0.11;1.0;0.055;3.0;0.26;0.16;1.0;0.065;5.0;0.18;0.125
1.0;0;0.9;0.14800000000000002;8.0;0.92;0.115;1.0;0.057999999999999996;3.0;0.28;0.147;1.0;0.07;5.0;0.2;0.127
1.0;0;0.9;0.11800000000000001;8.0;0.74;0.10800000000000001;1.0;0.015;1.0;0.07;0.154;0.5;0.057;4.0;0.16;0.128
1.0;0;1.0;0.125;8.0;0.78;0.10800000000000001;1.0;0.06;3.0;0.29;0.105;0.88;0.086;5.0;0.24;0.163
1.0;0;0.9;0.12219999999999999;8.0;0.76;0.0688;0.8;0.099;4.0;0.47;0.1222;0.75;0.095;5.0;0.27;0.1366
1.0;0;1.0;0.1575;8.0;0.98;0.175;1.0;0.065;4.0;0.31;0.185;1.0;0.1;5.0;0.28;0.2
1.0;0;0.8;0.083;7.0;0.52;0.064;0.4;0.017;2.0;0.08;0.121;0.75;0.04;5.0;0.11;0.10099999999999999
0.0;1;0.9;0.132;8.0;0.82;0.0646;1.0;0.055;3.0;0.26;0.039900000000000005;0.75;0.073;4.0;0.21;0.0467
1.0;0;0.9;0.155;8.0;0.97;0.125;0.2;0.06;3.0;0.29;0.166;0.25;0.018000000000000002;1.0;0.05;0.147
1.0;1;0.0;0.0;0.0;0.0;0.0;0.0;0.0;0.0;0.0;0.135;0.38;0.005;1.0;0.01;0.0
1.0;0;0.9;0.07;4.0;0.44;0.0504;0.6;0.1;2.0;0.48;0.1;0.62;0.0721;1.0;0.2;0.12990000000000002
1.0;0;0.9;0.131;8.0;0.82;0.11699999999999999;0.2;0.05;3.0;0.24;0.177;0.62;0.025;5.0;0.07;0.113
1.0;0;0.9;0.129;7.0;0.81;0.157;0.8;0.06;3.0;0.29;0.145;0.75;0.073;4.0;0.21;0.09699999999999999
1.0;1;0.9;0.114;6.0;0.71;0.01;0.8;0.01;2.0;0.05;0.0742;0.62;0.035;4.0;0.1;0.036699999999999997
0.0;1;0.7;0.08220000000000001;7.0;0.51;0.0816;0.8;0.05;3.0;0.24;0.1166;0.5;0.075;4.0;0.21;0.0433
0.0;0;1.0;0.132;8.0;0.82;0.1358;1.0;0.056999999999999995;3.0;0.27;0.1433;1.0;0.07400000000000001;4.0;0.21;0.1234
1.0;0;0.9;0.145;8.0;0.91;0.08;0.8;0.059000000000000004;3.0;0.28;0.12300000000000001;0.75;0.096;5.0;0.27;0.057
0.0;0;1.0;0.14;7.0;0.88;0.15;1.0;0.16;3.0;0.76;0.18600000000000003;1.0;0.1;5.0;0.28;0.11800000000000001
1.0;1;0.0;0.0;0.0;0.0;0.0;0.0;0.0;0.0;0.0;0.0;0.12;0.0;0.0;0.0;0.0
1.0;1;0.6;0.05399999999999999;4.0;0.34;0.0;0.8;0.022000000000000002;3.0;0.1;0.046;0.5;0.035;3.0;0.1;0.13
0.0;0;0.7;0.106;7.0;0.66;0.14300000000000002;0.4;0.059000000000000004;3.0;0.28;0.132;0.5;0.094;5.0;0.27;0.11699999999999999
1.0;1;0.7;0.13699999999999998;8.0;0.86;0.067;0.8;0.02;3.0;0.1;0.048;0.75;0.069;5.0;0.2;0.113
1.0;1;0.3;0.0;0.0;0.0;0.0;0.2;0.0;0.0;0.0;0.03;0.12;0.0;0.0;0.0;0.0
1.0;1;0.1;0.0;0.0;0.0;0.0;0.0;0.0;0.0;0.0;0.0;0.25;0.0;0.0;0.0;0.0
1.0;0;1.0;0.1265;8.0;0.79;0.12300000000000001;0.8;0.045;3.0;0.21;0.158;0.88;0.07400000000000001;4.0;0.21;0.127
1.0;0;0.9;0.121;7.0;0.76;0.087;0.4;0.037000000000000005;3.0;0.18;0.08;0.88;0.09;5.0;0.25;0.1
1.0;0;0.9;0.063;4.0;0.39;0.062;0.8;0.02;3.0;0.1;0.14;0.75;0.055;4.0;0.16;0.09
1.0;0;1.0;0.149;8.0;0.93;0.153;0.8;0.06;3.0;0.29;0.18;0.62;0.1;5.0;0.28;0.162
0.0;0;0.9;0.135;8.0;0.84;0.028300000000000002;1.0;0.04;2.0;0.19;0.14;0.75;0.09;5.0;0.25;0.08
1.0;0;0.9;0.12;7.0;0.75;0.12;0.8;0.06;3.0;0.29;0.13;0.5;0.08;5.0;0.23;0.09
1.0;0;0.5;0.11;7.0;0.69;0.08;1.0;0.05;3.0;0.24;0.16699999999999998;0.75;0.025;5.0;0.07;0.073
1.0;0;1.0;0.14;7.0;0.88;0.1344;0.4;0.06;3.0;0.29;0.16670000000000001;0.5;0.06;3.0;0.17;0.1466
1.0;1;1.0;0.078;4.0;0.49;0.05;1.0;0.069;4.0;0.33;0.0;1.0;0.099;6.0;0.28;0.065
1.0;0;1.0;0.07;4.0;0.44;0.0983;1.0;0.1075;2.0;0.51;0.1;1.0;0.1;1.0;0.28;0.165
0.0;0;0.9;0.16;8.0;1.0;0.0981;1.0;0.06;3.0;0.29;0.0933;0.88;0.1;5.0;0.28;0.15
0.0;0;0.7;0.16;8.0;1.0;0.0796;0.4;0.06;3.0;0.29;0.1199;0.88;0.14;6.0;0.4;0.1167
0.0;1;0.5;0.027999999999999997;2.0;0.18;0.1057;0.2;0.0;0.0;0.0;0.0667;0.0;0.075;4.0;0.21;0.1
