Направление;Пол;Не сдал(-а);Посещение до Контрольная работа 1;Баллы до Контрольная работа 1;Количество баллов до Контрольная работа 1;Процент баллов до Контрольная работа 1;Контрольная работа 1;Посещение до Контрольная работа 2;Баллы до Контрольная работа 2;Количество баллов до Контрольная работа 2;Процент баллов до Контрольная работа 2;Контрольная работа 2;Посещение до Контрольная работа 3;Баллы до Контрольная работа 3;Количество баллов до Контрольная работа 3;Процент баллов до Контрольная работа 3;Контрольная работа 3
2;1.0;1;0.3;0.04800000000000001;3.0;0.3;0.05;0.2;0.025;2.0;0.12;0.0;0.25;0.09300000000000001;5.0;0.26;0.0
21;0.0;0;0.7;0.16;8.0;1.0;0.45499999999999996;0.8;0.09;4.0;0.43;0.6519999999999999;0.75;0.1;4.0;0.28;0.55
12;1.0;1;1.0;0.0;0.0;0.0;0.15;0.8;0.0;0.0;0.0;0.0;0.12;0.0;0.0;0.0;0.0
11;1.0;1;0.9;0.02;2.0;0.12;0.095;1.0;0.085;3.0;0.4;0.08499999999999999;1.0;0.02;2.0;0.06;0.28500000000000003
12;1.0;1;0.5;0.02;1.0;0.12;0.19;0.2;0.0;0.0;0.0;0.0;0.12;0.0;0.0;0.0;0.0
2;1.0;1;1.0;0.02;2.0;0.12;0.1;0.4;0.0;0.0;0.0;0.11499999999999999;0.88;0.0;0.0;0.0;0.15
9;1.0;0;0.7;0.106;7.0;0.66;0.0;0.4;0.115;4.0;0.55;0.38;0.88;0.09;5.0;0.25;0.22999999999999998
2;1.0;0;0.8;0.11999999999999998;8.0;0.75;0.95;0.8;0.045;3.0;0.21;0.75;0.75;0.07300000000000001;4.0;0.21;0.825
15;1.0;0;1.0;0.16;8.0;1.0;0.47000000000000003;0.8;0.05;3.0;0.24;0.665;0.88;0.08;4.0;0.23;0.43499999999999994
17;1.0;1;0.9;0.149;8.0;0.93;0.211;0.6;0.035;2.0;0.17;0.4495;0.38;0.075;5.0;0.21;0.0
11;1.0;0;1.0;0.14800000000000002;8.0;0.92;0.575;1.0;0.064;4.0;0.3;0.775;1.0;0.11;6.0;0.31;0.575
2;1.0;0;1.0;0.11800000000000001;6.0;0.74;0.625;0.8;0.06;3.0;0.29;0.8;1.0;0.037000000000000005;2.0;0.1;0.45
9;1.0;0;1.0;0.13;7.0;0.81;0.7;1.0;0.065;4.0;0.31;0.61;1.0;0.1;5.0;0.28;0.61
10;1.0;1;0.6;0.06;4.0;0.38;0.484;0.8;0.019;3.0;0.09;0.4165;0.75;0.01;1.0;0.03;0.3
3;1.0;0;0.7;0.06;5.0;0.38;0.35;0.0;0.085;4.0;0.4;0.65;0.62;0.09699999999999999;5.0;0.27;0.575
9;1.0;0;1.0;0.124;8.0;0.78;0.65;1.0;0.057;3.0;0.27;0.8;0.62;0.098;5.0;0.28;0.8
1;1.0;0;0.4;0.145;8.0;0.91;0.425;0.2;0.06199999999999999;4.0;0.3;0.7;0.38;0.1;6.0;0.28;0.85
2;1.0;0;1.0;0.07;5.0;0.44;0.15;1.0;0.09;4.0;0.43;0.475;1.0;0.06;4.0;0.17;0.41500000000000004
9;0.0;1;1.0;0.085;6.0;0.53;0.32;0.4;0.05;1.0;0.24;0.215;0.5;0.01;1.0;0.03;0.11499999999999999
12;1.0;1;1.0;0.0;0.0;0.0;0.075;0.8;0.0;0.0;0.0;0.0;0.38;0.0;0.0;0.0;0.0
12;1.0;0;1.0;0.095;6.0;0.59;0.575;0.4;0.016;1.0;0.08;0.775;1.0;0.016;1.0;0.05;0.725
13;1.0;0;1.0;0.16;8.0;1.0;0.8;1.0;0.0;0.0;0.0;0.82;1.0;0.17;3.0;0.48;0.95
2;1.0;1;0.8;0.02;1.0;0.12;0.19;0.8;0.0;0.0;0.0;0.505;0.62;0.02;1.0;0.06;0.0
2;1.0;1;1.0;0.0;0.0;0.0;0.0;0.4;0.05;1.0;0.24;0.11499999999999999;0.88;0.02;2.0;0.06;0.0
24;1.0;1;0.7;0.05;5.0;0.31;0.1085;0.8;0.0;0.0;0.0;0.225;0.62;0.0;0.0;0.0;0.20800000000000002
9;1.0;0;0.9;0.045;3.0;0.28;0.5;0.8;0.09;3.0;0.43;0.6;0.75;0.05;4.0;0.14;0.55
10;1.0;1;0.1;0.0;0.0;0.0;0.0;0.0;0.0;0.0;0.0;0.0;0.0;0.0;0.0;0.0;0.0
12;1.0;1;0.7;0.0;0.0;0.0;0.1;0.8;0.0;0.0;0.0;0.1;0.5;0.0;0.0;0.0;0.0
17;1.0;0;0.9;0.124;8.0;0.78;0.41500000000000004;0.6;0.057999999999999996;3.0;0.28;0.2;0.75;0.09300000000000001;5.0;0.26;0.2
8;0.0;0;0.6;0.15;8.0;0.94;0.485;0.8;0.06;3.0;0.29;0.7769999999999999;0.62;0.1;5.0;0.28;0.35
11;1.0;0;1.0;0.15;8.0;0.94;0.75;1.0;0.06;3.0;0.29;0.85;1.0;0.04;2.0;0.11;0.8335000000000001
12;1.0;1;0.7;0.13199999999999998;8.0;0.82;0.3;0.8;0.052000000000000005;3.0;0.25;0.2165;0.88;0.07400000000000001;4.0;0.21;0.0
13;1.0;0;1.0;0.078;6.0;0.49;0.5599999999999999;1.0;0.08;4.0;0.38;0.6900000000000001;0.75;0.08;4.0;0.23;0.8150000000000001
13;1.0;0;1.0;0.11900000000000001;7.0;0.74;0.72;1.0;0.12;4.0;0.57;0.835;0.75;0.09;4.0;0.25;0.765
12;1.0;1;0.9;0.098;6.0;0.61;0.125;0.8;0.046;3.0;0.22;0.20550000000000002;0.75;0.043;3.0;0.12;0.483
24;1.0;1;0.5;0.0;0.0;0.0;0.0;0.6;0.0;0.0;0.0;0.0;0.38;0.0;0.0;0.0;0.0
1;0.0;0;0.8;0.15;8.0;0.94;0.8;0.8;0.06;3.0;0.29;0.75;0.75;0.06;3.0;0.17;0.5915
2;1.0;0;1.0;0.15500000000000003;8.0;0.97;0.9;1.0;0.071;4.0;0.34;0.8;0.75;0.098;5.0;0.28;0.7
2;1.0;0;1.0;0.10400000000000001;7.0;0.65;0.43499999999999994;0.6;0.075;4.0;0.36;0.885;0.62;0.125;6.0;0.35;0.865
3;1.0;0;0.8;0.16;8.0;1.0;0.3415;0.6;0.065;4.0;0.31;0.389;0.62;0.1;5.0;0.28;0.191
2;0.0;0;1.0;0.15;8.0;0.94;0.55;1.0;0.09;4.0;0.43;0.9;0.5;0.08;4.0;0.23;0.7845
10;1.0;0;1.0;0.14;8.0;0.88;0.8;1.0;0.09;4.0;0.43;0.85;0.62;0.07;3.0;0.2;0.8335000000000001
8;0.0;1;0.0;0.0;0.0;0.0;0.0;0.0;0.0;0.0;0.0;0.0;0.0;0.0;0.0;0.0;0.0
9;1.0;1;0.7;0.02;2.0;0.12;0.4;0.2;0.0;0.0;0.0;0.0;0.0;0.0;0.0;0.0;0.0
2;1.0;1;0.4;0.07;4.0;0.44;0.45;0.0;0.06;3.0;0.29;0.0;0.12;0.04;2.0;0.11;0.0
9;1.0;1;0.6;0.06;3.0;0.38;0.15;0.4;0.0;0.0;0.0;0.2;0.62;0.04;2.0;0.11;0.0085
11;1.0;1;1.0;0.1;7.0;0.62;0.4915;1.0;0.07;4.0;0.33;0.8;0.88;0.05;2.0;0.14;0.4495
12;1.0;1;0.4;0.02;2.0;0.12;0.1;0.6;0.0;0.0;0.0;0.25;0.38;0.0;0.0;0.0;0.0
2;1.0;1;0.5;0.02;2.0;0.12;0.0;0.8;0.0;0.0;0.0;0.606;0.75;0.0;0.0;0.0;0.6765
11;1.0;1;1.0;0.04;4.0;0.25;0.2;1.0;0.0;0.0;0.0;0.5;0.88;0.0;0.0;0.0;0.0
24;0.0;0;0.3;0.11699999999999999;8.0;0.73;0.465;0.2;0.05;1.0;0.24;0.25;0.5;0.03;3.0;0.08;0.385
0;1.0;0;0.8;0.09;5.0;0.56;0.6915;0.6;0.06;3.0;0.29;0.9;0.88;0.04;2.0;0.11;0.6
9;1.0;0;0.9;0.14;8.0;0.88;0.8;0.8;0.06;3.0;0.29;0.75;0.62;0.06;3.0;0.17;0.6165
8;1.0;0;0.8;0.16;8.0;1.0;0.7165;0.6;0.06;3.0;0.29;0.5389999999999999;0.75;0.1;5.0;0.28;0.22999999999999998
3;1.0;0;0.7;0.155;8.0;0.97;0.2835;0.8;0.065;4.0;0.31;0.2245;0.5;0.11;6.0;0.31;0.4915
11;1.0;0;0.9;0.15;8.0;0.94;0.65;0.6;0.09;4.0;0.43;0.8;0.75;0.06;3.0;0.17;0.8915
9;1.0;0;0.9;0.16;8.0;1.0;0.5495;0.8;0.065;4.0;0.31;0.6855;0.88;0.1;5.0;0.28;0.8164999999999999
11;1.0;1;0.9;0.06;5.0;0.38;0.4;0.8;0.0;0.0;0.0;0.7;0.62;0.0;0.0;0.0;0.417
8;1.0;1;0.7;0.01;1.0;0.06;0.13;0.2;0.0;0.0;0.0;0.0;0.25;0.0;0.0;0.0;0.0
9;1.0;0;1.0;0.13;8.0;0.81;0.4;0.8;0.21;4.0;1.0;0.7849999999999999;0.88;0.115;6.0;0.33;0.9
10;0.0;0;1.0;0.111;8.0;0.69;0.725;0.4;0.12;4.0;0.57;0.8300000000000001;0.88;0.115;6.0;0.33;0.75
4;1.0;1;0.7;0.0;0.0;0.0;0.0;0.6;0.0;0.0;0.0;0.0;0.62;0.0;0.0;0.0;0.2
9;1.0;0;0.8;0.11;6.0;0.69;0.7;0.8;0.08;4.0;0.38;0.75;0.75;0.05;3.0;0.14;0.745
10;1.0;1;0.7;0.1;7.0;0.62;0.5;0.8;0.06;3.0;0.29;0.55;0.62;0.04;2.0;0.11;0.466
8;1.0;1;0.7;0.005;1.0;0.03;0.306;0.6;0.0;0.0;0.0;0.0;0.75;0.0;0.0;0.0;0.25
1;1.0;1;0.8;0.09;6.0;0.56;0.95;0.2;0.02;1.0;0.1;0.0;0.25;0.04;2.0;0.11;0.717
4;0.0;0;1.0;0.155;8.0;0.97;0.4915;1.0;0.06;3.0;0.29;0.8005000000000001;1.0;0.06;3.0;0.17;0.7335
17;0.0;1;0.9;0.13;8.0;0.81;0.1;0.8;0.06;3.0;0.29;0.1335;0.75;0.091;5.0;0.26;0.4
9;1.0;1;0.9;0.04;4.0;0.25;0.4;0.8;0.04;2.0;0.19;0.3;0.62;0.0;0.0;0.0;0.5915
6;0.0;0;0.9;0.128;8.0;0.8;0.505;0.8;0.1;4.0;0.48;0.5;0.5;0.09;6.0;0.25;0.76
11;1.0;0;1.0;0.09;7.0;0.56;0.709;0.6;0.06;3.0;0.29;0.65;1.0;0.06;4.0;0.17;0.95
14;1.0;1;1.0;0.14;8.0;0.88;0.5;0.8;0.06;3.0;0.29;0.5;0.75;0.06;3.0;0.17;0.483
17;1.0;0;0.8;0.121;8.0;0.76;0.5015;0.4;0.023;2.0;0.11;0.4665;0.88;0.078;5.0;0.22;0.3
13;1.0;0;1.0;0.15;8.0;0.94;0.7;1.0;0.06;3.0;0.29;0.7;1.0;0.09;5.0;0.25;0.45
8;1.0;0;1.0;0.12500000000000003;8.0;0.78;0.4245;0.4;0.027000000000000003;2.0;0.13;0.7335;1.0;0.0824;5.0;0.23;0.683
24;1.0;1;0.3;0.02;1.0;0.12;0.1765;0.4;0.0;0.0;0.0;0.0;0.38;0.0;0.0;0.0;0.0
2;1.0;0;1.0;0.14;8.0;0.88;0.95;1.0;0.13;4.0;0.62;0.0;0.62;0.1;5.0;0.28;0.667
7;0.0;0;1.0;0.11;6.0;0.69;0.665;1.0;0.08;2.0;0.38;0.7150000000000001;0.88;0.04;3.0;0.11;0.315
3;0.0;1;0.8;0.09;5.0;0.56;0.45;0.4;0.05;3.0;0.24;0.0;0.38;0.057;3.0;0.16;0.0
10;1.0;0;0.8;0.06;5.0;0.38;0.75;0.8;0.06;3.0;0.29;0.0;0.5;0.08;4.0;0.23;0.95
4;0.0;1;0.3;0.14;8.0;0.88;0.0;0.2;0.04;1.0;0.19;0.35;0.62;0.075;4.0;0.21;0.2
10;1.0;0;0.8;0.13;8.0;0.81;0.75;0.6;0.08;4.0;0.38;0.85;1.0;0.07;4.0;0.2;0.833
17;0.0;1;0.0;0.1175;7.0;0.73;0.0;0.6;0.03;2.0;0.14;0.15;0.62;0.049;3.0;0.14;0.0
8;0.0;0;0.6;0.16;8.0;1.0;0.0;0.8;0.065;4.0;0.31;0.23349999999999999;0.88;0.1;5.0;0.28;0.4835
17;1.0;1;0.9;0.1301;8.0;0.81;0.383;0.8;0.055;3.0;0.26;0.242;0.5;0.065;5.0;0.18;0.15
12;1.0;0;1.0;0.16;8.0;1.0;0.733;1.0;0.08;4.0;0.38;0.9119999999999999;1.0;0.1;5.0;0.28;0.7915
9;1.0;0;1.0;0.13;8.0;0.81;0.85;1.0;0.04;2.0;0.19;0.85;1.0;0.1;5.0;0.28;0.708
4;1.0;0;1.0;0.1;6.0;0.62;0.65;0.8;0.06;3.0;0.29;0.75;0.88;0.095;5.0;0.27;0.625
4;0.0;1;0.4;0.0;0.0;0.0;0.2;0.4;0.0;0.0;0.0;0.4;0.62;0.057;3.0;0.16;0.0
10;0.0;0;1.0;0.11;6.0;0.69;0.75;0.6;0.08;4.0;0.38;0.8;0.62;0.1;5.0;0.28;0.9164999999999999
9;1.0;0;0.8;0.11900000000000001;7.0;0.74;0.5549999999999999;0.8;0.07;4.0;0.33;0.06;0.62;0.08;5.0;0.23;0.75
9;0.0;0;0.8;0.10800000000000001;6.0;0.68;0.6900000000000001;1.0;0.065;4.0;0.31;0.55;0.75;0.03;3.0;0.08;0.71
13;1.0;0;0.9;0.10800000000000001;8.0;0.68;0.5650000000000001;0.2;0.085;4.0;0.4;0.735;0.5;0.03;3.0;0.08;0.85
11;0.0;1;1.0;0.14;8.0;0.88;0.75;0.6;0.05;3.0;0.24;0.6;0.5;0.04;2.0;0.11;0.3165
9;0.0;0;0.8;0.15;8.0;0.94;0.6;0.6;0.05;3.0;0.24;0.6;1.0;0.08;4.0;0.23;0.358
9;0.0;0;1.0;0.15;8.0;0.94;0.7;1.0;0.07;4.0;0.33;0.75;1.0;0.08;4.0;0.23;0.8664999999999999
1;1.0;1;0.4;0.12;6.0;0.75;0.65;0.6;0.03;1.0;0.14;0.6;0.5;0.09;5.0;0.25;0.43099999999999994
9;1.0;1;1.0;0.08199999999999999;6.0;0.51;0.13;0.2;0.035;2.0;0.17;0.16499999999999998;0.38;0.01;1.0;0.03;0.28500000000000003
3;1.0;0;1.0;0.08900000000000001;7.0;0.56;0.3285;0.8;0.059000000000000004;3.0;0.28;0.65;0.88;0.094;5.0;0.27;0.6995
15;1.0;0;0.9;0.16;8.0;1.0;0.8390000000000001;0.4;0.07;4.0;0.33;0.796;0.88;0.1;5.0;0.28;0.2
7;0.0;0;1.0;0.083;6.0;0.52;0.585;0.2;0.08;2.0;0.38;0.65;0.75;0.04;3.0;0.11;0.585
1;1.0;0;1.0;0.13699999999999998;8.0;0.86;0.725;1.0;0.095;4.0;0.45;0.9;1.0;0.135;6.0;0.38;0.7849999999999999
0;1.0;0;0.9;0.16;8.0;1.0;0.67;0.8;0.03;2.0;0.14;0.67;0.75;0.0;0.0;0.0;0.4
10;1.0;0;1.0;0.077;5.0;0.48;0.305;0.8;0.08;4.0;0.38;0.505;0.62;0.04;3.0;0.11;0.5349999999999999
2;0.0;0;0.8;0.16;8.0;1.0;0.795;0.8;0.04;2.0;0.19;0.9349999999999999;0.75;0.12;3.0;0.34;0.4085
17;0.0;0;0.9;0.14;8.0;0.88;0.34950000000000003;0.8;0.04;3.0;0.19;0.40199999999999997;0.75;0.07;4.0;0.2;0.3665
2;1.0;1;1.0;0.015;1.0;0.09;0.13999999999999999;1.0;0.015;2.0;0.07;0.11499999999999999;1.0;0.02;2.0;0.06;0.05
9;1.0;0;1.0;0.12300000000000001;8.0;0.77;0.655;1.0;0.14;4.0;0.67;0.6;1.0;0.135;6.0;0.38;0.615
12;1.0;0;0.9;0.1;7.0;0.62;0.6;0.8;0.08;4.0;0.38;0.8;0.5;0.06;3.0;0.17;0.3665
13;1.0;1;0.8;0.076;6.0;0.48;0.41;0.6;0.0;0.0;0.0;0.485;0.5;0.0;0.0;0.0;0.0
24;0.0;1;0.8;0.0;0.0;0.0;0.16999999999999998;0.4;0.03;2.0;0.14;0.25;0.75;0.035;2.0;0.1;0.0
18;1.0;1;0.9;0.098;7.0;0.61;0.366;0.8;0.045;3.0;0.21;0.23900000000000002;0.75;0.039;2.0;0.11;0.2665
9;1.0;0;1.0;0.105;8.0;0.66;0.45;0.4;0.055;3.0;0.26;0.25;0.62;0.045;2.0;0.13;0.5
2;0.0;0;1.0;0.15;8.0;0.94;0.85;1.0;0.09;4.0;0.43;0.9;1.0;0.11;5.0;0.31;0.833
13;0.0;0;1.0;0.11;7.0;0.69;0.8029999999999999;0.8;0.06;3.0;0.29;0.8;1.0;0.1;5.0;0.28;0.4245
13;1.0;1;1.0;0.068;6.0;0.42;0.485;0.2;0.055;4.0;0.26;0.38;0.25;0.055;3.0;0.16;0.23500000000000001
17;0.0;0;0.9;0.136;8.0;0.85;0.15;0.8;0.04;3.0;0.19;0.4205;0.75;0.0725;5.0;0.21;0.4165
3;0.0;0;0.9;0.11;7.0;0.69;0.55;0.4;0.06;3.0;0.29;0.7;0.5;0.05;3.0;0.14;0.7
14;1.0;0;1.0;0.14;8.0;0.88;0.85;1.0;0.07;4.0;0.33;0.6;0.88;0.08;4.0;0.23;0.7665
11;1.0;1;0.2;0.0;0.0;0.0;0.0;0.0;0.0;0.0;0.0;0.0;0.0;0.0;0.0;0.0;0.0
9;1.0;1;0.8;0.04;2.0;0.25;0.0;0.4;0.0;0.0;0.0;0.0;0.12;0.0;0.0;0.0;0.05
17;0.0;0;1.0;0.1515;8.0;0.95;0.3745;1.0;0.055;3.0;0.26;0.537;1.0;0.1;5.0;0.28;0.45
17;1.0;1;0.7;0.13;7.0;0.81;0.5685;0.4;0.045;3.0;0.21;0.3665;0.62;0.06;3.0;0.17;0.175
14;1.0;0;1.0;0.08;5.0;0.5;0.655;0.8;0.09;3.0;0.43;0.5599999999999999;0.75;0.077;2.0;0.22;0.55
4;0.0;1;0.5;0.0;0.0;0.0;0.034999999999999996;0.8;0.0;0.0;0.0;0.14150000000000001;0.62;0.0;0.0;0.0;0.125
14;1.0;0;0.8;0.06;4.0;0.38;0.8;0.8;0.06;3.0;0.29;0.7;0.88;0.06;3.0;0.17;0.46749999999999997
2;0.0;0;0.9;0.13;8.0;0.81;0.7;0.6;0.06;3.0;0.29;1.0;0.62;0.04;2.0;0.11;0.4665
14;1.0;0;1.0;0.139;8.0;0.87;0.10500000000000001;1.0;0.16;4.0;0.76;0.2;0.75;0.15;6.0;0.42;0.25
10;1.0;0;1.0;0.133;8.0;0.83;0.645;1.0;0.15;4.0;0.71;0.805;0.75;0.12;6.0;0.34;0.9400000000000001
10;0.0;0;1.0;0.145;8.0;0.91;0.79;0.8;0.135;4.0;0.64;0.795;0.62;0.14;6.0;0.4;0.865
9;1.0;0;0.7;0.11800000000000001;7.0;0.74;0.55;0.4;0.095;4.0;0.45;0.675;1.0;0.08;6.0;0.23;0.8699999999999999
8;1.0;1;0.6;0.12;6.0;0.75;0.62;0.6;0.0;0.0;0.0;0.0;0.12;0.0;0.0;0.0;0.0
11;1.0;1;0.8;0.13;7.0;0.81;0.4;0.2;0.06;3.0;0.29;0.0;0.12;0.01;1.0;0.03;0.45
2;0.0;0;1.0;0.13;8.0;0.81;0.9;1.0;0.09;4.0;0.43;0.9;1.0;0.09;4.0;0.25;0.808
9;1.0;0;0.3;0.10800000000000001;7.0;0.68;0.0;0.4;0.09;4.0;0.43;0.36;0.75;0.04;3.0;0.11;0.925
17;0.0;0;0.9;0.105;7.0;0.66;0.5805;0.8;0.013000000000000001;2.0;0.06;0.458;0.75;0.08;5.0;0.23;0.4
13;1.0;1;0.6;0.05;3.0;0.31;0.425;0.4;0.02;2.0;0.1;0.0;0.38;0.06;4.0;0.17;0.0
17;0.0;0;0.9;0.12;7.0;0.75;0.8470000000000001;0.8;0.07;4.0;0.33;0.7;0.88;0.09;4.0;0.25;0.783
4;0.0;0;0.8;0.115;6.0;0.72;0.125;1.0;0.06;3.0;0.29;0.4725;1.0;0.14;6.0;0.4;0.3625
11;0.0;0;1.0;0.16;8.0;1.0;0.825;0.8;0.06;3.0;0.29;0.875;0.88;0.1;5.0;0.28;0.7
13;0.0;1;0.8;0.139;8.0;0.87;0.675;0.4;0.1;4.0;0.48;0.23500000000000001;0.62;0.06;4.0;0.17;0.0
10;0.0;0;1.0;0.057999999999999996;4.0;0.36;0.6799999999999999;0.6;0.125;4.0;0.6;0.44000000000000006;0.88;0.065;5.0;0.18;0.525
9;1.0;1;1.0;0.142;8.0;0.89;0.475;0.2;0.045;3.0;0.21;0.0;0.12;0.025;3.0;0.07;0.39
9;1.0;1;1.0;0.08900000000000001;5.0;0.56;0.37;0.8;0.035;3.0;0.17;0.55;0.88;0.03;2.0;0.08;0.365
6;0.0;1;0.8;0.04;3.0;0.25;0.0;0.4;0.04;3.0;0.19;0.195;0.62;0.055;4.0;0.16;0.0
9;1.0;0;1.0;0.15;8.0;0.94;0.9099999999999999;1.0;0.06;3.0;0.29;0.99;0.5;0.1;5.0;0.28;1.0
10;1.0;0;0.9;0.135;8.0;0.84;0.735;1.0;0.07;2.0;0.33;0.58;0.75;0.075;5.0;0.21;0.53
9;1.0;0;1.0;0.14;8.0;0.88;0.7150000000000001;1.0;0.115;4.0;0.55;0.635;1.0;0.09;5.0;0.25;0.6
14;0.0;0;0.9;0.14600000000000002;8.0;0.91;0.24500000000000002;0.8;0.026000000000000002;3.0;0.12;0.9650000000000001;0.5;0.063;4.0;0.18;0.65
9;0.0;1;0.5;0.035;4.0;0.22;0.0;0.4;0.045;2.0;0.21;0.35;0.5;0.0;0.0;0.0;0.0
9;1.0;1;0.0;0.0;0.0;0.0;0.0;0.0;0.0;0.0;0.0;0.0;0.0;0.0;0.0;0.0;0.0
6;0.0;0;0.9;0.1;6.0;0.62;0.35;0.8;0.12;4.0;0.57;0.445;0.75;0.04;2.0;0.11;0.515
24;0.0;0;0.7;0.10800000000000001;7.0;0.68;0.5700000000000001;1.0;0.0;0.0;0.0;0.6849999999999999;0.88;0.02;2.0;0.06;0.635
24;0.0;1;0.6;0.04;2.0;0.25;0.0;0.2;0.0;0.0;0.0;0.0;0.12;0.0;0.0;0.0;0.0
2;1.0;0;0.5;0.08;4.0;0.5;0.8400000000000001;0.2;0.055;4.0;0.26;0.765;0.25;0.04;3.0;0.11;0.465
15;1.0;0;0.8;0.16;8.0;1.0;0.6745;1.0;0.06;3.0;0.29;0.651;1.0;0.11;6.0;0.31;0.41600000000000004
16;1.0;0;0.7;0.128;8.0;0.8;0.25;0.4;0.037000000000000005;3.0;0.18;0.65;0.62;0.099;5.0;0.28;0.775
6;0.0;1;0.8;0.078;5.0;0.49;0.0;0.4;0.02;1.0;0.1;0.28500000000000003;0.38;0.01;1.0;0.03;0.0
11;0.0;0;1.0;0.135;8.0;0.84;0.42000000000000004;1.0;0.052000000000000005;3.0;0.25;0.62;0.75;0.044000000000000004;3.0;0.12;0.51
4;0.0;1;0.0;0.0;0.0;0.0;0.0;0.0;0.0;0.0;0.0;0.0;0.0;0.0;0.0;0.0;0.0
6;0.0;1;0.9;0.027000000000000003;2.0;0.17;0.16499999999999998;0.8;0.01;1.0;0.05;0.4;0.88;0.0;0.0;0.0;0.43499999999999994
9;1.0;1;0.9;0.04;4.0;0.25;0.5;0.6;0.02;1.0;0.1;0.6;0.75;0.02;1.0;0.06;0.28300000000000003
15;0.0;1;0.0;0.0;0.0;0.0;0.0;0.0;0.0;0.0;0.0;0.0;0.0;0.0;0.0;0.0;0.0
9;1.0;1;0.9;0.09449999999999999;5.0;0.59;0.0;0.6;0.05;3.0;0.24;0.5349999999999999;0.62;0.035;2.0;0.1;0.0
4;0.0;1;0.9;0.07400000000000001;6.0;0.46;0.466;0.8;0.0;0.0;0.0;0.675;0.75;0.051;1.0;0.14;0.65
4;0.0;1;0.8;0.0;0.0;0.0;0.0085;0.4;0.0;0.0;0.0;0.425;1.0;0.0;0.0;0.0;0.1
4;0.0;0;1.0;0.16;8.0;1.0;0.3255;0.8;0.06;3.0;0.29;0.5225;0.75;0.1;5.0;0.28;0.7665
3;1.0;0;0.7;0.14;8.0;0.88;0.8;0.4;0.06;3.0;0.29;0.8;0.88;0.04;2.0;0.11;0.75
9;1.0;0;1.0;0.1225;7.0;0.77;0.89;0.8;0.048;3.0;0.23;0.835;0.25;0.07;4.0;0.2;0.41500000000000004
9;1.0;0;0.8;0.084;5.0;0.52;0.395;0.8;0.055;3.0;0.26;0.8099999999999999;0.25;0.02;1.0;0.06;0.3
9;1.0;0;0.8;0.1;6.0;0.62;0.35;0.2;0.059000000000000004;3.0;0.28;0.8265;0.12;0.092;5.0;0.26;0.465
15;1.0;0;0.8;0.1252;8.0;0.78;0.391;0.4;0.0614;4.0;0.29;0.5995;0.38;0.0438;4.0;0.12;0.483
14;1.0;1;0.8;0.083;6.0;0.52;0.205;1.0;0.049;3.0;0.23;0.16499999999999998;0.5;0.09;5.0;0.25;0.5650000000000001
0;0.0;0;1.0;0.14;8.0;0.88;0.5;0.8;0.06;3.0;0.29;0.6;1.0;0.1;5.0;0.28;0.583
5;0.0;0;1.0;0.14;7.0;0.88;0.136;1.0;0.06;3.0;0.29;0.6965;1.0;0.1;4.0;0.28;0.3335
2;1.0;0;0.7;0.14;7.0;0.88;0.665;0.4;0.03;2.0;0.14;0.945;0.62;0.0;0.0;0.0;0.9949999999999999
9;1.0;0;0.8;0.14;7.0;0.88;0.75;1.0;0.06;3.0;0.29;0.86;0.75;0.25;4.0;0.71;0.5
0;1.0;1;0.2;0.0;0.0;0.0;0.0;0.0;0.0;0.0;0.0;0.0;0.0;0.0;0.0;0.0;0.0
15;0.0;0;1.0;0.11900000000000001;8.0;0.74;0.386;1.0;0.069;4.0;0.33;0.9305;1.0;0.094;5.0;0.27;0.7335
13;1.0;0;1.0;0.11;7.0;0.69;0.75;0.8;0.06;3.0;0.29;0.6;1.0;0.06;3.0;0.17;0.875
24;0.0;1;0.4;0.114;7.0;0.71;0.05;0.2;0.05600000000000001;4.0;0.27;0.225;0.5;0.035;2.0;0.1;0.0
10;1.0;1;0.4;0.075;5.0;0.47;0.0;0.0;0.012;1.0;0.06;0.54;0.25;0.005;1.0;0.01;0.0
7;0.0;0;0.7;0.12;7.0;0.75;0.71;0.4;0.065;4.0;0.31;0.5;0.38;0.06;4.0;0.17;0.7
2;1.0;0;0.9;0.14;8.0;0.88;0.7;0.2;0.06;3.0;0.29;0.75;0.62;0.06;3.0;0.17;0.6165
8;1.0;0;1.0;0.135;8.0;0.84;0.6325000000000001;0.8;0.075;4.0;0.36;0.9789999999999999;0.75;0.111;6.0;0.31;0.8
10;1.0;0;0.9;0.1;7.0;0.62;0.885;0.6;0.06;3.0;0.29;0.6;0.12;0.0;0.0;0.0;0.725
3;1.0;0;0.7;0.16;8.0;1.0;0.2705;0.8;0.06;3.0;0.29;0.7190000000000001;0.75;0.135;6.0;0.38;0.65
10;1.0;0;0.6;0.079;5.0;0.49;0.61;0.8;0.02;3.0;0.1;0.575;0.88;0.065;5.0;0.18;0.36
3;1.0;1;0.6;0.0;0.0;0.0;0.233;0.8;0.02;2.0;0.1;0.917;0.75;0.0915;4.0;0.26;0.5595
14;1.0;0;0.9;0.12;8.0;0.75;0.625;0.8;0.066;4.0;0.31;0.5;0.75;0.085;5.0;0.24;0.625
14;1.0;0;0.7;0.16;8.0;1.0;0.8699999999999999;0.8;0.06;3.0;0.29;0.75;0.5;0.1;5.0;0.28;0.95
14;1.0;0;0.9;0.145;8.0;0.91;0.635;0.8;0.055999999999999994;3.0;0.27;0.635;0.75;0.1;5.0;0.28;0.45999999999999996
2;1.0;0;0.9;0.16;8.0;1.0;0.78;1.0;0.06;3.0;0.29;0.63;0.88;0.08;4.0;0.23;0.6
2;1.0;0;0.7;0.14;7.0;0.88;0.925;0.6;0.015;1.0;0.07;0.9949999999999999;0.5;0.02;1.0;0.06;0.9199999999999999
8;1.0;1;0.2;0.16;8.0;1.0;0.433;0.2;0.06;3.0;0.29;0.333;0.62;0.04;2.0;0.11;0.358
9;1.0;0;1.0;0.131;8.0;0.82;0.425;1.0;0.055999999999999994;3.0;0.27;0.375;1.0;0.10800000000000001;6.0;0.31;0.55
15;1.0;0;0.9;0.16;8.0;1.0;0.905;0.8;0.04;2.0;0.19;0.865;0.88;0.17;3.0;0.48;0.9199999999999999
3;1.0;0;0.7;0.16;8.0;1.0;0.1285;0.8;0.06;3.0;0.29;0.35;0.5;0.105;6.0;0.3;0.616
2;0.0;0;0.7;0.132;8.0;0.82;0.0;0.4;0.053000000000000005;3.0;0.25;0.85;0.75;0.096;5.0;0.27;0.275
9;1.0;0;0.8;0.145;8.0;0.91;0.775;1.0;0.071;4.0;0.34;0.825;0.88;0.114;6.0;0.32;0.85
15;1.0;0;0.9;0.121;7.0;0.76;0.6855;1.0;0.057999999999999996;3.0;0.28;0.7304999999999999;0.62;0.075;4.0;0.21;0.925
4;0.0;0;0.7;0.14;7.0;0.88;0.316;0.6;0.06;3.0;0.29;0.383;0.62;0.1;4.0;0.28;0.5995
9;1.0;0;1.0;0.14;8.0;0.88;0.76;1.0;0.054000000000000006;3.0;0.26;0.735;0.62;0.099;5.0;0.28;0.8
11;1.0;1;0.6;0.09200000000000001;5.0;0.58;0.485;1.0;0.02;3.0;0.1;0.45;0.12;0.065;4.0;0.18;0.325
17;0.0;0;1.0;0.14049999999999999;8.0;0.88;0.5055;1.0;0.055;3.0;0.26;0.48550000000000004;0.88;0.087;5.0;0.25;0.45
17;0.0;0;1.0;0.1555;8.0;0.97;0.2495;0.8;0.07;4.0;0.33;0.25;0.88;0.1;5.0;0.28;0.3
17;1.0;0;0.9;0.16;8.0;1.0;0.183;0.8;0.05;3.0;0.24;0.604;0.75;0.087;5.0;0.25;0.3665
15;0.0;0;1.0;0.131;8.0;0.82;0.541;1.0;0.056999999999999995;3.0;0.27;0.836;0.88;0.087;5.0;0.25;0.4
12;1.0;0;0.8;0.16;8.0;1.0;0.5690000000000001;0.8;0.0733;4.0;0.35;0.659;0.88;0.3533;7.0;1.0;0.3165
3;1.0;0;0.7;0.06;4.0;0.38;0.7;0.6;0.06;3.0;0.29;0.65;0.38;0.075;4.0;0.21;0.725
17;0.0;0;0.9;0.145;8.0;0.91;0.179;0.4;0.02;2.0;0.1;0.796;0.75;0.085;5.0;0.24;0.45
2;1.0;0;0.7;0.137;8.0;0.86;0.75;0.4;0.055;3.0;0.26;0.755;0.5;0.095;5.0;0.27;0.35
2;1.0;0;0.9;0.16;8.0;1.0;0.20800000000000002;1.0;0.0;0.0;0.0;0.75;1.0;0.0;0.0;0.0;0.37
8;0.0;0;0.8;0.16;8.0;1.0;0.8105;1.0;0.06;3.0;0.29;0.558;0.75;0.1;4.0;0.28;0.533
6;0.0;0;0.9;0.036000000000000004;3.0;0.22;0.375;0.8;0.1;4.0;0.48;0.465;0.75;0.03;2.0;0.08;0.335
4;1.0;1;0.6;0.0;0.0;0.0;0.01;0.6;0.0;0.0;0.0;0.0;0.5;0.0;0.0;0.0;0.1
9;1.0;1;0.3;0.0;0.0;0.0;0.325;0.4;0.0;0.0;0.0;0.0;0.62;0.0;0.0;0.0;0.35
11;1.0;1;0.7;0.14;7.0;0.88;0.7190000000000001;0.8;0.0;0.0;0.0;0.6799999999999999;0.38;0.0;0.0;0.0;0.425
9;0.0;0;0.7;0.16;8.0;1.0;0.73;0.8;0.04;2.0;0.19;0.915;0.75;0.23;6.0;0.65;0.34500000000000003
2;0.0;0;1.0;0.16;8.0;1.0;0.6555;1.0;0.0;0.0;0.0;0.755;0.5;0.0;0.0;0.0;0.4
12;1.0;0;1.0;0.14;7.0;0.88;0.308;0.6;0.0;0.0;0.0;0.71;0.75;0.0;0.0;0.0;0.35
4;1.0;1;0.1;0.0;0.0;0.0;0.0;0.0;0.0;0.0;0.0;0.0;0.0;0.0;0.0;0.0;0.0
13;1.0;1;0.7;0.16;8.0;1.0;0.0;0.8;0.02;1.0;0.1;0.0;0.12;0.0;0.0;0.0;0.0
17;1.0;1;0.7;0.10800000000000001;8.0;0.68;0.3165;0.8;0.01;2.0;0.05;0.2745;0.75;0.015;2.0;0.04;0.45
9;1.0;0;1.0;0.14;7.0;0.88;0.545;1.0;0.0;0.0;0.0;0.8550000000000001;0.88;0.0;0.0;0.0;0.475
6;0.0;0;0.9;0.086;6.0;0.54;0.185;0.8;0.125;4.0;0.6;0.6900000000000001;0.62;0.075;5.0;0.21;0.7150000000000001
2;0.0;0;1.0;0.158;8.0;0.99;0.3995;1.0;0.0;0.0;0.0;0.625;0.88;0.02;1.0;0.06;0.495
9;0.0;0;0.8;0.12;6.0;0.75;0.7150000000000001;1.0;0.01;1.0;0.05;0.95;0.5;0.16;6.0;0.45;0.485
11;0.0;0;0.5;0.16;8.0;1.0;0.4915;0.2;0.0;0.0;0.0;0.6849999999999999;0.12;0.0;0.0;0.0;0.48
9;1.0;1;0.9;0.0;0.0;0.0;0.15;1.0;0.0;0.0;0.0;0.5700000000000001;0.88;0.0;0.0;0.0;0.34500000000000003
2;1.0;0;0.9;0.13699999999999998;8.0;0.86;0.605;0.8;0.15;4.0;0.71;0.875;0.88;0.09;5.0;0.25;0.885
13;0.0;0;1.0;0.14100000000000001;8.0;0.88;0.4;0.8;0.057;3.0;0.27;0.7;0.88;0.098;5.0;0.28;0.6
12;1.0;0;1.0;0.084;5.0;0.52;0.5650000000000001;0.4;0.05;2.0;0.24;0.29;0.5;0.045;3.0;0.13;0.385
2;1.0;0;1.0;0.158;8.0;0.99;0.8;1.0;0.09;4.0;0.43;0.75;1.0;0.10099999999999999;6.0;0.29;0.775
2;1.0;1;0.8;0.057999999999999996;4.0;0.36;0.0;0.6;0.045;3.0;0.21;0.305;0.5;0.04;3.0;0.11;0.16
7;0.0;0;1.0;0.12;7.0;0.75;0.55;1.0;0.12;4.0;0.57;0.67;0.75;0.075;4.0;0.21;0.65
4;1.0;1;0.7;0.0;0.0;0.0;0.0;0.6;0.0;0.0;0.0;0.1;0.75;0.0;0.0;0.0;0.0
9;1.0;1;0.2;0.0;0.0;0.0;0.0;0.8;0.0;0.0;0.0;0.0;0.62;0.0;0.0;0.0;0.0
12;1.0;1;0.9;0.005;1.0;0.03;0.15;0.4;0.04;2.0;0.19;0.205;0.5;0.01;1.0;0.03;0.15
10;1.0;1;0.3;0.0;0.0;0.0;0.10500000000000001;0.4;0.0;0.0;0.0;0.0;0.25;0.0;0.0;0.0;0.11499999999999999
7;0.0;1;1.0;0.062;5.0;0.39;0.5349999999999999;1.0;0.05;2.0;0.24;0.6;0.75;0.0;0.0;0.0;0.45
1;1.0;1;0.7;0.065;5.0;0.41;0.23500000000000001;0.6;0.0;0.0;0.0;0.55;0.75;0.025;2.0;0.07;0.495
4;0.0;1;0.0;0.0;0.0;0.0;0.0;0.0;0.0;0.0;0.0;0.0;0.0;0.0;0.0;0.0;0.0
1;1.0;0;0.9;0.128;8.0;0.8;0.6799999999999999;1.0;0.11;4.0;0.52;0.615;0.62;0.045;3.0;0.13;0.7849999999999999
17;0.0;0;1.0;0.12450000000000001;8.0;0.78;0.29100000000000004;1.0;0.047;3.0;0.22;0.433;1.0;0.099;5.0;0.28;0.23349999999999999
10;1.0;0;0.6;0.14;7.0;0.88;0.825;0.6;0.06;3.0;0.29;0.95;0.38;0.1;5.0;0.28;0.5495
18;1.0;0;0.7;0.13449999999999998;8.0;0.84;0.511;0.2;0.013000000000000001;2.0;0.06;0.5685;0.38;0.053;4.0;0.15;0.4
3;0.0;0;0.9;0.14700000000000002;8.0;0.92;0.7849999999999999;0.8;0.068;4.0;0.32;0.625;0.75;0.096;5.0;0.27;0.665
9;1.0;0;0.8;0.16;8.0;1.0;0.885;1.0;0.02;1.0;0.1;0.8699999999999999;0.75;0.19;4.0;0.54;0.95
14;1.0;0;1.0;0.134;8.0;0.84;0.8949999999999999;0.4;0.16;4.0;0.76;0.7;0.62;0.05;3.0;0.14;0.6849999999999999
9;1.0;0;0.7;0.14;7.0;0.88;0.905;0.8;0.0;0.0;0.0;0.95;0.75;0.055;3.0;0.16;0.47000000000000003
8;0.0;1;1.0;0.128;8.0;0.8;0.34550000000000003;1.0;0.037000000000000005;3.0;0.18;0.183;0.88;0.08;5.0;0.23;0.05
4;1.0;0;0.5;0.125;7.0;0.78;0.47300000000000003;0.2;0.06;3.0;0.29;0.4615;0.62;0.08;3.0;0.23;0.5995
11;1.0;0;0.7;0.09300000000000001;6.0;0.58;0.635;0.6;0.12;4.0;0.57;0.5599999999999999;1.0;0.06;4.0;0.17;0.735
2;1.0;0;0.9;0.13699999999999998;8.0;0.86;0.8949999999999999;0.6;0.11;4.0;0.52;0.7150000000000001;0.38;0.095;5.0;0.27;0.615
10;1.0;0;0.9;0.129;8.0;0.81;0.5900000000000001;0.2;0.07;4.0;0.33;0.825;0.38;0.025;1.0;0.07;0.7
2;1.0;0;0.7;0.16;8.0;1.0;0.663;0.8;0.0;0.0;0.0;0.89;0.75;0.0;0.0;0.0;0.67
12;1.0;0;0.9;0.10800000000000001;8.0;0.68;0.385;0.8;0.08;4.0;0.38;0.48;0.5;0.03;2.0;0.08;0.775
2;0.0;0;1.0;0.14;7.0;0.88;0.743;1.0;0.0;0.0;0.0;0.79;0.88;0.0;0.0;0.0;0.9800000000000001
14;1.0;0;0.9;0.115;8.0;0.72;0.5;0.6;0.1;4.0;0.48;0.39;0.38;0.075;5.0;0.21;0.7150000000000001
10;1.0;0;0.7;0.08800000000000001;5.0;0.55;0.0;0.4;0.09;4.0;0.43;0.665;0.38;0.07;4.0;0.2;0.835
9;1.0;1;0.9;0.065;4.0;0.41;0.0;0.6;0.07;4.0;0.33;0.335;0.62;0.065;5.0;0.18;0.7
8;0.0;1;0.7;0.115;6.0;0.72;0.333;0.8;0.06;3.0;0.29;0.5165;0.5;0.06;3.0;0.17;0.2835
11;1.0;1;1.0;0.068;6.0;0.42;0.0;0.6;0.06;4.0;0.29;0.27999999999999997;0.38;0.06;5.0;0.17;0.585
13;1.0;0;0.7;0.129;8.0;0.81;0.605;0.8;0.14;4.0;0.67;0.8;0.62;0.09;6.0;0.25;0.85
17;0.0;0;1.0;0.1425;8.0;0.89;0.3305;0.8;0.057999999999999996;3.0;0.28;0.4495;1.0;0.095;5.0;0.27;0.45
14;1.0;0;1.0;0.15;8.0;0.94;0.6;1.0;0.04;2.0;0.19;0.55;0.75;0.09;5.0;0.25;0.525
4;1.0;0;0.8;0.1;6.0;0.62;0.55;0.4;0.09;2.0;0.43;0.65;0.75;0.1;5.0;0.28;0.2
4;0.0;1;0.8;0.04;4.0;0.25;0.3;0.8;0.0;0.0;0.0;0.2;0.38;0.0;0.0;0.0;0.0
11;1.0;0;0.6;0.14;7.0;0.88;0.6599999999999999;0.6;0.02;2.0;0.1;0.8099999999999999;0.75;0.11;4.0;0.31;0.4
4;0.0;0;1.0;0.15;8.0;0.94;0.3255;0.8;0.06;3.0;0.29;0.6415;0.62;0.1;4.0;0.28;0.383
8;0.0;0;0.9;0.16;8.0;1.0;0.649;1.0;0.08;4.0;0.38;0.7765;1.0;0.13;6.0;0.37;0.75
2;0.0;0;0.9;0.11;7.0;0.69;0.8;0.6;0.06;3.0;0.29;0.6;0.38;0.06;3.0;0.17;0.5
8;1.0;1;0.9;0.0;0.0;0.0;0.0;0.8;0.0;0.0;0.0;0.0;0.38;0.0;0.0;0.0;0.0
13;1.0;0;1.0;0.1;7.0;0.62;0.6;0.4;0.0;0.0;0.0;0.65;0.62;0.0767;4.0;0.22;0.5915
2;1.0;0;0.9;0.14;8.0;0.88;0.8;0.6;0.04;2.0;0.19;0.85;0.62;0.07;4.0;0.2;0.525
9;1.0;0;1.0;0.15;8.0;0.94;0.7;0.8;0.08;4.0;0.38;0.85;0.62;0.09;5.0;0.25;0.7
12;1.0;0;0.9;0.14;8.0;0.88;0.75;0.4;0.07;4.0;0.33;0.85;0.5;0.09;5.0;0.25;0.7
12;1.0;0;1.0;0.15;8.0;0.94;0.9;1.0;0.06;3.0;0.29;0.95;1.0;0.115;6.0;0.33;0.9
10;0.0;0;1.0;0.15;8.0;0.94;0.65;0.6;0.06;3.0;0.29;0.65;0.88;0.1;5.0;0.28;0.475
0;1.0;1;0.2;0.02;2.0;0.12;0.0;0.0;0.0;0.0;0.0;0.0;0.0;0.0;0.0;0.0;0.0
7;1.0;1;0.0;0.0;0.0;0.0;0.0;0.0;0.0;0.0;0.0;0.0;0.0;0.0;0.0;0.0;0.0
2;1.0;0;0.6;0.12;6.0;0.75;0.915;1.0;0.01;1.0;0.05;0.96;0.62;0.01;1.0;0.03;0.5
10;1.0;0;1.0;0.13;8.0;0.81;0.85;1.0;0.06;3.0;0.29;1.0;0.88;0.085;5.0;0.24;0.625
9;0.0;1;0.7;0.1;6.0;0.62;0.3;1.0;0.06;3.0;0.29;0.4;1.0;0.08;4.0;0.23;0.3835
9;1.0;1;0.4;0.04;4.0;0.25;0.55;1.0;0.04;2.0;0.19;0.8;0.62;0.0;0.0;0.0;0.0
2;1.0;0;0.8;0.08;6.0;0.5;0.0;0.6;0.06;3.0;0.29;0.9;0.75;0.095;5.0;0.27;0.975
9;1.0;0;1.0;0.13;7.0;0.81;1.0;1.0;0.06;3.0;0.29;0.95;0.88;0.06;4.0;0.17;0.625
10;1.0;0;1.0;0.13;8.0;0.81;0.7;1.0;0.06;3.0;0.29;0.85;0.75;0.125;7.0;0.35;0.275
11;1.0;1;0.9;0.06;6.0;0.38;0.45;0.6;0.0;0.0;0.0;0.0;0.25;0.0;0.0;0.0;0.0
1;0.0;0;0.9;0.14;8.0;0.88;0.7;0.8;0.07;4.0;0.33;0.9;0.75;0.105;6.0;0.3;0.75
9;1.0;0;0.6;0.14;8.0;0.88;0.5;0.4;0.07;4.0;0.33;0.7;0.25;0.105;6.0;0.3;0.175
3;0.0;0;0.9;0.14600000000000002;8.0;0.91;0.365;0.8;0.063;4.0;0.3;0.43499999999999994;0.75;0.092;5.0;0.26;0.915
9;1.0;0;1.0;0.12;8.0;0.75;0.7;1.0;0.06;3.0;0.29;0.8;0.62;0.065;4.0;0.18;0.75
13;0.0;0;1.0;0.13;8.0;0.81;0.7;1.0;0.06;3.0;0.29;0.75;1.0;0.125;6.0;0.35;0.575
13;1.0;1;0.9;0.1;7.0;0.62;0.8;1.0;0.0;0.0;0.0;0.65;0.88;0.05;3.0;0.14;0.0
14;1.0;0;0.9;0.09;5.0;0.56;0.8;0.8;0.07;4.0;0.33;0.8;0.25;0.1;6.0;0.28;0.05
11;1.0;1;0.0;0.14;7.0;0.88;0.0;0.0;0.0;0.0;0.0;0.0;0.12;0.0;0.0;0.0;0.0
3;1.0;0;0.9;0.07100000000000001;5.0;0.44;0.51;0.4;0.0;0.0;0.0;0.49000000000000005;0.88;0.054000000000000006;3.0;0.15;0.5900000000000001
24;0.0;0;1.0;0.11699999999999999;7.0;0.73;0.625;0.8;0.105;4.0;0.5;0.665;1.0;0.07;5.0;0.2;0.5349999999999999
13;1.0;0;0.9;0.11;7.0;0.69;0.8;0.4;0.06;3.0;0.29;1.0;0.75;0.07;4.0;0.2;0.375
4;0.0;0;1.0;0.10899999999999999;7.0;0.68;0.65;1.0;0.065;4.0;0.31;0.735;1.0;0.11800000000000001;6.0;0.33;0.7849999999999999
8;1.0;0;1.0;0.14300000000000002;8.0;0.89;0.75;1.0;0.086;4.0;0.41;0.5349999999999999;0.88;0.1;5.0;0.28;0.805
24;1.0;1;1.0;0.04;2.0;0.25;0.29;0.6;0.0;0.0;0.0;0.15;0.38;0.0;0.0;0.0;0.0
4;0.0;0;1.0;0.131;8.0;0.82;0.55;0.8;0.062;4.0;0.3;0.725;0.88;0.098;5.0;0.28;0.485
10;1.0;0;1.0;0.14;8.0;0.88;0.45;0.8;0.11;4.0;0.52;0.7;0.88;0.09;5.0;0.25;0.75
12;1.0;0;1.0;0.14;8.0;0.88;0.7;1.0;0.06;3.0;0.29;0.0;0.75;0.095;5.0;0.27;0.625
9;1.0;0;0.9;0.08;6.0;0.5;0.65;1.0;0.095;4.0;0.45;0.65;0.62;0.055;4.0;0.16;0.45
10;1.0;0;0.7;0.12300000000000001;8.0;0.77;0.865;1.0;0.12;4.0;0.57;0.8099999999999999;1.0;0.095;5.0;0.27;0.525
14;0.0;0;0.8;0.14;7.0;0.88;0.46299999999999997;0.8;0.0;0.0;0.0;0.825;0.88;0.02;1.0;0.06;0.8949999999999999
9;0.0;0;1.0;0.15;8.0;0.94;0.55;0.6;0.1;4.0;0.48;0.85;0.62;0.105;6.0;0.3;0.55
11;1.0;1;0.4;0.12;6.0;0.75;0.0;0.4;0.04;2.0;0.19;0.5;0.5;0.07;4.0;0.2;0.0
1;0.0;0;0.7;0.14200000000000002;8.0;0.89;0.1915;0.8;0.079;4.0;0.38;0.4725;0.88;0.079;5.0;0.22;0.6665
9;1.0;0;0.6;0.127;8.0;0.79;0.0;0.4;0.0704;4.0;0.34;0.47750000000000004;0.25;0.08439999999999999;6.0;0.24;0.683
20;1.0;0;0.9;0.159;8.0;0.99;0.5835;0.8;0.095;4.0;0.45;0.6214999999999999;0.75;0.10400000000000001;6.0;0.29;0.5165
9;1.0;0;1.0;0.099;7.0;0.62;0.4915;1.0;0.07;4.0;0.33;0.6665;0.88;0.099;5.0;0.28;0.6325000000000001
12;1.0;0;0.9;0.16;8.0;1.0;0.744;0.4;0.0;0.0;0.0;0.845;0.75;0.0;0.0;0.0;0.45
22;1.0;1;0.9;0.0908;6.0;0.57;0.4835;0.8;0.04479999999999999;4.0;0.21;0.255;0.38;0.023;2.0;0.07;0.08299999999999999
12;1.0;0;0.9;0.14;7.0;0.88;0.885;0.8;0.05;3.0;0.24;0.8400000000000001;0.75;0.0;0.0;0.0;0.85
4;0.0;0;0.9;0.132;7.0;0.82;0.6245;0.8;0.06;3.0;0.29;0.735;0.88;0.145;6.0;0.41;0.4835
1;0.0;0;0.9;0.128;8.0;0.8;0.5;0.8;0.079;4.0;0.38;0.581;0.5;0.084;5.0;0.24;0.608
11;1.0;0;0.9;0.141;8.0;0.88;0.6625;0.8;0.08;4.0;0.38;0.8664999999999999;0.75;0.0848;6.0;0.24;0.6745
9;0.0;0;0.9;0.16;8.0;1.0;0.433;1.0;0.06;3.0;0.29;0.5275000000000001;0.75;0.12;6.0;0.34;0.683
17;0.0;1;0.9;0.121;8.0;0.76;0.12;0.4;0.055999999999999994;3.0;0.27;0.3165;0.62;0.047;5.0;0.13;0.2835
3;1.0;0;0.9;0.14;8.0;0.88;0.85;0.0;0.08;4.0;0.38;0.75;0.25;0.087;4.0;0.25;0.0
4;0.0;0;1.0;0.14;7.0;0.88;0.544;1.0;0.06;3.0;0.29;0.7275;0.88;0.1;5.0;0.28;0.6995
11;1.0;0;0.6;0.14;7.0;0.88;0.6105;0.4;0.0;0.0;0.0;0.805;0.38;0.0;0.0;0.0;0.43499999999999994
10;0.0;0;1.0;0.159;8.0;0.99;0.7715;1.0;0.09;4.0;0.43;0.786;1.0;0.13;7.0;0.37;0.4665
9;1.0;0;0.5;0.158;8.0;0.99;0.8025;0.4;0.0;0.0;0.0;0.8949999999999999;0.62;0.0;0.0;0.0;0.0
2;0.0;0;1.0;0.159;8.0;0.99;0.7815000000000001;1.0;0.09;4.0;0.43;0.6835;0.88;0.129;7.0;0.37;0.8664999999999999
2;1.0;0;1.0;0.149;8.0;0.93;0.7215;1.0;0.09;4.0;0.43;0.7275;0.75;0.105;5.0;0.3;0.7835
3;1.0;1;0.5;0.02;2.0;0.12;0.25;0.2;0.02;1.0;0.1;0.0;0.0;0.0;0.0;0.0;0.0
6;1.0;1;0.3;0.0;0.0;0.0;0.08499999999999999;0.2;0.0;0.0;0.0;0.135;0.25;0.0;0.0;0.0;0.0
24;0.0;0;1.0;0.133;8.0;0.83;0.375;0.6;0.053;3.0;0.25;0.675;1.0;0.09699999999999999;5.0;0.27;0.55
24;1.0;1;0.7;0.022000000000000002;2.0;0.14;0.1;0.2;0.0;0.0;0.0;0.0;0.25;0.0;0.0;0.0;0.0
17;1.0;1;0.9;0.132;8.0;0.82;0.1;0.8;0.01;2.0;0.05;0.5;0.75;0.045;4.0;0.13;0.3665
11;1.0;0;0.8;0.158;8.0;0.99;0.554;1.0;0.0;0.0;0.0;0.865;0.75;0.0;0.0;0.0;0.5
11;1.0;1;0.0;0.0;0.0;0.0;0.0;0.0;0.0;0.0;0.0;0.0;0.0;0.0;0.0;0.0;0.0
15;0.0;0;0.9;0.16;8.0;1.0;0.696;0.8;0.06;3.0;0.29;0.746;0.75;0.1;5.0;0.28;0.583
21;1.0;1;0.0;0.0;0.0;0.0;0.0;0.0;0.0;0.0;0.0;0.0;0.12;0.0;0.0;0.0;0.05
4;0.0;0;0.7;0.06499999999999999;6.0;0.41;0.41500000000000004;0.6;0.006;1.0;0.03;0.64;0.88;0.099;6.0;0.28;0.65
4;0.0;1;0.1;0.0;0.0;0.0;0.1;0.4;0.06;3.0;0.29;0.0;0.12;0.0;0.0;0.0;0.0
10;1.0;0;1.0;0.0522;5.0;0.33;0.736;1.0;0.049;3.0;0.23;0.9164999999999999;0.88;0.075;4.0;0.21;0.417
14;1.0;0;0.9;0.136;8.0;0.85;0.73;1.0;0.048;3.0;0.23;0.735;0.88;0.11969999999999999;6.0;0.34;0.865
9;1.0;0;1.0;0.11900000000000001;8.0;0.74;0.8915;1.0;0.098;4.0;0.47;0.8939999999999999;0.88;0.11;6.0;0.31;0.7335
14;1.0;0;1.0;0.1292;8.0;0.81;0.379;1.0;0.07;4.0;0.33;0.5725;1.0;0.094;6.0;0.27;0.333
17;0.0;0;0.9;0.10200000000000001;8.0;0.64;0.7605000000000001;0.8;0.032;2.0;0.15;0.678;0.75;0.098;6.0;0.28;0.9
3;0.0;1;0.6;0.04;2.0;0.25;0.4415;0.8;0.02;1.0;0.1;0.8164999999999999;0.38;0.02;1.0;0.06;0.4915
4;1.0;0;1.0;0.16;8.0;1.0;0.3915;1.0;0.06;3.0;0.29;0.383;1.0;0.125;6.0;0.35;0.5495
14;1.0;0;1.0;0.139;8.0;0.87;0.5675;1.0;0.08;4.0;0.38;0.806;0.75;0.09;5.0;0.25;0.783
11;1.0;0;1.0;0.15;8.0;0.94;0.275;1.0;0.07;4.0;0.33;0.489;1.0;0.11;6.0;0.31;0.625
15;1.0;0;0.7;0.134;8.0;0.84;0.525;0.4;0.057;3.0;0.27;0.6900000000000001;0.75;0.08;4.0;0.23;1.0
4;0.0;0;1.0;0.13;8.0;0.81;0.7195;1.0;0.06;3.0;0.29;0.7895;0.88;0.09;5.0;0.25;0.9
15;1.0;1;0.4;0.044000000000000004;5.0;0.28;0.32999999999999996;0.4;0.023;3.0;0.11;0.0;0.0;0.04;3.0;0.11;0.0
4;0.0;0;1.0;0.12;7.0;0.75;0.39449999999999996;0.8;0.10859999999999999;4.0;0.52;0.8875;0.62;0.05;3.0;0.14;0.875
13;1.0;0;1.0;0.0742;6.0;0.46;0.3285;1.0;0.051399999999999994;3.0;0.24;0.6625;1.0;0.053;4.0;0.15;0.5245
9;1.0;1;0.9;0.0616;5.0;0.38;0.506;0.8;0.0176;2.0;0.08;0.4165;0.38;0.0548;4.0;0.16;0.333
2;1.0;0;0.7;0.14120000000000002;8.0;0.88;0.7769999999999999;0.6;0.099;4.0;0.47;0.917;0.38;0.0834;5.0;0.24;0.633
24;1.0;1;1.0;0.12299999999999998;7.0;0.77;0.45;0.8;0.052000000000000005;3.0;0.25;0.425;1.0;0.053000000000000005;3.0;0.15;0.45
11;1.0;0;0.9;0.113;6.0;0.71;0.721;0.8;0.08900000000000001;4.0;0.42;0.9015000000000001;0.75;0.0924;6.0;0.26;0.6995
15;1.0;1;0.4;0.084;7.0;0.52;0.37;0.6;0.006;1.0;0.03;0.635;0.38;0.02;1.0;0.06;0.0
9;1.0;0;0.7;0.139;8.0;0.87;0.47750000000000004;0.6;0.067;4.0;0.32;0.775;0.75;0.07400000000000001;4.0;0.21;0.683
24;0.0;0;1.0;0.132;8.0;0.82;0.425;1.0;0.055999999999999994;3.0;0.27;0.225;1.0;0.078;4.0;0.22;0.3
19;1.0;1;0.8;0.01;1.0;0.06;0.3485;0.8;0.0282;2.0;0.13;0.0;0.12;0.0;0.0;0.0;0.1
14;1.0;1;0.4;0.106;7.0;0.66;0.0725;0.4;0.079;4.0;0.38;0.181;0.25;0.06380000000000001;5.0;0.18;0.28300000000000003
15;1.0;0;0.9;0.147;8.0;0.92;0.564;0.4;0.06;3.0;0.29;0.733;0.5;0.1;5.0;0.28;0.7915
4;0.0;0;0.9;0.08;7.0;0.5;0.3275;0.6;0.06;3.0;0.29;0.7795;0.62;0.07;4.0;0.2;0.6495
9;1.0;1;1.0;0.026000000000000002;2.0;0.16;0.2835;1.0;0.0;0.0;0.0;0.0;0.5;0.0736;4.0;0.21;0.14950000000000002
2;0.0;0;1.0;0.158;8.0;0.99;0.42300000000000004;1.0;0.0;0.0;0.0;0.72;0.88;0.0;0.0;0.0;0.735
9;1.0;0;0.7;0.084;6.0;0.52;0.5335;0.2;0.0694;4.0;0.33;0.689;0.25;0.0688;5.0;0.19;0.625
9;1.0;0;0.5;0.1042;8.0;0.65;0.5974999999999999;0.6;0.0794;4.0;0.38;0.6;0.25;0.0754;5.0;0.21;0.5995
9;1.0;0;1.0;0.10020000000000001;7.0;0.63;0.3165;0.8;0.048;3.0;0.23;0.7275;0.62;0.0688;5.0;0.19;0.9914999999999999
11;1.0;0;0.6;0.16;8.0;1.0;0.4375;0.8;0.1489;4.0;0.71;0.3665;0.75;0.1525;6.0;0.43;0.9
2;1.0;0;0.9;0.12;6.0;0.75;0.4375;0.8;0.12890000000000001;3.0;0.61;0.5;0.88;0.1641;7.0;0.46;0.7245
7;0.0;0;0.9;0.078;5.0;0.49;0.45999999999999996;0.8;0.09;3.0;0.43;0.585;0.5;0.09;6.0;0.25;0.45
11;1.0;1;0.7;0.12;6.0;0.75;0.0;0.8;0.0;0.0;0.0;0.35;0.62;0.13;3.0;0.37;0.0
13;1.0;0;0.9;0.12;6.0;0.75;0.4335;0.8;0.10099999999999999;3.0;0.48;0.35;0.75;0.1305;6.0;0.37;0.9164999999999999
3;1.0;0;0.8;0.16;8.0;1.0;0.1835;0.4;0.06;3.0;0.29;0.489;0.62;0.1;5.0;0.28;0.55
2;0.0;0;0.8;0.12;6.0;0.75;0.43;1.0;0.0644;1.0;0.31;0.4;0.88;0.0842;4.0;0.24;0.9085000000000001
17;0.0;0;0.8;0.11;7.0;0.69;0.7;0.4;0.07;4.0;0.33;0.85;0.88;0.06;3.0;0.17;0.767
23;1.0;0;1.0;0.13699999999999998;8.0;0.86;0.371;1.0;0.051;3.0;0.24;0.8210000000000001;0.62;0.057999999999999996;3.0;0.16;0.678
4;0.0;0;1.0;0.16;8.0;1.0;0.4835;1.0;0.07;4.0;0.33;0.884;0.88;0.125;6.0;0.35;0.9164999999999999
2;1.0;0;0.7;0.12;6.0;0.75;0.3125;0.8;0.0433;1.0;0.21;0.475;0.62;0.12240000000000001;4.0;0.35;0.0
9;1.0;1;0.2;0.02;1.0;0.12;0.0;0.0;0.0;0.0;0.0;0.0;0.0;0.0;0.0;0.0;0.0
2;0.0;0;1.0;0.16;8.0;1.0;0.669;1.0;0.0;0.0;0.0;0.825;0.75;0.0;0.0;0.0;0.45
13;0.0;0;0.9;0.12;6.0;0.75;0.26349999999999996;0.8;0.0287;1.0;0.14;0.5;0.75;0.0802;3.0;0.23;0.8335000000000001
9;1.0;0;0.9;0.12;6.0;0.75;0.3835;0.6;0.0683;2.0;0.33;0.45;0.5;0.11539999999999999;4.0;0.33;0.683
10;1.0;0;0.9;0.06;3.0;0.38;0.3665;1.0;0.096;2.0;0.46;0.5;0.88;0.1266;2.0;0.36;1.0
4;0.0;0;0.9;0.16;8.0;1.0;0.487;0.8;0.065;4.0;0.31;0.333;0.75;0.105;6.0;0.3;0.3165
14;1.0;0;0.8;0.1;5.0;0.62;0.3375;0.6;0.1;1.0;0.48;0.5;0.62;0.0644;2.0;0.18;0.767
1;1.0;0;0.8;0.06;3.0;0.38;0.3;1.0;0.0633;1.0;0.3;0.4165;0.88;0.0745;3.0;0.21;0.833
15;1.0;1;0.2;0.042;4.0;0.26;0.39;0.6;0.003;1.0;0.01;0.605;0.25;0.05;3.0;0.14;0.0
12;1.0;0;0.9;0.12;6.0;0.75;0.5;1.0;0.0538;1.0;0.26;0.3;0.88;0.0902;4.0;0.26;0.6995
1;0.0;0;1.0;0.12;6.0;0.75;0.308;1.0;0.0867;1.0;0.41;0.4665;0.88;0.0883;3.0;0.25;0.65
9;1.0;0;0.9;0.08;4.0;0.5;0.4165;0.6;0.0975;2.0;0.46;0.5;0.75;0.2;6.0;0.57;0.9664999999999999
10;1.0;0;0.9;0.12;6.0;0.75;0.0;0.8;0.035;1.0;0.17;0.3;0.75;0.0695;4.0;0.2;0.4
2;1.0;1;0.9;0.12;6.0;0.75;0.0;0.2;0.0;0.0;0.0;0.0;0.38;0.01;1.0;0.03;0.0
10;0.0;0;0.9;0.12;6.0;0.75;0.421;0.8;0.0433;1.0;0.21;0.5;0.62;0.12029999999999999;3.0;0.34;0.7255
4;1.0;0;0.7;0.06;5.0;0.38;0.65;0.8;0.07;4.0;0.33;0.8;0.25;0.09699999999999999;5.0;0.27;0.425
3;1.0;0;1.0;0.04;3.0;0.25;0.471;1.0;0.06;3.0;0.29;0.621;0.5;0.1183;5.0;0.33;0.5665
2;1.0;0;0.7;0.08;4.0;0.5;0.3;0.8;0.0938;2.0;0.45;0.3335;0.5;0.1017;2.0;0.29;0.773
4;0.0;0;0.7;0.0867;7.0;0.54;0.61;0.8;0.048;3.0;0.23;0.71;0.62;0.098;5.0;0.28;0.765
4;1.0;0;0.9;0.13799999999999998;8.0;0.86;0.44000000000000006;1.0;0.069;4.0;0.33;0.89;0.75;0.08;4.0;0.23;0.635
9;1.0;1;0.6;0.08;4.0;0.5;0.0;0.8;0.0;0.0;0.0;0.0;0.38;0.051699999999999996;2.0;0.15;0.0
10;0.0;0;0.7;0.16;8.0;1.0;0.629;0.8;0.0;0.0;0.0;0.85;1.0;0.0;0.0;0.0;0.85
11;0.0;0;0.8;0.16;8.0;1.0;0.7035;0.6;0.0;0.0;0.0;0.8699999999999999;0.88;0.0167;1.0;0.05;0.385
12;0.0;0;1.0;0.12;6.0;0.75;0.3;1.0;0.09720000000000001;1.0;0.46;0.4335;1.0;0.09949999999999999;4.0;0.28;0.925
2;1.0;0;0.9;0.12;6.0;0.75;0.4;1.0;0.046799999999999994;1.0;0.22;0.3;1.0;0.0733;4.0;0.21;0.675
15;1.0;0;0.8;0.15;8.0;0.94;0.7075;1.0;0.06;3.0;0.29;0.9164999999999999;1.0;0.105;5.0;0.3;0.5415
11;1.0;0;0.8;0.08;4.0;0.5;0.45;0.4;0.0738;1.0;0.35;0.5;0.75;0.17;4.0;0.48;0.9664999999999999
4;1.0;1;0.8;0.05;5.0;0.31;0.314;0.2;0.04;2.0;0.19;0.43899999999999995;0.62;0.14;6.0;0.4;0.5665
9;1.0;0;0.9;0.12;6.0;0.75;0.1;0.8;0.0417;1.0;0.2;0.45;0.75;0.05779999999999999;3.0;0.16;0.683
15;1.0;0;0.8;0.145;8.0;0.91;0.536;0.8;0.06;3.0;0.29;0.507;0.75;0.1;5.0;0.28;0.675
4;1.0;1;0.7;0.06;5.0;0.38;0.45;0.4;0.03;2.0;0.14;0.75;0.25;0.0;0.0;0.0;0.0
0;0.0;0;1.0;0.16;8.0;1.0;0.925;0.8;0.05;1.0;0.24;0.9949999999999999;0.88;0.03;1.0;0.08;0.8
8;1.0;1;0.3;0.0;0.0;0.0;0.0;0.0;0.0;0.0;0.0;0.0;0.0;0.0;0.0;0.0;0.0
10;1.0;0;0.8;0.12;6.0;0.75;0.475;0.6;0.11720000000000001;2.0;0.56;0.45;0.38;0.128;3.0;0.36;0.9164999999999999
24;0.0;1;1.0;0.125;8.0;0.78;0.15;0.6;0.054000000000000006;4.0;0.26;0.225;0.88;0.054000000000000006;3.0;0.15;0.1
4;0.0;0;0.9;0.14;8.0;0.88;0.8;1.0;0.06;3.0;0.29;0.8;0.75;0.098;5.0;0.28;0.5
14;0.0;0;0.9;0.12;6.0;0.75;0.3;0.8;0.0915;4.0;0.44;0.3335;1.0;0.1328;5.0;0.38;0.825
17;1.0;0;0.9;0.141;8.0;0.88;0.29100000000000004;0.8;0.047;4.0;0.22;0.6125;0.75;0.068;4.0;0.19;0.5665
9;0.0;0;0.9;0.12;6.0;0.75;0.35;0.8;0.0572;1.0;0.27;0.4335;0.88;0.1775;6.0;0.5;0.7995
24;1.0;0;0.8;0.135;8.0;0.84;0.65;1.0;0.06;1.0;0.29;0.635;1.0;0.08;5.0;0.23;0.65
14;1.0;0;0.7;0.11;7.0;0.69;0.7;0.8;0.08;4.0;0.38;0.85;0.5;0.05;2.0;0.14;0.5
2;1.0;0;0.8;0.12;6.0;0.75;0.7525000000000001;0.4;0.0;0.0;0.0;0.925;0.38;0.0;0.0;0.0;0.45
3;0.0;0;1.0;0.15;8.0;0.94;0.697;1.0;0.06;3.0;0.29;0.7685;0.88;0.08;4.0;0.23;0.95
17;0.0;0;0.9;0.09899999999999999;8.0;0.62;0.6025;0.8;0.045;3.0;0.21;0.9724999999999999;0.5;0.036000000000000004;2.0;0.1;1.0
4;0.0;0;0.9;0.13;8.0;0.81;0.55;0.4;0.13;4.0;0.62;0.7;1.0;0.12;5.0;0.34;0.45
14;1.0;1;0.3;0.14;7.0;0.88;0.0;0.6;0.08;4.0;0.38;0.0;0.12;0.01;1.0;0.03;0.0
12;1.0;0;1.0;0.16;8.0;1.0;0.6355000000000001;1.0;0.05;1.0;0.24;0.9199999999999999;0.75;0.0;0.0;0.0;0.9199999999999999
4;0.0;0;0.9;0.12;7.0;0.75;0.2585;0.8;0.06;3.0;0.29;0.659;0.75;0.1;5.0;0.28;0.616
9;1.0;0;0.3;0.14;8.0;0.88;0.484;0.8;0.07;4.0;0.33;0.683;0.75;0.1;5.0;0.28;0.425
24;1.0;0;1.0;0.113;7.0;0.71;0.7;0.4;0.0;0.0;0.0;0.49000000000000005;1.0;0.05;3.0;0.14;0.185
7;1.0;0;1.0;0.10800000000000001;7.0;0.68;0.45999999999999996;1.0;0.06;2.0;0.29;0.44000000000000006;0.88;0.01;1.0;0.03;0.635
3;0.0;0;0.8;0.09;6.0;0.56;0.7035;1.0;0.06;3.0;0.29;0.5385;0.75;0.09;5.0;0.25;0.3835
3;1.0;1;0.8;0.05;4.0;0.31;0.3915;1.0;0.04;2.0;0.19;0.28300000000000003;0.5;0.05;3.0;0.14;0.3
10;0.0;0;0.9;0.14;7.0;0.88;0.629;0.8;0.0;0.0;0.0;0.795;0.62;0.0;0.0;0.0;0.645
10;1.0;0;0.9;0.16;8.0;1.0;0.7665;0.8;0.0;0.0;0.0;0.7849999999999999;0.75;0.0;0.0;0.0;1.0
9;0.0;0;0.5;0.158;8.0;0.99;0.136;0.2;0.08800000000000001;4.0;0.42;0.4835;0.38;0.05539999999999999;4.0;0.16;0.925
7;0.0;0;0.9;0.061;4.0;0.38;0.45999999999999996;0.8;0.1;4.0;0.48;0.485;0.75;0.07;5.0;0.2;0.65
2;0.0;0;0.6;0.10160000000000002;8.0;0.64;0.6235;0.2;0.0;0.0;0.0;0.4665;0.38;0.0192;1.0;0.05;0.608
12;1.0;1;0.5;0.01;1.0;0.06;0.0;0.2;0.0;0.0;0.0;0.0;0.0;0.0;0.0;0.0;0.0
9;1.0;0;0.9;0.124;8.0;0.78;0.755;0.8;0.065;4.0;0.31;0.61;1.0;0.07;4.0;0.2;0.45999999999999996
9;1.0;0;0.9;0.08800000000000001;8.0;0.55;0.6519999999999999;0.4;0.0504;4.0;0.24;0.5780000000000001;0.75;0.05540000000000001;4.0;0.16;0.808
15;1.0;0;1.0;0.11599999999999999;7.0;0.72;0.765;1.0;0.068;4.0;0.32;0.865;1.0;0.076;4.0;0.22;0.7
17;0.0;0;0.9;0.086;6.0;0.54;0.508;0.8;0.0;0.0;0.0;0.8875;0.5;0.039;2.0;0.11;0.95
9;0.0;0;1.0;0.14800000000000002;8.0;0.92;0.5820000000000001;1.0;0.08;4.0;0.38;0.6639999999999999;0.75;0.109;6.0;0.31;0.6995
24;1.0;0;0.8;0.095;6.0;0.59;0.65;1.0;0.06;1.0;0.29;0.6599999999999999;0.88;0.03;2.0;0.08;0.43499999999999994
9;1.0;1;0.3;0.01;1.0;0.06;0.0;0.2;0.0;0.0;0.0;0.0;0.5;0.0;0.0;0.0;0.1565
21;1.0;0;1.0;0.16;8.0;1.0;0.475;1.0;0.06;3.0;0.29;0.6555;0.88;0.1;5.0;0.28;0.5665
1;0.0;0;0.9;0.1;6.0;0.62;0.45999999999999996;0.8;0.065;4.0;0.31;0.375;0.75;0.09;5.0;0.25;0.725
2;0.0;0;1.0;0.159;8.0;0.99;0.40199999999999997;1.0;0.08900000000000001;4.0;0.42;0.564;0.75;0.11;6.0;0.31;0.7255
9;1.0;0;0.9;0.115;6.0;0.72;0.67;0.8;0.06;2.0;0.29;0.835;0.75;0.07;4.0;0.2;0.43499999999999994
10;1.0;0;1.0;0.14800000000000002;8.0;0.92;0.8400000000000001;1.0;0.069;4.0;0.33;0.7505;0.75;0.0924;5.0;0.26;0.541
6;0.0;0;0.7;0.11599999999999999;7.0;0.72;0.121;0.2;0.08;4.0;0.38;0.5555;0.62;0.11;6.0;0.31;0.5335
13;1.0;0;1.0;0.115;6.0;0.72;0.43;1.0;0.035;2.0;0.17;0.5;0.5;0.07;5.0;0.2;0.15
10;1.0;0;0.9;0.14120000000000002;8.0;0.88;0.6565000000000001;0.8;0.08900000000000001;4.0;0.42;0.975;0.5;0.11;6.0;0.31;0.95
9;1.0;0;0.7;0.12;7.0;0.75;0.8164999999999999;0.8;0.059000000000000004;3.0;0.28;0.6639999999999999;1.0;0.124;6.0;0.35;0.23349999999999999
4;0.0;0;0.3;0.137;8.0;0.86;0.341;0.8;0.07;4.0;0.33;0.3665;0.38;0.0774;5.0;0.22;0.6665
2;1.0;0;0.7;0.14;7.0;0.88;0.8;0.8;0.04;2.0;0.19;0.97;0.88;0.11;2.0;0.31;0.9949999999999999
10;1.0;1;0.6;0.09600000000000002;6.0;0.6;0.0;0.2;0.01;1.0;0.05;0.0;0.0;0.0;0.0;0.0;0.0
17;1.0;1;0.7;0.0;0.0;0.0;0.35;0.8;0.0;0.0;0.0;0.9724999999999999;0.75;0.0;0.0;0.0;0.7165
9;1.0;0;0.7;0.16;8.0;1.0;0.47050000000000003;0.8;0.06;3.0;0.29;0.7135;0.62;0.08;4.0;0.23;0.4665
9;1.0;1;0.7;0.059000000000000004;3.0;0.37;0.71;0.4;0.01;1.0;0.05;0.52;0.5;0.01;1.0;0.03;0.585
17;0.0;1;0.8;0.048;5.0;0.3;0.48;0.8;0.0;0.0;0.0;0.5495;0.75;0.0;0.0;0.0;0.7
12;1.0;1;0.0;0.0;0.0;0.0;0.42350000000000004;0.0;0.0;0.0;0.0;0.35;0.38;0.02;1.0;0.06;0.2835
2;1.0;0;0.0;0.13;8.0;0.81;0.0;0.0;0.055;3.0;0.26;0.0;0.12;0.1;5.0;0.28;0.335
2;0.0;0;1.0;0.13;8.0;0.81;0.525;1.0;0.115;4.0;0.55;0.725;0.75;0.1;5.0;0.28;0.5
9;1.0;0;0.7;0.1142;8.0;0.71;0.757;0.6;0.077;4.0;0.37;0.8089999999999999;0.5;0.05540000000000001;4.0;0.16;0.6415
19;0.0;1;0.8;0.045;3.0;0.28;0.425;0.8;0.0;0.0;0.0;0.639;0.75;0.0;0.0;0.0;0.6665
4;0.0;0;1.0;0.07;6.0;0.44;0.314;1.0;0.06;3.0;0.29;0.679;0.75;0.1198;6.0;0.34;0.508
6;0.0;0;0.9;0.139;8.0;0.87;0.658;0.8;0.098;4.0;0.47;0.7195;0.75;0.09;5.0;0.25;0.25
4;0.0;0;1.0;0.09;6.0;0.56;0.466;1.0;0.06;3.0;0.29;0.686;0.88;0.07;4.0;0.2;0.75
10;1.0;0;0.9;0.12500000000000003;8.0;0.78;0.4995;0.8;0.07;4.0;0.33;0.617;0.75;0.084;5.0;0.24;0.3835
9;1.0;0;1.0;0.125;8.0;0.78;0.425;1.0;0.054000000000000006;3.0;0.26;0.6;1.0;0.098;5.0;0.28;0.4
2;0.0;0;1.0;0.13;8.0;0.81;0.7;1.0;0.053000000000000005;3.0;0.25;0.825;0.88;0.096;5.0;0.27;0.8
9;1.0;0;0.6;0.115;7.0;0.72;0.45;0.2;0.06;4.0;0.29;0.325;0.62;0.09299999999999999;6.0;0.26;0.5
0;1.0;1;1.0;0.08;6.0;0.5;0.36;1.0;0.055;3.0;0.26;0.37;0.75;0.065;5.0;0.18;0.08499999999999999
9;1.0;0;0.7;0.145;8.0;0.91;0.73;0.8;0.145;4.0;0.69;0.7;1.0;0.1;5.0;0.28;0.635
13;1.0;1;0.8;0.071;5.0;0.44;0.55;0.8;0.0;0.0;0.0;0.0;0.12;0.0;0.0;0.0;0.0
11;1.0;1;0.9;0.048;4.0;0.3;0.2375;0.8;0.018000000000000002;1.0;0.09;0.3585;0.62;0.02;2.0;0.06;0.0
10;1.0;1;0.7;0.06;3.0;0.38;0.86;0.8;0.0;0.0;0.0;0.915;0.5;0.0;0.0;0.0;0.9199999999999999
17;1.0;0;1.0;0.12299999999999998;7.0;0.77;0.6;1.0;0.066;4.0;0.31;0.6935;0.88;0.01;1.0;0.03;0.825
3;1.0;0;0.7;0.1;6.0;0.62;0.8;0.8;0.10099999999999999;4.0;0.48;0.9;0.88;0.079;4.0;0.22;0.525
9;1.0;0;0.8;0.14;7.0;0.88;0.865;1.0;0.04;2.0;0.19;0.945;0.75;0.0;0.0;0.0;0.29500000000000004
4;1.0;0;0.7;0.06;5.0;0.38;0.2585;0.4;0.04;2.0;0.19;0.5445;0.62;0.125;6.0;0.35;0.6
9;1.0;0;1.0;0.121;8.0;0.76;0.325;1.0;0.06;4.0;0.29;0.275;1.0;0.079;5.0;0.22;0.4
2;1.0;0;0.6;0.135;8.0;0.84;0.9;0.6;0.063;4.0;0.3;0.85;0.5;0.10099999999999999;6.0;0.29;0.825
11;1.0;1;0.0;0.0;0.0;0.0;0.0;0.0;0.0;0.0;0.0;0.0;0.0;0.0;0.0;0.0;0.0
10;1.0;1;0.6;0.09699999999999999;6.0;0.61;0.0;0.6;0.027999999999999997;3.0;0.13;0.97;0.75;0.05;5.0;0.14;0.265
15;1.0;1;0.3;0.083;5.0;0.52;0.71;0.4;0.008;1.0;0.04;0.315;0.0;0.0;0.0;0.0;0.0
3;1.0;1;0.8;0.06;4.0;0.38;0.3;0.8;0.02;1.0;0.1;0.5;0.62;0.057;3.0;0.16;0.45
9;1.0;0;1.0;0.128;8.0;0.8;0.825;1.0;0.05199999999999999;4.0;0.25;0.775;0.5;0.092;5.0;0.26;0.6
9;1.0;0;0.7;0.10099999999999999;8.0;0.63;0.525;0.2;0.05800000000000001;4.0;0.28;0.675;0.38;0.098;6.0;0.28;0.55
7;0.0;0;0.9;0.10800000000000001;6.0;0.68;0.8550000000000001;0.8;0.11;4.0;0.52;0.905;0.75;0.105;6.0;0.3;0.875
12;1.0;0;1.0;0.11599999999999999;8.0;0.72;0.525;1.0;0.054000000000000006;3.0;0.26;0.75;0.88;0.054000000000000006;3.0;0.15;0.75
6;0.0;1;0.5;0.12;8.0;0.75;0.183;0.8;0.06;3.0;0.29;0.3665;0.5;0.07;4.0;0.2;0.233
3;1.0;1;0.9;0.0;0.0;0.0;0.225;0.6;0.06;3.0;0.29;0.4165;0.38;0.105;3.0;0.3;0.6495
8;0.0;0;0.9;0.16;8.0;1.0;0.665;0.8;0.04;2.0;0.19;0.725;0.88;0.1;5.0;0.28;0.425
2;1.0;0;0.8;0.16;8.0;1.0;0.591;0.6;0.07;4.0;0.33;0.8550000000000001;0.88;0.1;5.0;0.28;1.0
8;0.0;0;0.8;0.126;7.0;0.79;0.475;0.8;0.067;4.0;0.32;0.655;0.75;0.085;5.0;0.24;0.6
3;1.0;1;0.3;0.015;2.0;0.09;0.51;0.2;0.023;1.0;0.11;0.0;0.62;0.0;0.0;0.0;0.0
4;1.0;1;0.8;0.015;1.0;0.09;0.0;0.2;0.0;0.0;0.0;0.0;0.0;0.0;0.0;0.0;0.0
0;1.0;1;0.7;0.0;0.0;0.0;0.05;0.4;0.0;0.0;0.0;0.0;0.0;0.0;0.0;0.0;0.0
11;1.0;1;0.0;0.0;0.0;0.0;0.0;0.0;0.0;0.0;0.0;0.0;0.0;0.0;0.0;0.0;0.0
10;1.0;0;0.8;0.14;7.0;0.88;0.485;1.0;0.005;1.0;0.02;0.65;0.62;0.06;1.0;0.17;0.6599999999999999
4;0.0;1;0.4;0.011000000000000001;2.0;0.07;0.125;0.8;0.043;3.0;0.2;0.375;0.25;0.0;0.0;0.0;0.0
18;1.0;1;0.3;0.03;2.0;0.19;0.5;0.4;0.02;1.0;0.1;0.8;1.0;0.0;0.0;0.0;0.2415
11;1.0;0;0.9;0.107;8.0;0.67;0.55;0.2;0.025;2.0;0.12;0.575;0.62;0.0;0.0;0.0;0.7
9;1.0;0;1.0;0.12;8.0;0.75;0.5;0.6;0.059000000000000004;4.0;0.28;0.475;0.88;0.09399999999999999;5.0;0.27;0.1
13;1.0;0;0.3;0.11100000000000002;7.0;0.69;0.525;0.4;0.055999999999999994;3.0;0.27;0.525;0.75;0.039;3.0;0.11;0.5
12;1.0;0;0.5;0.09300000000000001;7.0;0.58;0.45;0.0;0.052000000000000005;3.0;0.25;0.425;0.62;0.096;5.0;0.27;0.2
7;1.0;1;1.0;0.04;4.0;0.25;0.01;0.8;0.03;1.0;0.14;0.5;1.0;0.01;1.0;0.03;0.365
12;1.0;0;1.0;0.146;8.0;0.91;0.85;1.0;0.055999999999999994;3.0;0.27;0.875;1.0;0.128;6.0;0.36;0.9
11;1.0;0;0.9;0.14200000000000002;8.0;0.89;0.65;0.8;0.054000000000000006;3.0;0.26;0.65;0.75;0.096;5.0;0.27;0.625
24;1.0;1;0.9;0.06;4.0;0.38;0.075;0.8;0.0;0.0;0.0;0.3085;0.88;0.0;0.0;0.0;0.0085
12;1.0;1;0.4;0.125;8.0;0.78;0.0;0.6;0.02;1.0;0.1;0.2;0.5;0.059000000000000004;3.0;0.17;0.6
10;1.0;0;0.9;0.07;4.0;0.44;0.389;0.6;0.07;2.0;0.33;0.5;0.5;0.1367;4.0;0.39;0.95
9;1.0;0;0.9;0.133;8.0;0.83;0.505;0.8;0.059000000000000004;3.0;0.28;0.835;0.88;0.078;4.0;0.22;0.365
6;1.0;0;0.6;0.11220000000000001;8.0;0.7;0.1605;0.6;0.1;4.0;0.48;0.696;0.88;0.063;5.0;0.18;0.6495
11;1.0;0;0.8;0.14500000000000002;8.0;0.91;0.945;0.6;0.018000000000000002;1.0;0.09;0.95;0.62;0.08;4.0;0.23;0.0
15;0.0;0;0.6;0.103;7.0;0.64;0.635;0.8;0.061;4.0;0.29;0.72;0.75;0.1;5.0;0.28;0.5700000000000001
9;1.0;0;0.8;0.14900000000000002;8.0;0.93;0.0;0.4;0.057;3.0;0.27;0.72;0.62;0.1;5.0;0.28;0.44000000000000006
2;1.0;0;0.8;0.134;8.0;0.84;0.62;1.0;0.059000000000000004;3.0;0.28;0.8;0.62;0.078;5.0;0.22;0.625
9;1.0;0;0.9;0.149;8.0;0.93;0.9400000000000001;0.8;0.06;3.0;0.29;0.975;0.88;0.098;5.0;0.28;0.95
4;0.0;1;0.4;0.015;1.0;0.09;0.44000000000000006;0.6;0.0;0.0;0.0;0.585;0.0;0.0;0.0;0.0;0.0
9;1.0;0;0.9;0.1365;8.0;0.85;0.67;0.8;0.026000000000000002;3.0;0.12;0.6950000000000001;0.88;0.05;5.0;0.14;0.375
1;1.0;1;1.0;0.0475;3.0;0.3;0.135;1.0;0.055999999999999994;3.0;0.27;0.2;0.88;0.06;4.0;0.17;0.2
9;1.0;1;1.0;0.01;1.0;0.06;0.185;0.4;0.0;0.0;0.0;0.0;0.0;0.0;0.0;0.0;0.0
9;1.0;1;1.0;0.03;2.0;0.19;0.4295;0.6;0.0;0.0;0.0;0.0;0.12;0.0;0.0;0.0;0.0
17;0.0;0;0.9;0.138;8.0;0.86;0.587;0.8;0.018000000000000002;1.0;0.09;0.6054999999999999;0.75;0.067;2.0;0.19;0.7665
12;1.0;1;0.0;0.0;0.0;0.0;0.0;0.0;0.0;0.0;0.0;0.0;0.0;0.0;0.0;0.0;0.0
11;0.0;0;1.0;0.045;5.0;0.28;0.615;1.0;0.055;3.0;0.26;0.4;0.88;0.065;5.0;0.18;0.8150000000000001
13;1.0;0;1.0;0.06;3.0;0.38;0.277;1.0;0.105;2.0;0.5;0.4665;0.88;0.024900000000000002;1.0;0.07;0.9664999999999999
10;0.0;1;0.5;0.01;1.0;0.06;0.0;0.2;0.0;0.0;0.0;0.0;0.0;0.0;0.0;0.0;0.0
7;0.0;0;1.0;0.09;5.0;0.56;0.54;1.0;0.06;2.0;0.29;0.6;0.75;0.01;1.0;0.03;0.7849999999999999
0;1.0;1;0.3;0.0;0.0;0.0;0.0;0.2;0.0;0.0;0.0;0.0;0.0;0.0;0.0;0.0;0.0
11;0.0;0;1.0;0.125;7.0;0.78;0.9;1.0;0.09;4.0;0.43;0.8150000000000001;1.0;0.12;6.0;0.34;0.9
13;0.0;0;1.0;0.11;8.0;0.69;0.465;1.0;0.055;2.0;0.26;0.635;0.88;0.06;3.0;0.17;0.45
0;0.0;0;0.7;0.1;5.0;0.62;0.735;1.0;0.06;3.0;0.29;0.75;0.88;0.09;5.0;0.25;0.8835000000000001
0;1.0;0;0.6;0.1265;7.0;0.79;0.76;1.0;0.059000000000000004;3.0;0.28;0.725;0.5;0.085;5.0;0.24;0.335
6;1.0;0;0.9;0.1002;8.0;0.63;0.2085;0.8;0.07;4.0;0.33;0.5900000000000001;0.75;0.0774;5.0;0.22;0.808
10;1.0;0;0.9;0.16;8.0;1.0;0.8634999999999999;0.8;0.065;4.0;0.31;0.8775000000000001;0.75;0.1;5.0;0.28;0.783
1;0.0;1;0.7;0.1165;7.0;0.73;0.3;0.8;0.03;2.0;0.14;0.445;0.75;0.085;5.0;0.24;0.4
12;1.0;0;0.7;0.11;6.0;0.69;0.454;0.4;0.065;4.0;0.31;0.8414999999999999;0.62;0.1;5.0;0.28;0.7165
10;1.0;0;0.9;0.16;8.0;1.0;0.8664999999999999;0.8;0.065;4.0;0.31;0.9335000000000001;1.0;0.1;5.0;0.28;0.4575
13;1.0;0;0.9;0.12300000000000001;7.0;0.77;0.8800000000000001;0.8;0.06;3.0;0.29;0.875;0.88;0.1;5.0;0.28;0.97
13;1.0;1;0.5;0.105;6.0;0.66;0.0;0.2;0.0;0.0;0.0;0.0;0.0;0.0;0.0;0.0;0.0
2;0.0;0;1.0;0.16;8.0;1.0;0.4;1.0;0.1537;4.0;0.73;0.45;0.75;0.2;7.0;0.57;0.6
3;1.0;1;0.0;0.0;0.0;0.0;0.0;0.0;0.0;0.0;0.0;0.0;0.0;0.0;0.0;0.0;0.0
24;0.0;1;1.0;0.046;5.0;0.29;0.35;0.4;0.06;2.0;0.29;0.41500000000000004;0.5;0.04;2.0;0.11;0.41500000000000004
10;0.0;0;1.0;0.1575;8.0;0.98;0.5650000000000001;0.8;0.059000000000000004;3.0;0.28;0.71;0.5;0.043;3.0;0.12;0.5
17;0.0;0;0.9;0.11;7.0;0.69;0.41500000000000004;0.6;0.045;3.0;0.21;0.71;0.5;0.075;5.0;0.21;0.335
21;0.0;0;1.0;0.16;8.0;1.0;0.86;1.0;0.07;4.0;0.33;0.7105;1.0;0.12;6.0;0.34;0.833
12;1.0;0;1.0;0.105;6.0;0.66;0.865;0.8;0.105;4.0;0.5;0.76;0.62;0.07;4.0;0.2;0.835
9;1.0;0;0.9;0.153;8.0;0.96;0.805;0.8;0.052000000000000005;3.0;0.25;0.925;1.0;0.053;3.0;0.15;0.225
3;0.0;1;1.0;0.03;3.0;0.19;0.2;1.0;0.06;3.0;0.29;0.35;0.88;0.099;5.0;0.28;0.35
17;0.0;0;1.0;0.066;5.0;0.41;0.75;1.0;0.12;4.0;0.57;0.61;1.0;0.1;6.0;0.28;0.8
13;1.0;1;0.9;0.105;8.0;0.66;0.47000000000000003;0.8;0.02;3.0;0.1;0.515;0.75;0.035;5.0;0.1;0.5
11;1.0;0;0.5;0.09;5.0;0.56;0.20800000000000002;0.4;0.02;1.0;0.1;0.7415;0.75;0.1;5.0;0.28;0.6665
11;1.0;1;0.5;0.1005;6.0;0.63;0.26;0.2;0.02;3.0;0.1;0.5349999999999999;0.38;0.025;5.0;0.07;0.0
10;1.0;0;0.8;0.14;8.0;0.88;0.65;1.0;0.06;3.0;0.29;0.7;1.0;0.07;4.0;0.2;0.4995
12;1.0;0;1.0;0.15600000000000003;8.0;0.98;0.875;0.6;0.06;3.0;0.29;0.97;0.88;0.1;5.0;0.28;0.85
9;0.0;1;0.5;0.025;2.0;0.16;0.41500000000000004;0.6;0.025;2.0;0.12;0.40499999999999997;0.88;0.035;3.0;0.1;0.335
13;1.0;0;0.8;0.07;5.0;0.44;0.615;1.0;0.05;2.0;0.24;0.905;0.75;0.04;3.0;0.11;0.65
17;0.0;0;0.9;0.106;7.0;0.66;0.6599999999999999;0.8;0.05;4.0;0.24;0.465;0.75;0.085;6.0;0.24;0.6849999999999999
17;0.0;0;0.9;0.08;5.0;0.5;0.475;0.8;0.055;4.0;0.26;0.355;0.75;0.075;5.0;0.21;0.45
2;1.0;1;1.0;0.095;7.0;0.59;0.19;0.6;0.05;2.0;0.24;0.2;0.5;0.02;1.0;0.06;0.1
13;1.0;0;1.0;0.16;8.0;1.0;0.78;1.0;0.06;3.0;0.29;0.8140000000000001;0.62;0.07;4.0;0.2;0.9
24;0.0;0;1.0;0.14300000000000002;8.0;0.89;0.625;0.2;0.05600000000000001;4.0;0.27;0.5;1.0;0.095;5.0;0.27;0.675
24;1.0;1;0.3;0.0;0.0;0.0;0.24500000000000002;0.6;0.0;0.0;0.0;0.0;0.25;0.0;0.0;0.0;0.0
4;1.0;1;0.9;0.015;2.0;0.09;0.0665;0.8;0.006;1.0;0.03;0.1;0.75;0.0;0.0;0.0;0.15
17;1.0;1;0.9;0.045;3.0;0.28;0.5599999999999999;0.6;0.08;2.0;0.38;0.35;0.38;0.06;4.0;0.17;0.0
2;1.0;0;1.0;0.06;5.0;0.38;0.5599999999999999;1.0;0.056999999999999995;3.0;0.27;0.43499999999999994;0.88;0.095;5.0;0.27;0.515
14;1.0;1;0.6;0.0575;3.0;0.36;0.585;0.8;0.025;3.0;0.12;0.0;0.0;0.01;1.0;0.03;0.16499999999999998
9;1.0;0;0.6;0.083;6.0;0.52;0.512;0.2;0.048;3.0;0.23;0.829;0.75;0.0698;5.0;0.2;0.7415
11;1.0;1;0.7;0.04;3.0;0.25;0.2;0.8;0.055999999999999994;3.0;0.27;0.11000000000000001;0.5;0.052000000000000005;5.0;0.15;0.335
7;0.0;1;0.3;0.033;2.0;0.21;0.0;0.4;0.0;0.0;0.0;0.0;0.25;0.05;3.0;0.14;0.0
4;0.0;1;0.3;0.0;0.0;0.0;0.0;0.6;0.0;0.0;0.0;0.0;0.38;0.0;0.0;0.0;0.0
10;1.0;0;1.0;0.13;8.0;0.81;0.585;1.0;0.055999999999999994;3.0;0.27;0.55;0.75;0.078;4.0;0.22;0.45
12;1.0;0;1.0;0.15600000000000003;8.0;0.98;0.735;1.0;0.057;3.0;0.27;0.8150000000000001;0.88;0.13;6.0;0.37;0.635
2;1.0;0;1.0;0.11699999999999999;6.0;0.73;0.6849999999999999;1.0;0.059000000000000004;3.0;0.28;0.97;0.75;0.08;4.0;0.23;0.595
4;0.0;0;0.7;0.13;8.0;0.81;0.4525;0.8;0.08;4.0;0.38;0.5555;0.75;0.0874;6.0;0.25;0.6980000000000001
4;1.0;1;0.4;0.0;0.0;0.0;0.0;0.0;0.0;0.0;0.0;0.0;0.0;0.0;0.0;0.0;0.0
9;1.0;1;0.8;0.07;5.0;0.44;0.365;0.4;0.0;0.0;0.0;0.0;0.38;0.04;2.0;0.11;0.35
3;1.0;0;0.9;0.16;8.0;1.0;0.536;0.8;0.07;4.0;0.33;0.572;0.62;0.08;4.0;0.23;0.275
2;0.0;0;0.9;0.09359999999999999;7.0;0.58;0.8089999999999999;0.4;0.05;3.0;0.24;0.8085000000000001;0.75;0.079;5.0;0.22;0.5305
12;1.0;0;1.0;0.155;8.0;0.97;0.65;1.0;0.057999999999999996;3.0;0.28;1.0;1.0;0.13;6.0;0.37;0.865
12;1.0;1;0.7;0.04;2.0;0.25;0.375;0.6;0.015;1.0;0.07;0.625;0.5;0.0;0.0;0.0;0.0
2;1.0;0;1.0;0.15;8.0;0.94;0.4915;1.0;0.14;4.0;0.67;0.5;0.88;0.23829999999999998;7.0;0.67;0.9414999999999999
10;0.0;0;0.8;0.151;8.0;0.94;0.85;0.6;0.054000000000000006;3.0;0.26;0.72;0.75;0.073;4.0;0.21;0.45
10;1.0;1;0.7;0.14800000000000002;8.0;0.92;0.0;0.2;0.0;0.0;0.0;0.62;0.25;0.065;4.0;0.18;0.0
8;0.0;0;1.0;0.16;8.0;1.0;0.344;0.8;0.06;3.0;0.29;0.492;0.75;0.132;6.0;0.37;0.458
9;1.0;1;0.9;0.117;7.0;0.73;0.0;0.8;0.048;3.0;0.23;0.36;0.75;0.02;1.0;0.06;0.15
15;1.0;1;0.8;0.018;3.0;0.11;0.15;0.4;0.0;0.0;0.0;0.45999999999999996;0.5;0.02;1.0;0.06;0.725
17;0.0;1;1.0;0.076;6.0;0.48;0.43499999999999994;1.0;0.06;4.0;0.29;0.55;0.75;0.095;6.0;0.27;0.05
17;0.0;0;1.0;0.128;8.0;0.8;0.35;1.0;0.135;4.0;0.64;0.6;0.75;0.105;6.0;0.3;0.23500000000000001
12;0.0;1;1.0;0.04;2.0;0.25;0.6599999999999999;1.0;0.0;0.0;0.0;0.0;0.5;0.0;0.0;0.0;0.0
10;1.0;0;0.7;0.16;8.0;1.0;1.0;0.8;0.06;3.0;0.29;1.0;0.62;0.1;5.0;0.28;0.85
11;1.0;1;1.0;0.013999999999999999;2.0;0.09;0.125;0.8;0.0;0.0;0.0;0.385;1.0;0.03;3.0;0.08;0.1
1;1.0;1;0.1;0.0;0.0;0.0;0.05;0.0;0.0;0.0;0.0;0.0;0.0;0.0;0.0;0.0;0.0
11;1.0;0;0.8;0.139;8.0;0.87;0.5505;1.0;0.1;4.0;0.48;0.5820000000000001;0.75;0.105;6.0;0.3;0.475
13;1.0;0;0.8;0.16;8.0;1.0;1.0;1.0;0.06;3.0;0.29;1.0;0.75;0.1;5.0;0.28;1.0
10;0.0;0;1.0;0.14400000000000002;8.0;0.9;0.735;1.0;0.055;3.0;0.26;0.875;0.75;0.09300000000000001;5.0;0.26;0.6
2;1.0;0;0.6;0.08;7.0;0.5;0.4585;0.8;0.1;2.0;0.48;0.35;0.38;0.0967;1.0;0.27;0.4
10;1.0;1;0.8;0.147;8.0;0.92;0.18;1.0;0.04;2.0;0.19;0.545;0.75;0.0;0.0;0.0;0.45
8;1.0;0;1.0;0.14;7.0;0.88;0.22349999999999998;1.0;0.06;3.0;0.29;0.546;0.75;0.1;5.0;0.28;0.483
9;1.0;0;1.0;0.145;8.0;0.91;1.0;1.0;0.155;4.0;0.74;0.9349999999999999;0.75;0.09;5.0;0.25;0.615
9;1.0;1;0.2;0.0;0.0;0.0;0.49000000000000005;1.0;0.03;2.0;0.14;0.575;0.12;0.0;0.0;0.0;0.0
9;1.0;1;0.2;0.015;2.0;0.09;0.0;0.0;0.0;0.0;0.0;0.0;0.0;0.0;0.0;0.0;0.0
12;1.0;0;0.7;0.11;8.0;0.69;0.655;0.4;0.05;3.0;0.24;0.915;0.5;0.03;2.0;0.08;0.615
0;0.0;0;0.4;0.14;7.0;0.88;0.445;0.4;0.04;2.0;0.19;0.55;0.38;0.0;0.0;0.0;0.0
17;0.0;1;0.9;0.059000000000000004;3.0;0.37;0.135;0.6;0.005;1.0;0.02;0.3;0.38;0.045;3.0;0.13;0.43499999999999994
10;1.0;0;1.0;0.05;5.0;0.31;0.355;1.0;0.1;3.0;0.48;0.615;0.75;0.09;5.0;0.25;0.485
17;1.0;0;0.7;0.075;5.0;0.47;0.475;0.2;0.025;2.0;0.12;0.35;0.62;0.07;4.0;0.2;0.7
2;1.0;0;0.9;0.12;6.0;0.75;0.485;0.6;0.04;2.0;0.19;0.7150000000000001;0.62;0.0;0.0;0.0;0.67
17;0.0;0;0.9;0.106;7.0;0.66;0.55;0.4;0.125;4.0;0.6;0.495;0.75;0.05;4.0;0.14;0.615
10;1.0;0;0.9;0.07;4.0;0.44;0.48600000000000004;1.0;0.1;2.0;0.48;0.4665;0.88;0.1416;6.0;0.4;0.95
24;0.0;0;1.0;0.15500000000000003;8.0;0.97;0.575;1.0;0.07;4.0;0.33;0.625;1.0;0.083;5.0;0.23;0.45
13;1.0;0;1.0;0.125;7.0;0.78;0.61;1.0;0.11;4.0;0.52;0.575;0.88;0.205;6.0;0.58;0.31
15;0.0;0;1.0;0.16;8.0;1.0;0.5835;0.8;0.06;3.0;0.29;0.35;0.75;0.1;5.0;0.28;0.15
9;1.0;0;1.0;0.125;7.0;0.78;0.735;1.0;0.075;4.0;0.36;0.8300000000000001;0.62;0.06;4.0;0.17;0.835
1;0.0;0;0.9;0.16;8.0;1.0;0.458;0.8;0.06;3.0;0.29;0.7835;0.88;0.1;5.0;0.28;0.5335
24;0.0;1;0.5;0.0;0.0;0.0;0.0;0.4;0.0;0.0;0.0;0.08349999999999999;0.12;0.0;0.0;0.0;0.0
17;0.0;0;0.8;0.076;5.0;0.48;0.48;0.6;0.03;2.0;0.14;0.49000000000000005;0.88;0.075;5.0;0.21;0.4
9;1.0;0;0.6;0.14;7.0;0.88;0.74;0.0;0.04;2.0;0.19;0.0;0.0;0.0;0.0;0.0;0.34500000000000003
9;1.0;0;1.0;0.06;3.0;0.38;0.43899999999999995;1.0;0.1;2.0;0.48;0.4;1.0;0.2;6.0;0.57;0.758
9;0.0;0;1.0;0.14;7.0;0.88;0.33999999999999997;1.0;0.04;2.0;0.19;0.605;0.88;0.0;0.0;0.0;0.35
24;0.0;1;1.0;0.13799999999999998;8.0;0.86;0.15;0.8;0.059000000000000004;4.0;0.28;0.45;0.75;0.075;5.0;0.21;0.3
24;0.0;1;1.0;0.10200000000000001;7.0;0.64;0.05;0.8;0.006;1.0;0.03;0.325;0.62;0.055999999999999994;3.0;0.16;0.125
4;1.0;0;0.9;0.16;8.0;1.0;0.3;0.8;0.06;3.0;0.29;0.5335;1.0;0.1;5.0;0.28;0.4165
13;1.0;0;0.9;0.16;8.0;1.0;0.64;0.8;0.04;2.0;0.19;0.835;0.88;0.0;0.0;0.0;0.37
4;0.0;0;1.0;0.16;8.0;1.0;0.3335;1.0;0.06;3.0;0.29;0.43099999999999994;0.88;0.1;5.0;0.28;0.8414999999999999
11;1.0;0;0.4;0.14;7.0;0.88;0.34500000000000003;0.6;0.04;2.0;0.19;0.74;0.75;0.0;0.0;0.0;0.82
2;0.0;0;1.0;0.16;8.0;1.0;0.4835;0.8;0.06;3.0;0.29;0.6165;0.62;0.08;4.0;0.23;0.2
2;1.0;0;0.8;0.16;8.0;1.0;0.77;0.8;0.04;2.0;0.19;0.725;0.25;0.0;0.0;0.0;0.37
19;0.0;0;0.9;0.114;8.0;0.71;0.49000000000000005;0.6;0.035;4.0;0.17;0.43499999999999994;0.5;0.16;6.0;0.45;0.225
3;0.0;0;0.7;0.1;6.0;0.62;0.75;0.2;0.06;3.0;0.29;0.75;0.25;0.076;4.0;0.22;0.75
11;1.0;0;1.0;0.16;8.0;1.0;0.885;1.0;0.04;2.0;0.19;0.8699999999999999;0.75;0.0;0.0;0.0;0.5
8;0.0;1;0.8;0.01;1.0;0.06;0.433;0.2;0.0;0.0;0.0;0.1165;0.75;0.0;0.0;0.0;0.15
24;0.0;1;0.6;0.047;3.0;0.29;0.22000000000000003;0.8;0.06;4.0;0.29;0.25;0.75;0.05;3.0;0.14;0.25
11;0.0;0;1.0;0.16;8.0;1.0;0.605;0.6;0.04;2.0;0.19;0.96;0.88;0.0;0.0;0.0;0.5
8;0.0;0;0.9;0.16;8.0;1.0;0.525;0.8;0.06;3.0;0.29;0.45;0.88;0.1;5.0;0.28;0.3825
3;1.0;0;0.9;0.15;8.0;0.94;0.95;0.8;0.11;2.0;0.52;0.75;0.75;0.07;3.0;0.2;0.65
2;1.0;0;1.0;0.16;8.0;1.0;0.35;0.8;0.1417;4.0;0.67;0.3;0.38;0.1122;4.0;0.32;0.0
4;0.0;0;0.7;0.10360000000000001;8.0;0.65;0.20800000000000002;0.6;0.077;4.0;0.37;0.6165;0.62;0.083;5.0;0.23;0.5065000000000001
3;0.0;0;0.9;0.08;5.0;0.5;0.5;0.8;0.06;3.0;0.29;0.75;0.75;0.096;5.0;0.27;0.55
15;1.0;0;0.7;0.07;4.0;0.44;0.5525;0.8;0.05;3.0;0.24;0.8005000000000001;0.62;0.08;4.0;0.23;0.8160000000000001
10;1.0;0;1.0;0.16;8.0;1.0;0.75;1.0;0.08;3.0;0.38;0.945;0.88;0.0;0.0;0.0;1.0
15;1.0;0;1.0;0.14700000000000002;8.0;0.92;0.575;1.0;0.069;4.0;0.33;0.8150000000000001;0.75;0.1;5.0;0.28;0.61
2;1.0;0;0.9;0.07;4.0;0.44;0.4915;0.8;0.1;2.0;0.48;0.45;0.75;0.075;2.0;0.21;0.9335000000000001
3;1.0;1;0.8;0.0;0.0;0.0;0.0;0.0;0.0;0.0;0.0;0.0;0.25;0.0;0.0;0.0;0.0
12;1.0;0;0.7;0.14;7.0;0.88;0.6950000000000001;0.2;0.06;3.0;0.29;0.845;0.38;0.0;0.0;0.0;0.5665
13;1.0;0;0.9;0.16;8.0;1.0;0.865;0.8;0.06;3.0;0.29;0.975;0.75;0.0;0.0;0.0;0.4165
7;0.0;0;0.9;0.075;5.0;0.47;0.61;0.8;0.02;1.0;0.1;0.6;0.5;0.01;1.0;0.03;0.6
11;0.0;0;0.4;0.16;8.0;1.0;0.905;1.0;0.06;3.0;0.29;1.0;0.88;0.0;0.0;0.0;0.45
6;1.0;0;0.9;0.11320000000000001;7.0;0.71;0.49400000000000005;0.8;0.067;4.0;0.32;0.40599999999999997;0.75;0.079;5.0;0.22;0.783
3;1.0;0;0.8;0.09;6.0;0.56;0.35;0.6;0.13;4.0;0.62;0.75;0.62;0.1;3.0;0.28;0.35
11;1.0;0;0.2;0.15;8.0;0.94;0.209;0.6;0.06;3.0;0.29;0.6849999999999999;0.62;0.1;5.0;0.28;0.2915
1;1.0;0;0.9;0.155;8.0;0.97;0.62;0.8;0.06;3.0;0.29;0.9199999999999999;0.75;0.0;0.0;0.0;0.425
3;1.0;0;0.7;0.14;8.0;0.88;0.7;0.6;0.09;4.0;0.43;0.85;0.5;0.07200000000000001;4.0;0.2;0.325
9;1.0;1;0.7;0.14;7.0;0.88;0.458;0.8;0.04;2.0;0.19;0.2245;0.38;0.0;0.0;0.0;0.0
3;0.0;0;0.5;0.08;5.0;0.5;0.654;0.2;0.02;1.0;0.1;0.0;0.25;0.1483;5.0;0.42;0.617
3;0.0;1;0.8;0.109;8.0;0.68;0.268;0.6;0.018000000000000002;2.0;0.09;0.5335;0.75;0.04;2.0;0.11;0.3415
3;0.0;0;0.9;0.12;7.0;0.75;0.65;0.4;0.09;3.0;0.43;0.8;0.5;0.1;5.0;0.28;0.45
9;1.0;0;0.9;0.16;8.0;1.0;0.43;0.8;0.06;3.0;0.29;0.4335;0.88;0.1;5.0;0.28;0.433
3;1.0;0;0.8;0.13;8.0;0.81;0.75;0.6;0.05;2.0;0.24;0.575;0.62;0.085;5.0;0.24;0.95
12;1.0;0;0.9;0.14;7.0;0.88;0.3;0.8;0.06;3.0;0.29;0.8335000000000001;0.75;0.0;0.0;0.0;0.6599999999999999
6;0.0;1;0.1;0.0212;2.0;0.13;0.0;0.0;0.0;0.0;0.0;0.0;0.25;0.009000000000000001;1.0;0.03;0.0
24;0.0;0;1.0;0.149;8.0;0.93;0.475;1.0;0.07600000000000001;4.0;0.36;0.475;1.0;0.10400000000000001;6.0;0.29;0.3
10;0.0;0;0.9;0.1;5.0;0.62;0.6950000000000001;0.8;0.06;3.0;0.29;0.86;0.5;0.0;0.0;0.0;0.5
11;1.0;0;0.9;0.14;7.0;0.88;0.8099999999999999;0.8;0.06;3.0;0.29;1.0;0.88;0.0;0.0;0.0;1.0
24;1.0;0;1.0;0.13899999999999998;8.0;0.87;0.525;0.8;0.063;4.0;0.3;0.475;1.0;0.099;6.0;0.28;0.675
2;1.0;0;0.9;0.095;6.0;0.59;0.5;1.0;0.1475;4.0;0.7;0.5;0.88;0.2;6.0;0.57;1.0
15;1.0;0;0.7;0.06;4.0;0.38;0.6885;0.2;0.04;3.0;0.19;0.7705;0.62;0.09;5.0;0.25;0.7745
12;1.0;1;0.7;0.06;3.0;0.38;0.0;0.2;0.0;0.0;0.0;0.0;0.25;0.0;0.0;0.0;0.0
4;0.0;0;0.9;0.1333;8.0;0.83;0.477;0.4;0.08900000000000001;4.0;0.42;0.497;0.5;0.1;5.0;0.28;0.7815000000000001
3;1.0;1;0.7;0.06;4.0;0.38;0.25;0.8;0.06;3.0;0.29;0.3915;0.75;0.11;5.0;0.31;0.5665
13;1.0;0;0.7;0.14;7.0;0.88;0.505;0.2;0.02;1.0;0.1;0.8300000000000001;0.62;0.0;0.0;0.0;0.4
15;0.0;0;1.0;0.07;5.0;0.44;0.3915;0.4;0.04;2.0;0.19;0.6465;0.75;0.1258;4.0;0.36;0.433
3;0.0;0;1.0;0.1;7.0;0.62;0.6335;1.0;0.06;3.0;0.29;0.7165;0.75;0.07;4.0;0.2;0.683
9;1.0;0;0.8;0.1475;8.0;0.92;0.3265;1.0;0.06;3.0;0.29;0.4335;1.0;0.1;5.0;0.28;0.3335
12;1.0;0;1.0;0.12;6.0;0.75;0.5549999999999999;1.0;0.02;1.0;0.1;0.82;0.88;0.0;0.0;0.0;0.42000000000000004
15;1.0;1;0.2;0.0;0.0;0.0;0.0;0.0;0.0;0.0;0.0;0.0;0.0;0.0;0.0;0.0;0.0
13;1.0;1;0.0;0.0;0.0;0.0;0.0;0.2;0.0;0.0;0.0;0.0;0.0;0.0;0.0;0.0;0.0
2;1.0;0;1.0;0.16;8.0;1.0;0.6799999999999999;1.0;0.06;3.0;0.29;0.845;1.0;0.0;0.0;0.0;0.8
2;1.0;0;0.9;0.155;8.0;0.97;0.61;0.8;0.06;3.0;0.29;0.8150000000000001;0.75;0.0;0.0;0.0;0.7
13;0.0;0;0.8;0.07;4.0;0.44;0.3055;0.8;0.09;2.0;0.43;0.0;0.5;0.02;1.0;0.06;0.791
9;0.0;0;1.0;0.14;7.0;0.88;0.375;1.0;0.06;3.0;0.29;0.65;0.75;0.0;0.0;0.0;0.445
13;1.0;0;0.9;0.16;8.0;1.0;0.4615;0.6;0.06;3.0;0.29;0.35;0.62;0.1;5.0;0.28;0.483
2;1.0;0;0.9;0.14300000000000002;8.0;0.89;0.8905;0.4;0.07;4.0;0.33;0.9835;0.38;0.1;5.0;0.28;0.95
4;0.0;1;0.6;0.03;2.0;0.19;0.29500000000000004;0.2;0.05;3.0;0.24;0.5015;0.12;0.03;2.0;0.08;0.0
10;0.0;0;0.9;0.16;8.0;1.0;0.6885;0.8;0.06;3.0;0.29;0.4585;0.5;0.1;5.0;0.28;0.6495
0;1.0;0;1.0;0.16;8.0;1.0;0.44749999999999995;1.0;0.06;3.0;0.29;0.5275000000000001;0.75;0.1;5.0;0.28;0.658
4;1.0;1;0.3;0.015;1.0;0.09;0.0;0.0;0.0;0.0;0.0;0.0;0.0;0.0;0.0;0.0;0.0
11;1.0;1;0.6;0.04;2.0;0.25;0.0;0.6;0.0;0.0;0.0;0.0;0.38;0.02;1.0;0.06;0.5995
10;0.0;0;1.0;0.16;8.0;1.0;0.492;1.0;0.06;3.0;0.29;0.7335;0.75;0.1;5.0;0.28;0.533
24;0.0;1;1.0;0.098;7.0;0.61;0.325;1.0;0.01;1.0;0.05;0.305;1.0;0.04;3.0;0.11;0.335
17;1.0;0;0.9;0.141;8.0;0.88;0.805;1.0;0.18899999999999997;4.0;0.9;0.545;1.0;0.12;6.0;0.34;0.43499999999999994
17;1.0;0;1.0;0.09;6.0;0.56;0.77;0.6;0.13;4.0;0.62;0.8800000000000001;1.0;0.075;4.0;0.21;0.7849999999999999
13;1.0;1;0.5;0.06;4.0;0.38;0.40700000000000003;0.6;0.04;2.0;0.19;0.0;0.38;0.04;2.0;0.11;0.55
12;1.0;1;0.8;0.05;3.0;0.31;0.0;1.0;0.03;2.0;0.14;0.4;0.62;0.04;2.0;0.11;0.492
24;1.0;0;1.0;0.14400000000000002;8.0;0.9;0.675;0.8;0.059;4.0;0.28;0.675;0.88;0.055;3.0;0.16;0.7
9;1.0;0;0.6;0.16;8.0;1.0;0.669;0.8;0.06;3.0;0.29;0.7415;0.38;0.1;5.0;0.28;0.6665
9;1.0;0;1.0;0.15;8.0;0.94;0.43949999999999995;1.0;0.06;3.0;0.29;0.44000000000000006;0.88;0.1;5.0;0.28;0.075
10;1.0;0;1.0;0.16;8.0;1.0;0.611;1.0;0.07;4.0;0.33;0.648;0.75;0.1;5.0;0.28;0.383
14;1.0;0;0.9;0.16;8.0;1.0;0.1915;0.8;0.06;3.0;0.29;0.4335;0.62;0.1;5.0;0.28;0.3665
7;0.0;0;1.0;0.145;8.0;0.91;0.5900000000000001;0.8;0.09;2.0;0.43;0.6599999999999999;0.62;0.065;5.0;0.18;0.8150000000000001
3;1.0;1;0.8;0.0;0.0;0.0;0.43949999999999995;1.0;0.0;0.0;0.0;0.5165;1.0;0.0;0.0;0.0;0.683
9;1.0;0;0.8;0.05;3.0;0.31;0.277;0.6;0.11;2.0;0.52;0.5;0.75;0.1183;2.0;0.33;0.8915
11;0.0;0;0.3;0.12100000000000001;7.0;0.76;0.6395;0.2;0.078;4.0;0.37;0.7849999999999999;0.38;0.0848;6.0;0.24;0.7095
17;0.0;0;0.9;0.096;7.0;0.6;0.64;0.8;0.065;4.0;0.31;0.5;0.75;0.055;3.0;0.16;0.315
15;0.0;0;1.0;0.12;8.0;0.75;0.544;1.0;0.04;2.0;0.19;0.533;0.62;0.06;4.0;0.17;0.683
12;1.0;0;0.5;0.02;1.0;0.12;0.4915;0.2;0.1;2.0;0.48;0.5;0.38;0.08;1.0;0.23;0.733
7;0.0;0;0.9;0.10300000000000001;6.0;0.64;0.7;0.8;0.14;4.0;0.67;0.6;0.75;0.06;4.0;0.17;0.865
9;1.0;0;0.6;0.01;1.0;0.06;0.9335000000000001;1.0;0.04;2.0;0.19;0.9914999999999999;0.5;0.0;0.0;0.0;0.9
17;1.0;0;0.9;0.11;7.0;0.69;0.375;0.8;0.06;3.0;0.29;0.6950000000000001;0.88;0.1;6.0;0.28;0.2
2;1.0;0;0.9;0.0742;7.0;0.46;0.354;0.4;0.069;4.0;0.33;0.34950000000000003;0.75;0.09700000000000002;6.0;0.27;0.35
6;0.0;1;0.0;0.0;0.0;0.0;0.0;0.0;0.0;0.0;0.0;0.0;0.0;0.0;0.0;0.0;0.0
24;1.0;1;0.6;0.0;0.0;0.0;0.0;0.6;0.0;0.0;0.0;0.0;0.25;0.0;0.0;0.0;0.0
9;1.0;0;0.8;0.09720000000000001;7.0;0.61;0.669;1.0;0.08900000000000001;4.0;0.42;0.7474999999999999;1.0;0.11;6.0;0.31;0.783
4;1.0;1;0.0;0.0;0.0;0.0;0.0;0.0;0.0;0.0;0.0;0.0;0.62;0.0;0.0;0.0;0.0
12;0.0;0;1.0;0.07;4.0;0.44;0.4025;0.8;0.085;2.0;0.4;0.5;0.38;0.11;2.0;0.31;0.975
6;0.0;0;1.0;0.111;8.0;0.69;0.15;0.6;0.059000000000000004;3.0;0.28;0.314;0.75;0.1;5.0;0.28;0.5
11;1.0;0;0.8;0.135;8.0;0.84;0.6940000000000001;0.6;0.06;3.0;0.29;0.5349999999999999;0.38;0.1;5.0;0.28;0.475
9;1.0;0;1.0;0.149;8.0;0.93;0.7275;1.0;0.07;4.0;0.33;0.55;0.88;0.09699999999999999;5.0;0.27;0.25
2;1.0;0;1.0;0.12300000000000001;8.0;0.77;0.7775000000000001;1.0;0.07;4.0;0.33;0.7805;0.88;0.0768;5.0;0.22;0.741
13;1.0;0;1.0;0.137;8.0;0.86;0.922;0.6;0.08;4.0;0.38;0.9335000000000001;0.88;0.099;5.0;0.28;0.666
9;1.0;0;1.0;0.10980000000000001;8.0;0.69;0.5245;1.0;0.076;4.0;0.36;0.4085;0.88;0.091;5.0;0.26;0.1585
4;0.0;0;0.7;0.06;6.0;0.38;0.4205;0.2;0.02;1.0;0.1;0.608;0.75;0.161;5.0;0.46;0.6165
9;1.0;1;0.0;0.0;0.0;0.0;0.0;0.0;0.0;0.0;0.0;0.0;0.0;0.0;0.0;0.0;0.15
13;1.0;1;0.8;0.14;7.0;0.88;0.20800000000000002;0.2;0.06;3.0;0.29;0.35;0.38;0.06;3.0;0.17;0.0
2;0.0;0;1.0;0.154;8.0;0.96;0.6705;1.0;0.09;4.0;0.43;0.6599999999999999;1.0;0.11;6.0;0.31;0.9
12;1.0;1;0.5;0.047;3.0;0.29;0.0;0.8;0.008;1.0;0.04;0.335;0.62;0.04;3.0;0.11;0.0
13;1.0;0;0.5;0.09699999999999999;6.0;0.61;0.5;0.4;0.042;3.0;0.2;0.71;0.38;0.03;2.0;0.08;0.0
14;1.0;1;0.6;0.01;1.0;0.06;0.185;0.4;0.0;0.0;0.0;0.34500000000000003;0.12;0.07;5.0;0.2;0.0
2;1.0;1;0.0;0.0;0.0;0.0;0.0;0.0;0.0;0.0;0.0;0.0;0.0;0.0;0.0;0.0;0.0
12;1.0;1;0.8;0.06;3.0;0.38;0.183;0.2;0.02;1.0;0.1;0.1665;0.25;0.1;5.0;0.28;0.0
11;1.0;0;1.0;0.06;3.0;0.38;0.4915;1.0;0.096;2.0;0.46;0.4;0.75;0.11449999999999999;2.0;0.32;0.9
3;1.0;0;1.0;0.1545;8.0;0.97;0.35350000000000004;1.0;0.06;3.0;0.29;0.41950000000000004;1.0;0.1;5.0;0.28;0.4665
24;0.0;0;1.0;0.15100000000000002;8.0;0.94;0.5;1.0;0.07;4.0;0.33;0.65;1.0;0.077;4.0;0.22;0.425
12;1.0;0;0.7;0.16;8.0;1.0;0.8085000000000001;0.2;0.07;4.0;0.33;0.669;0.38;0.1;5.0;0.28;0.2665
9;0.0;0;0.9;0.157;8.0;0.98;0.7;0.8;0.057;3.0;0.27;0.7;0.75;0.1;5.0;0.28;0.8
9;1.0;0;1.0;0.16;8.0;1.0;0.8400000000000001;1.0;0.059000000000000004;3.0;0.28;1.0;1.0;0.099;5.0;0.28;0.735
9;1.0;1;0.1;0.018000000000000002;1.0;0.11;0.0;0.4;0.0;0.0;0.0;0.2;0.25;0.0;0.0;0.0;0.0
4;1.0;0;1.0;0.1012;8.0;0.63;0.46399999999999997;1.0;0.07;4.0;0.33;0.48600000000000004;0.75;0.08900000000000001;5.0;0.25;0.7665
10;1.0;1;0.8;0.115;6.0;0.72;0.5519999999999999;0.8;0.025;2.0;0.12;0.0;0.5;0.0;0.0;0.0;0.05
13;1.0;0;0.4;0.16;8.0;1.0;0.512;0.0;0.06;3.0;0.29;0.475;0.38;0.1;5.0;0.28;0.2495
4;0.0;0;0.9;0.145;8.0;0.91;0.744;0.8;0.05;3.0;0.24;0.4375;0.75;0.075;4.0;0.21;0.4165
12;1.0;1;0.7;0.02;1.0;0.12;0.273;0.4;0.0;0.0;0.0;0.3775;0.62;0.0;0.0;0.0;0.3
8;0.0;0;1.0;0.14800000000000002;8.0;0.92;0.362;1.0;0.05;3.0;0.24;0.5894999999999999;1.0;0.09699999999999999;5.0;0.27;0.3665
3;1.0;0;1.0;0.158;8.0;0.99;0.3;1.0;0.035;3.0;0.17;0.2725;1.0;0.095;5.0;0.27;0.1585
11;1.0;0;0.9;0.16;8.0;1.0;0.9099999999999999;0.8;0.055999999999999994;3.0;0.27;0.9400000000000001;0.75;0.08;5.0;0.23;0.985
10;1.0;0;0.9;0.142;8.0;0.89;0.6;0.8;0.057999999999999996;3.0;0.28;0.79;0.5;0.08;5.0;0.23;0.7150000000000001
8;0.0;0;0.9;0.1595;8.0;1.0;0.523;0.8;0.059000000000000004;3.0;0.28;0.639;0.75;0.1;5.0;0.28;0.2165
24;1.0;1;0.5;0.0;0.0;0.0;0.0125;0.4;0.0;0.0;0.0;0.14150000000000001;0.5;0.0;0.0;0.0;0.225
13;1.0;0;0.4;0.13;7.0;0.81;0.6855;0.6;0.06;3.0;0.29;0.45599999999999996;0.5;0.1;5.0;0.28;0.2245
9;1.0;1;0.6;0.015;1.0;0.09;0.19;0.8;0.0;0.0;0.0;0.0;0.0;0.0;0.0;0.0;0.185
4;1.0;0;0.9;0.09700000000000002;7.0;0.61;0.46799999999999997;0.8;0.068;4.0;0.32;0.779;0.5;0.07640000000000001;5.0;0.22;0.6495
0;1.0;1;1.0;0.10400000000000001;6.0;0.65;0.62;0.6;0.02;2.0;0.1;0.31;0.75;0.02;2.0;0.06;0.6
7;0.0;1;0.9;0.09;7.0;0.56;0.215;1.0;0.045;2.0;0.21;0.0;0.25;0.07;5.0;0.2;0.485
3;1.0;0;0.8;0.145;8.0;0.91;0.384;0.6;0.06;3.0;0.29;0.3335;1.0;0.098;5.0;0.28;0.325
11;1.0;0;0.5;0.15;8.0;0.94;0.5;0.8;0.06;3.0;0.29;0.4665;0.5;0.1;5.0;0.28;0.14950000000000002
17;0.0;0;1.0;0.136;8.0;0.85;0.375;1.0;0.15;4.0;0.71;0.465;0.88;0.1;6.0;0.28;0.0
4;0.0;0;1.0;0.149;8.0;0.93;0.5415;0.8;0.079;4.0;0.38;0.764;0.88;0.095;5.0;0.27;0.6
10;0.0;0;0.9;0.148;8.0;0.92;0.5599999999999999;0.8;0.053;3.0;0.25;0.735;0.75;0.035;2.0;0.1;0.55
13;1.0;0;0.7;0.16;8.0;1.0;0.7474999999999999;0.6;0.06;3.0;0.29;0.6515;0.5;0.1;5.0;0.28;0.45
14;0.0;0;0.9;0.127;7.0;0.79;0.45499999999999996;0.8;0.028999999999999998;3.0;0.14;0.765;0.75;0.05;4.0;0.14;0.39
17;0.0;0;0.9;0.105;7.0;0.66;0.365;1.0;0.13;4.0;0.62;0.465;0.88;0.11;6.0;0.31;0.23500000000000001
6;0.0;0;0.9;0.139;8.0;0.87;0.27999999999999997;0.8;0.08;4.0;0.38;0.6075;0.62;0.1;6.0;0.28;0.5165
4;0.0;0;1.0;0.153;8.0;0.96;0.3835;1.0;0.065;4.0;0.31;0.806;0.75;0.098;5.0;0.28;0.3165
4;0.0;1;0.9;0.132;8.0;0.82;0.025;0.8;0.045;3.0;0.21;0.20550000000000002;0.75;0.09;5.0;0.25;0.2
10;1.0;0;0.5;0.16;8.0;1.0;0.608;0.2;0.06;3.0;0.29;0.475;0.5;0.08;4.0;0.23;0.5
2;1.0;1;0.2;0.0;0.0;0.0;0.0;0.0;0.0;0.0;0.0;0.0;0.0;0.0;0.0;0.0;0.0
9;1.0;0;0.9;0.16;8.0;1.0;0.46349999999999997;1.0;0.06;3.0;0.29;0.43899999999999995;0.88;0.1;5.0;0.28;0.7165
14;1.0;1;0.3;0.0;0.0;0.0;0.0;0.2;0.0;0.0;0.0;0.0;0.25;0.0;0.0;0.0;0.0
9;1.0;1;0.0;0.0;0.0;0.0;0.0;0.0;0.0;0.0;0.0;0.0;0.0;0.0;0.0;0.0;0.0
4;0.0;1;0.8;0.135;8.0;0.84;0.0;0.4;0.0;0.0;0.0;0.7;0.0;0.0;0.0;0.0;0.0
10;1.0;0;0.5;0.09;5.0;0.56;0.38;0.8;0.027999999999999997;3.0;0.13;0.6900000000000001;0.5;0.02;3.0;0.06;0.5900000000000001
7;0.0;1;0.6;0.015;1.0;0.09;0.41500000000000004;0.4;0.045;2.0;0.21;0.575;0.5;0.0;0.0;0.0;0.135
0;1.0;0;0.4;0.16;8.0;1.0;0.3665;0.2;0.06;3.0;0.29;0.40549999999999997;0.0;0.1;5.0;0.28;0.5
6;0.0;0;1.0;0.11199999999999999;7.0;0.7;0.4615;1.0;0.069;4.0;0.33;0.6975;1.0;0.094;5.0;0.27;0.633
24;1.0;1;0.8;0.02;1.0;0.12;0.135;0.2;0.0;0.0;0.0;0.0;0.0;0.0;0.0;0.0;0.0
9;1.0;0;0.8;0.13;8.0;0.81;0.425;1.0;0.059000000000000004;4.0;0.28;0.575;0.75;0.099;6.0;0.28;0.8
17;1.0;1;0.7;0.045;4.0;0.28;0.28500000000000003;1.0;0.0;0.0;0.0;0.385;0.88;0.025;1.0;0.07;0.3
9;1.0;0;1.0;0.16;8.0;1.0;0.858;1.0;0.06;3.0;0.29;0.7775000000000001;1.0;0.1;5.0;0.28;0.783
15;0.0;0;1.0;0.1515;8.0;0.95;0.3625;0.8;0.06;3.0;0.29;0.466;0.62;0.1;5.0;0.28;0.35
24;1.0;0;1.0;0.14400000000000002;8.0;0.9;0.45;1.0;0.06199999999999999;4.0;0.3;0.675;1.0;0.04;3.0;0.11;0.5
3;1.0;1;0.1;0.085;6.0;0.53;0.15;0.4;0.057999999999999996;3.0;0.28;0.0;0.25;0.057999999999999996;3.0;0.16;0.45
4;1.0;1;0.0;0.0;0.0;0.0;0.135;0.2;0.0;0.0;0.0;0.0665;0.62;0.0;0.0;0.0;0.05
11;0.0;0;0.7;0.115;7.0;0.72;0.5349999999999999;0.8;0.045;2.0;0.21;0.525;0.5;0.075;5.0;0.21;0.325
9;0.0;0;0.6;0.135;8.0;0.84;0.77;1.0;0.095;4.0;0.45;0.775;0.75;0.075;5.0;0.21;0.5349999999999999
8;1.0;0;1.0;0.1595;8.0;1.0;0.819;1.0;0.057999999999999996;3.0;0.28;0.706;0.88;0.098;5.0;0.28;0.5
9;1.0;0;0.8;0.135;7.0;0.84;0.4665;0.8;0.06;3.0;0.29;0.725;0.62;0.1;5.0;0.28;0.5415
7;0.0;0;0.9;0.138;8.0;0.86;0.6900000000000001;0.8;0.065;2.0;0.31;0.585;0.88;0.05;3.0;0.14;0.7849999999999999
9;1.0;0;1.0;0.11;6.0;0.69;0.43200000000000005;1.0;0.06;3.0;0.29;0.47750000000000004;0.75;0.1;5.0;0.28;0.613
14;1.0;0;1.0;0.09;5.0;0.56;0.372;1.0;0.12;4.0;0.57;0.5;1.0;0.1493;5.0;0.42;0.466
14;0.0;0;1.0;0.105;7.0;0.66;0.41;1.0;0.08;4.0;0.38;0.6;0.88;0.065;4.0;0.18;0.25
9;0.0;0;0.9;0.155;8.0;0.97;0.865;1.0;0.105;4.0;0.5;0.755;0.75;0.1;5.0;0.28;0.85
3;1.0;1;0.0;0.0;0.0;0.0;0.0;0.4;0.04;2.0;0.19;0.55;0.38;0.037000000000000005;2.0;0.1;0.425
9;1.0;0;1.0;0.135;7.0;0.84;0.805;1.0;0.07;4.0;0.33;0.915;0.62;0.06;4.0;0.17;0.615
12;1.0;0;1.0;0.14;7.0;0.88;0.93;1.0;0.17;4.0;0.81;0.95;0.88;0.07;4.0;0.2;0.615
9;1.0;0;0.8;0.09;6.0;0.56;0.333;1.0;0.12;4.0;0.57;0.2665;1.0;0.06390000000000001;4.0;0.18;0.44400000000000006
9;1.0;0;0.9;0.159;8.0;0.99;0.5605;0.8;0.06;3.0;0.29;0.733;0.75;0.1;5.0;0.28;0.3995
17;0.0;0;1.0;0.109;7.0;0.68;0.3085;1.0;0.037000000000000005;3.0;0.18;0.818;0.75;0.045;3.0;0.13;0.6915
9;1.0;0;1.0;0.07;4.0;0.44;0.5;1.0;0.12;4.0;0.57;0.5;1.0;0.2;6.0;0.57;0.9
14;1.0;1;0.8;0.035;2.0;0.22;0.44000000000000006;0.8;0.01;1.0;0.05;0.61;0.75;0.075;5.0;0.21;0.335
9;1.0;0;1.0;0.06;3.0;0.38;0.46399999999999997;1.0;0.1;2.0;0.48;0.5;1.0;0.1096;2.0;0.31;0.9664999999999999
2;0.0;0;0.9;0.12;6.0;0.75;0.836;0.8;0.06;3.0;0.29;0.808;0.75;0.1;5.0;0.28;0.8164999999999999
14;0.0;0;1.0;0.16;8.0;1.0;0.8939999999999999;1.0;0.06;3.0;0.29;0.915;0.88;0.1;5.0;0.28;0.883
12;0.0;0;0.9;0.14;7.0;0.88;0.6815;0.4;0.065;4.0;0.31;0.6565000000000001;0.75;0.1;5.0;0.28;0.7495
24;1.0;0;1.0;0.138;8.0;0.86;0.45999999999999996;1.0;0.085;1.0;0.4;0.5650000000000001;1.0;0.08;4.0;0.23;0.485
4;0.0;1;1.0;0.12349999999999998;8.0;0.77;0.3715;1.0;0.037000000000000005;3.0;0.18;0.2995;0.88;0.054000000000000006;3.0;0.15;0.23349999999999999
7;0.0;0;0.9;0.06;4.0;0.38;0.4;0.6;0.06;3.0;0.29;0.675;0.38;0.01;1.0;0.03;0.7849999999999999
9;1.0;0;0.7;0.06;3.0;0.38;0.5;0.8;0.11;2.0;0.52;0.5;0.75;0.1183;2.0;0.33;0.95
17;0.0;0;0.9;0.045;3.0;0.28;0.64;0.8;0.03;3.0;0.14;0.135;0.75;0.06;4.0;0.17;0.6599999999999999
3;0.0;1;0.9;0.13849999999999998;8.0;0.87;0.0335;0.8;0.046;3.0;0.22;0.5660000000000001;0.75;0.047;3.0;0.13;0.1
13;1.0;0;1.0;0.16;8.0;1.0;0.799;1.0;0.06;3.0;0.29;0.6875;1.0;0.1;5.0;0.28;0.5995
1;1.0;0;0.7;0.02;1.0;0.12;0.363;0.8;0.0975;2.0;0.46;0.5;0.62;0.09449999999999999;1.0;0.27;0.85
11;0.0;0;0.8;0.114;6.0;0.71;0.77;0.8;0.057999999999999996;3.0;0.28;0.865;0.5;0.02;1.0;0.06;0.515
17;1.0;0;0.8;0.102;6.0;0.64;0.516;0.8;0.057999999999999996;3.0;0.28;0.716;0.38;0.0;0.0;0.0;0.7
11;0.0;0;1.0;0.12;6.0;0.75;0.7855000000000001;0.6;0.02;1.0;0.1;0.9189999999999999;1.0;0.1;5.0;0.28;0.95
11;1.0;1;0.0;0.0;0.0;0.0;0.0;0.0;0.0;0.0;0.0;0.0;0.0;0.0;0.0;0.0;0.0
9;1.0;1;0.7;0.083;5.0;0.52;0.195;0.8;0.027999999999999997;3.0;0.13;0.15;0.62;0.065;4.0;0.18;0.0
10;1.0;1;0.0;0.0;0.0;0.0;0.0;0.0;0.0;0.0;0.0;0.0;0.0;0.0;0.0;0.0;0.0
2;1.0;0;0.7;0.125;7.0;0.78;0.7150000000000001;0.4;0.026000000000000002;3.0;0.12;0.725;0.5;0.03;3.0;0.08;0.51
2;1.0;0;1.0;0.1;6.0;0.62;0.58;1.0;0.026000000000000002;3.0;0.12;0.74;0.62;0.07;4.0;0.2;0.0
17;0.0;0;0.9;0.107;8.0;0.67;0.6325000000000001;0.8;0.055;3.0;0.26;0.6525000000000001;0.75;0.09;5.0;0.25;0.8
7;0.0;0;1.0;0.11800000000000001;7.0;0.74;0.635;1.0;0.125;4.0;0.6;0.6;1.0;0.095;6.0;0.27;0.95
10;1.0;0;0.9;0.1525;8.0;0.95;0.6799999999999999;0.2;0.01;1.0;0.05;0.6849999999999999;0.62;0.01;1.0;0.03;0.465
9;1.0;0;0.8;0.15;8.0;0.94;0.8164999999999999;1.0;0.06;3.0;0.29;0.8525;0.88;0.1;5.0;0.28;1.0
11;1.0;0;0.9;0.08;4.0;0.5;0.55;0.4;0.0;0.0;0.0;0.666;0.75;0.1;5.0;0.28;0.7085
21;1.0;1;0.5;0.01;1.0;0.06;0.225;0.8;0.04;3.0;0.19;0.29;0.88;0.075;5.0;0.21;0.465
4;0.0;0;1.0;0.1475;8.0;0.92;0.5655;1.0;0.057999999999999996;3.0;0.28;0.6715;0.75;0.1;5.0;0.28;0.4165
11;1.0;0;0.5;0.06;3.0;0.38;0.7655000000000001;0.4;0.02;1.0;0.1;0.8265;0.5;0.05;3.0;0.14;0.873
4;1.0;0;1.0;0.155;8.0;0.97;0.1335;1.0;0.053;3.0;0.25;0.339;1.0;0.095;5.0;0.27;0.175
2;1.0;0;1.0;0.13;7.0;0.81;0.735;1.0;0.059000000000000004;3.0;0.28;0.7;1.0;0.09300000000000001;5.0;0.26;0.385
4;0.0;1;0.5;0.01;1.0;0.06;0.3915;0.6;0.0;0.0;0.0;0.2665;0.62;0.0;0.0;0.0;0.3
10;1.0;1;0.2;0.0;0.0;0.0;0.0;0.0;0.0;0.0;0.0;0.0;0.0;0.0;0.0;0.0;0.0
11;1.0;1;0.9;0.0;0.0;0.0;0.0625;0.8;0.0;0.0;0.0;0.0665;0.38;0.0;0.0;0.0;0.0
9;1.0;0;0.7;0.13;7.0;0.81;0.754;0.8;0.06;3.0;0.29;0.7585;0.75;0.1;5.0;0.28;0.628
2;1.0;1;0.3;0.02;1.0;0.12;0.425;0.6;0.04;2.0;0.19;0.244;0.25;0.02;1.0;0.06;0.43
10;1.0;0;1.0;0.1375;8.0;0.86;0.5915;0.8;0.06;3.0;0.29;0.564;0.88;0.08;4.0;0.23;0.3085
24;1.0;0;1.0;0.13399999999999998;8.0;0.84;0.35;1.0;0.059000000000000004;4.0;0.28;0.325;1.0;0.10099999999999999;6.0;0.29;0.2
2;1.0;1;0.1;0.0;0.0;0.0;0.35;0.4;0.0;0.0;0.0;0.0;0.0;0.0;0.0;0.0;0.0
2;1.0;0;0.8;0.16;8.0;1.0;0.333;1.0;0.05;3.0;0.24;0.42000000000000004;1.0;0.1;5.0;0.28;0.65
10;1.0;0;1.0;0.16;8.0;1.0;0.844;1.0;0.0983;4.0;0.47;0.9644999999999999;1.0;0.1;5.0;0.28;1.0
17;0.0;0;0.9;0.133;8.0;0.83;0.3665;0.8;0.057999999999999996;3.0;0.28;0.6335;0.75;0.11800000000000001;6.0;0.33;0.633
4;0.0;0;0.9;0.137;8.0;0.86;0.3415;0.8;0.049;3.0;0.23;0.6165;0.75;0.078;5.0;0.22;0.3
3;1.0;0;0.8;0.08;5.0;0.5;0.65;0.2;0.13;4.0;0.62;0.85;0.25;0.1;2.0;0.28;0.0
0;1.0;1;0.4;0.0;0.0;0.0;0.0;0.0;0.0;0.0;0.0;0.0;0.0;0.0;0.0;0.0;0.0
9;0.0;0;1.0;0.135;7.0;0.84;0.14750000000000002;0.8;0.06;3.0;0.29;0.729;0.75;0.06;3.0;0.17;0.733
9;1.0;1;0.2;0.0;0.0;0.0;0.0;0.0;0.0;0.0;0.0;0.0;0.0;0.0;0.0;0.0;0.0
17;0.0;1;0.9;0.068;5.0;0.42;0.375;1.0;0.019;1.0;0.09;0.65;0.75;0.0764;3.0;0.22;0.47450000000000003
13;1.0;0;0.9;0.14;7.0;0.88;0.6765;0.6;0.065;4.0;0.31;0.6665;0.62;0.1;5.0;0.28;1.0
17;0.0;1;0.9;0.052000000000000005;5.0;0.32;0.05;1.0;0.019;1.0;0.09;0.5335;0.75;0.0;0.0;0.0;0.45
9;1.0;0;0.7;0.02;1.0;0.12;0.6405000000000001;0.8;0.0;0.0;0.0;0.5;0.75;0.05;3.0;0.14;0.7150000000000001
13;0.0;0;0.7;0.138;7.0;0.86;0.5515;0.8;0.065;4.0;0.31;0.806;0.75;0.1;5.0;0.28;0.6665
4;1.0;1;0.7;0.0;0.0;0.0;0.0;0.8;0.0;0.0;0.0;0.125;0.38;0.0;0.0;0.0;0.14950000000000002
12;1.0;1;0.6;0.0;0.0;0.0;0.0;0.2;0.0;0.0;0.0;0.446;0.75;0.06;3.0;0.17;0.458
10;1.0;0;0.8;0.02;1.0;0.12;0.42300000000000004;1.0;0.04;2.0;0.19;0.7;0.5;0.1;5.0;0.28;0.5
10;0.0;0;0.8;0.06;3.0;0.38;0.7245;0.4;0.02;1.0;0.1;0.9164999999999999;0.75;0.09;5.0;0.25;1.0
10;1.0;0;1.0;0.15600000000000003;8.0;0.98;0.5965;1.0;0.054000000000000006;3.0;0.26;0.422;0.88;0.095;5.0;0.27;0.592
4;1.0;1;0.5;0.0;0.0;0.0;0.1;0.4;0.0;0.0;0.0;0.0;0.25;0.0;0.0;0.0;0.0
17;0.0;0;0.9;0.10300000000000001;6.0;0.64;0.819;1.0;0.064;4.0;0.3;0.645;0.75;0.069;4.0;0.2;0.8915
2;1.0;0;1.0;0.067;4.0;0.42;0.604;1.0;0.03;2.0;0.14;0.7769999999999999;0.62;0.1;5.0;0.28;0.7335
0;0.0;0;1.0;0.16;8.0;1.0;0.9;1.0;0.06;3.0;0.29;0.8414999999999999;1.0;0.1;5.0;0.28;0.9199999999999999
9;1.0;1;0.9;0.0;0.0;0.0;0.014000000000000002;0.6;0.0;0.0;0.0;0.0;0.75;0.01;1.0;0.03;0.05
15;1.0;0;1.0;0.153;8.0;0.96;0.6025;1.0;0.055;3.0;0.26;0.5415;1.0;0.1;5.0;0.28;0.7335
10;1.0;0;0.7;0.12;6.0;0.75;0.8615;0.8;0.06;3.0;0.29;0.95;0.75;0.1;5.0;0.28;0.958
2;1.0;0;0.9;0.16;8.0;1.0;0.75;0.8;0.06;3.0;0.29;0.7965;0.75;0.1;5.0;0.28;0.95
9;1.0;0;1.0;0.16;8.0;1.0;0.4965;1.0;0.06;3.0;0.29;0.639;0.62;0.1;5.0;0.28;0.7415
14;1.0;1;1.0;0.0;0.0;0.0;0.1125;1.0;0.0;0.0;0.0;0.075;0.88;0.0;0.0;0.0;0.1665
11;1.0;1;1.0;0.11;6.0;0.69;0.15;1.0;0.03;2.0;0.14;0.1665;0.62;0.0;0.0;0.0;0.333
11;1.0;1;0.9;0.095;6.0;0.59;0.175;0.2;0.06;3.0;0.29;0.25;0.62;0.1;5.0;0.28;0.05
0;0.0;1;0.4;0.13;7.0;0.81;0.658;0.6;0.06;3.0;0.29;0.339;0.5;0.04;2.0;0.11;0.0
18;0.0;1;0.9;0.04;3.0;0.25;0.55;0.8;0.0;0.0;0.0;0.884;0.38;0.0767;1.0;0.22;0.3665
11;1.0;0;1.0;0.14;7.0;0.88;0.634;1.0;0.065;4.0;0.31;0.5915;1.0;0.1;5.0;0.28;0.8915
9;1.0;0;0.7;0.12;6.0;0.75;0.52;0.4;0.06;3.0;0.29;0.6425;0.75;0.1;5.0;0.28;0.2965
9;1.0;0;0.6;0.14;7.0;0.88;0.41050000000000003;1.0;0.06;3.0;0.29;0.3225;0.88;0.1;5.0;0.28;0.6
24;1.0;1;0.5;0.005;1.0;0.03;0.0;0.2;0.0;0.0;0.0;0.0;0.38;0.0;0.0;0.0;0.0
10;1.0;1;0.3;0.0;0.0;0.0;0.0;0.2;0.0;0.0;0.0;0.0;0.0;0.0;0.0;0.0;0.0
17;1.0;0;0.7;0.155;8.0;0.97;0.46900000000000003;0.4;0.047;3.0;0.22;0.601;0.5;0.047;3.0;0.13;0.4
12;0.0;1;0.5;0.14;7.0;0.88;0.4165;0.2;0.02;1.0;0.1;0.5495;0.25;0.1;5.0;0.28;0.0
11;1.0;0;1.0;0.14;7.0;0.88;0.47450000000000003;0.8;0.06;3.0;0.29;0.5785;1.0;0.1;5.0;0.28;0.6665
12;1.0;0;0.6;0.125;7.0;0.78;0.29100000000000004;0.2;0.06;3.0;0.29;0.5660000000000001;0.12;0.1001;6.0;0.28;0.6665
2;0.0;0;0.9;0.16;8.0;1.0;0.7315;0.8;0.12;4.0;0.57;0.65;0.75;0.1;5.0;0.28;0.508
9;0.0;0;1.0;0.14;8.0;0.88;0.6295;1.0;0.06;3.0;0.29;0.7224999999999999;0.88;0.1;5.0;0.28;0.9164999999999999
17;0.0;0;1.0;0.14400000000000002;8.0;0.9;0.483;0.8;0.044000000000000004;3.0;0.21;0.8154999999999999;0.75;0.095;5.0;0.27;0.7495
9;1.0;1;0.8;0.04;2.0;0.25;0.1335;0.4;0.0;0.0;0.0;0.1;0.5;0.0;0.0;0.0;0.25
9;0.0;0;0.9;0.12;6.0;0.75;0.7535000000000001;0.2;0.06;3.0;0.29;0.52;0.5;0.04;2.0;0.11;0.1
11;1.0;0;0.9;0.1575;8.0;0.98;0.61;0.8;0.052000000000000005;3.0;0.25;0.771;0.75;0.098;5.0;0.28;0.4165
19;0.0;1;1.0;0.06899999999999999;6.0;0.43;0.46349999999999997;0.8;0.0;0.0;0.0;0.729;0.62;0.01;1.0;0.03;0.583
17;1.0;1;0.5;0.032;2.0;0.2;0.0;0.4;0.0;0.0;0.0;0.0;0.12;0.0;0.0;0.0;0.0
9;1.0;1;0.5;0.135;7.0;0.84;0.307;0.6;0.06;3.0;0.29;0.775;0.25;0.06;3.0;0.17;0.0
11;1.0;1;0.8;0.035;3.0;0.22;0.05;0.2;0.02;1.0;0.1;0.0;0.38;0.02;1.0;0.06;0.15
9;0.0;0;1.0;0.16;8.0;1.0;0.657;1.0;0.06;3.0;0.29;0.7495;1.0;0.1;5.0;0.28;0.733
3;1.0;0;1.0;0.126;8.0;0.79;0.6205;1.0;0.047;3.0;0.22;0.3055;0.75;0.09;5.0;0.25;0.0
2;1.0;0;0.9;0.12;6.0;0.75;0.7015;0.8;0.06;3.0;0.29;0.833;0.88;0.09;5.0;0.25;0.875
2;0.0;0;1.0;0.16;8.0;1.0;0.5505;1.0;0.06;3.0;0.29;0.8065;0.88;0.1;5.0;0.28;0.9164999999999999
2;1.0;0;1.0;0.14;7.0;0.88;0.6900000000000001;1.0;0.06;3.0;0.29;0.8285;0.88;0.1;5.0;0.28;0.8335000000000001
1;1.0;0;1.0;0.16;8.0;1.0;0.8;1.0;0.06;3.0;0.29;0.792;1.0;0.1;5.0;0.28;0.8664999999999999
9;1.0;0;1.0;0.1;5.0;0.62;0.2835;0.8;0.06;3.0;0.29;0.8;0.88;0.08;4.0;0.23;0.5665
9;0.0;0;0.7;0.12;6.0;0.75;0.8;0.8;0.06;3.0;0.29;0.75;1.0;0.1;5.0;0.28;0.6165
11;1.0;1;0.4;0.08;4.0;0.5;0.0;0.2;0.0;0.0;0.0;0.6415;0.12;0.02;1.0;0.06;0.0
12;1.0;0;1.0;0.16;8.0;1.0;0.7245;1.0;0.06;3.0;0.29;0.7304999999999999;1.0;0.1;5.0;0.28;0.7505
11;1.0;0;0.8;0.16;8.0;1.0;0.666;1.0;0.06;3.0;0.29;0.6975;0.88;0.1;5.0;0.28;0.9164999999999999
24;0.0;0;0.6;0.127;7.0;0.79;0.475;0.2;0.059000000000000004;4.0;0.28;0.475;0.75;0.098;6.0;0.28;0.625
2;1.0;0;0.7;0.14;7.0;0.88;0.8685;0.8;0.04;2.0;0.19;0.9835;0.38;0.1;5.0;0.28;0.9835
4;1.0;0;0.9;0.10220000000000001;8.0;0.64;0.8215;0.8;0.049;3.0;0.23;0.741;0.62;0.083;5.0;0.23;0.7495
24;0.0;0;1.0;0.136;8.0;0.85;0.575;0.8;0.055999999999999994;3.0;0.27;0.725;1.0;0.1;6.0;0.28;0.4
13;1.0;0;0.8;0.14200000000000002;8.0;0.89;0.6125;0.2;0.027999999999999997;3.0;0.13;0.7150000000000001;0.5;0.02;4.0;0.06;0.585
9;0.0;0;0.9;0.16;8.0;1.0;1.0;0.8;0.06;3.0;0.29;1.0;0.75;0.1;5.0;0.28;1.0
9;0.0;0;0.7;0.07;5.0;0.44;0.425;0.8;0.035;2.0;0.17;0.43;1.0;0.075;4.0;0.21;0.485
10;0.0;0;1.0;0.16;8.0;1.0;0.6585;1.0;0.06;3.0;0.29;0.908;0.75;0.08;4.0;0.23;0.833
8;1.0;0;1.0;0.087;5.0;0.54;0.7975;1.0;0.009000000000000001;1.0;0.04;0.354;0.75;0.18400000000000002;6.0;0.52;0.0
9;1.0;0;0.7;0.016;2.0;0.1;0.0;0.8;0.04;2.0;0.19;0.775;0.75;0.085;5.0;0.24;0.665
8;0.0;1;0.9;0.10400000000000001;7.0;0.65;0.3245;0.6;0.047;3.0;0.22;0.258;0.62;0.071;4.0;0.2;0.3085
4;0.0;0;0.9;0.1036;8.0;0.65;0.1665;0.8;0.07339999999999999;4.0;0.35;0.489;0.75;0.1024;6.0;0.29;0.7
1;1.0;0;0.9;0.124;8.0;0.78;0.5599999999999999;0.8;0.038;3.0;0.18;0.835;0.5;0.055;4.0;0.16;0.75
9;1.0;0;0.8;0.16;8.0;1.0;0.4495;0.6;0.065;4.0;0.31;0.5665;0.88;0.1;5.0;0.28;0.5835
14;0.0;0;0.9;0.133;8.0;0.83;0.8;0.8;0.059000000000000004;3.0;0.28;0.835;0.88;0.08800000000000001;5.0;0.25;0.465
17;1.0;0;1.0;0.157;8.0;0.98;0.4;0.8;0.075;4.0;0.36;0.828;0.75;0.11900000000000001;6.0;0.34;0.466
10;1.0;0;0.9;0.136;7.0;0.85;0.75;0.8;0.057999999999999996;3.0;0.28;0.885;0.75;0.1;5.0;0.28;0.9
9;1.0;0;1.0;0.14800000000000002;8.0;0.92;0.55;1.0;0.055;3.0;0.26;0.8;1.0;0.065;5.0;0.18;0.625
13;1.0;0;0.9;0.14800000000000002;8.0;0.92;0.575;1.0;0.057999999999999996;3.0;0.28;0.735;1.0;0.07;5.0;0.2;0.635
0;1.0;0;0.9;0.11800000000000001;8.0;0.74;0.54;1.0;0.015;1.0;0.07;0.77;0.5;0.057;4.0;0.16;0.64
13;1.0;0;1.0;0.125;8.0;0.78;0.54;1.0;0.06;3.0;0.29;0.525;0.88;0.086;5.0;0.24;0.8150000000000001
6;1.0;0;0.9;0.12219999999999999;8.0;0.76;0.344;0.8;0.099;4.0;0.47;0.611;0.75;0.095;5.0;0.27;0.683
2;1.0;0;1.0;0.1575;8.0;0.98;0.875;1.0;0.065;4.0;0.31;0.925;1.0;0.1;5.0;0.28;1.0
2;1.0;0;0.8;0.083;7.0;0.52;0.32;0.4;0.017;2.0;0.08;0.605;0.75;0.04;5.0;0.11;0.505
8;0.0;1;0.9;0.132;8.0;0.82;0.323;1.0;0.055;3.0;0.26;0.1995;0.75;0.073;4.0;0.21;0.23349999999999999
11;1.0;0;0.9;0.155;8.0;0.97;0.625;0.2;0.06;3.0;0.29;0.8300000000000001;0.25;0.018000000000000002;1.0;0.05;0.735
9;1.0;1;0.0;0.0;0.0;0.0;0.0;0.0;0.0;0.0;0.0;0.675;0.38;0.005;1.0;0.01;0.0
2;1.0;0;0.9;0.07;4.0;0.44;0.252;0.6;0.1;2.0;0.48;0.5;0.62;0.0721;1.0;0.2;0.6495
12;1.0;0;0.9;0.131;8.0;0.82;0.585;0.2;0.05;3.0;0.24;0.885;0.62;0.025;5.0;0.07;0.5650000000000001
0;1.0;0;0.9;0.129;7.0;0.81;0.7849999999999999;0.8;0.06;3.0;0.29;0.725;0.75;0.073;4.0;0.21;0.485
15;1.0;1;0.9;0.114;6.0;0.71;0.05;0.8;0.01;2.0;0.05;0.371;0.62;0.035;4.0;0.1;0.1835
4;0.0;1;0.7;0.08220000000000001;7.0;0.51;0.40800000000000003;0.8;0.05;3.0;0.24;0.583;0.5;0.075;4.0;0.21;0.2165
17;0.0;0;1.0;0.132;8.0;0.82;0.679;1.0;0.056999999999999995;3.0;0.27;0.7165;1.0;0.07400000000000001;4.0;0.21;0.617
11;1.0;0;0.9;0.145;8.0;0.91;0.4;0.8;0.059000000000000004;3.0;0.28;0.615;0.75;0.096;5.0;0.27;0.28500000000000003
7;0.0;0;1.0;0.14;7.0;0.88;0.75;1.0;0.16;3.0;0.76;0.93;1.0;0.1;5.0;0.28;0.5900000000000001
3;1.0;1;0.0;0.0;0.0;0.0;0.0;0.0;0.0;0.0;0.0;0.0;0.12;0.0;0.0;0.0;0.0
2;1.0;1;0.6;0.05399999999999999;4.0;0.34;0.0;0.8;0.022000000000000002;3.0;0.1;0.22999999999999998;0.5;0.035;3.0;0.1;0.65
9;0.0;0;0.7;0.106;7.0;0.66;0.7150000000000001;0.4;0.059000000000000004;3.0;0.28;0.6599999999999999;0.5;0.094;5.0;0.27;0.585
9;1.0;1;0.7;0.13699999999999998;8.0;0.86;0.335;0.8;0.02;3.0;0.1;0.24;0.75;0.069;5.0;0.2;0.5650000000000001
0;1.0;1;0.3;0.0;0.0;0.0;0.0;0.2;0.0;0.0;0.0;0.15;0.12;0.0;0.0;0.0;0.0
9;1.0;1;0.1;0.0;0.0;0.0;0.0;0.0;0.0;0.0;0.0;0.0;0.25;0.0;0.0;0.0;0.0
9;1.0;0;1.0;0.1265;8.0;0.79;0.615;0.8;0.045;3.0;0.21;0.79;0.88;0.07400000000000001;4.0;0.21;0.635
0;1.0;0;0.9;0.121;7.0;0.76;0.43499999999999994;0.4;0.037000000000000005;3.0;0.18;0.4;0.88;0.09;5.0;0.25;0.5
14;1.0;0;0.9;0.063;4.0;0.39;0.31;0.8;0.02;3.0;0.1;0.7;0.75;0.055;4.0;0.16;0.45
2;1.0;0;1.0;0.149;8.0;0.93;0.765;0.8;0.06;3.0;0.29;0.9;0.62;0.1;5.0;0.28;0.8099999999999999
3;0.0;0;0.9;0.135;8.0;0.84;0.14150000000000001;1.0;0.04;2.0;0.19;0.7;0.75;0.09;5.0;0.25;0.4
3;1.0;0;0.9;0.12;7.0;0.75;0.6;0.8;0.06;3.0;0.29;0.65;0.5;0.08;5.0;0.23;0.45
9;1.0;0;0.5;0.11;7.0;0.69;0.4;1.0;0.05;3.0;0.24;0.835;0.75;0.025;5.0;0.07;0.365
9;1.0;0;1.0;0.14;7.0;0.88;0.6719999999999999;0.4;0.06;3.0;0.29;0.8335000000000001;0.5;0.06;3.0;0.17;0.733
15;1.0;1;1.0;0.078;4.0;0.49;0.25;1.0;0.069;4.0;0.33;0.0;1.0;0.099;6.0;0.28;0.325
2;1.0;0;1.0;0.07;4.0;0.44;0.4915;1.0;0.1075;2.0;0.51;0.5;1.0;0.1;1.0;0.28;0.825
9;0.0;0;0.9;0.16;8.0;1.0;0.49050000000000005;1.0;0.06;3.0;0.29;0.4665;0.88;0.1;5.0;0.28;0.75
8;0.0;0;0.7;0.16;8.0;1.0;0.398;0.4;0.06;3.0;0.29;0.5995;0.88;0.14;6.0;0.4;0.5835
4;0.0;1;0.5;0.027999999999999997;2.0;0.18;0.5285;0.2;0.0;0.0;0.0;0.3335;0.0;0.075;4.0;0.21;0.5
